x,y,y = 5x^2 + 2x + 20
-10.0,500.0
-9.99,499.0205
-9.98,498.0420000000001
-9.97,497.06450000000007
-9.96,496.0880000000001
-9.950000000000001,495.1125000000001
-9.940000000000001,494.1380000000001
-9.930000000000001,493.1645000000001
-9.920000000000002,492.1920000000001
-9.910000000000002,491.22050000000024
-9.900000000000002,490.2500000000002
-9.890000000000002,489.2805000000002
-9.880000000000003,488.31200000000024
-9.870000000000003,487.34450000000027
-9.860000000000003,486.3780000000002
-9.850000000000003,485.4125000000003
-9.840000000000003,484.4480000000003
-9.830000000000004,483.48450000000037
-9.820000000000004,482.52200000000045
-9.810000000000004,481.5605000000004
-9.800000000000004,480.6000000000004
-9.790000000000004,479.6405000000005
-9.780000000000005,478.6820000000004
-9.770000000000005,477.72450000000043
-9.760000000000005,476.7680000000005
-9.750000000000005,475.8125000000005
-9.740000000000006,474.8580000000006
-9.730000000000006,473.9045000000005
-9.720000000000006,472.95200000000057
-9.710000000000006,472.0005000000006
-9.700000000000006,471.0500000000006
-9.690000000000007,470.10050000000064
-9.680000000000007,469.15200000000067
-9.670000000000007,468.2045000000007
-9.660000000000007,467.2580000000007
-9.650000000000007,466.3125000000007
-9.640000000000008,465.36800000000073
-9.630000000000008,464.42450000000076
-9.620000000000008,463.4820000000007
-9.610000000000008,462.54050000000075
-9.600000000000009,461.6000000000008
-9.590000000000009,460.66050000000087
-9.580000000000009,459.7220000000009
-9.57000000000001,458.78450000000083
-9.56000000000001,457.84800000000087
-9.55000000000001,456.91250000000093
-9.54000000000001,455.97800000000086
-9.53000000000001,455.04450000000094
-9.52000000000001,454.11200000000093
-9.51000000000001,453.18050000000096
-9.50000000000001,452.250000000001
-9.49000000000001,451.320500000001
-9.480000000000011,450.392000000001
-9.470000000000011,449.46450000000107
-9.460000000000012,448.53800000000103
-9.450000000000012,447.61250000000103
-9.440000000000012,446.6880000000011
-9.430000000000012,445.76450000000114
-9.420000000000012,444.8420000000012
-9.410000000000013,443.92050000000114
-9.400000000000013,443.0000000000012
-9.390000000000013,442.0805000000012
-9.380000000000013,441.16200000000117
-9.370000000000013,440.2445000000012
-9.360000000000014,439.3280000000012
-9.350000000000014,438.4125000000013
-9.340000000000014,437.49800000000135
-9.330000000000014,436.5845000000013
-9.320000000000014,435.67200000000133
-9.310000000000015,434.7605000000014
-9.300000000000015,433.85000000000133
-9.290000000000015,432.94050000000135
-9.280000000000015,432.0320000000014
-9.270000000000016,431.12450000000143
-9.260000000000016,430.21800000000144
-9.250000000000016,429.3125000000014
-9.240000000000016,428.4080000000015
-9.230000000000016,427.5045000000015
-9.220000000000017,426.60200000000145
-9.210000000000017,425.7005000000015
-9.200000000000017,424.80000000000155
-9.190000000000017,423.90050000000156
-9.180000000000017,423.0020000000016
-9.170000000000018,422.10450000000156
-9.160000000000018,421.2080000000016
-9.150000000000018,420.31250000000165
-9.140000000000018,419.4180000000016
-9.130000000000019,418.52450000000164
-9.120000000000019,417.63200000000165
-9.110000000000019,416.7405000000017
-9.10000000000002,415.8500000000017
-9.09000000000002,414.9605000000017
-9.08000000000002,414.07200000000176
-9.07000000000002,413.1845000000018
-9.06000000000002,412.2980000000017
-9.05000000000002,411.4125000000018
-9.04000000000002,410.5280000000018
-9.03000000000002,409.6445000000018
-9.020000000000021,408.7620000000019
-9.010000000000021,407.88050000000186
-9.000000000000021,407.0000000000019
-8.990000000000022,406.1205000000019
-8.980000000000022,405.2420000000019
-8.970000000000022,404.3645000000019
-8.960000000000022,403.488000000002
-8.950000000000022,402.612500000002
-8.940000000000023,401.738000000002
-8.930000000000023,400.86450000000195
-8.920000000000023,399.992000000002
-8.910000000000023,399.12050000000204
-8.900000000000023,398.250000000002
-8.890000000000024,397.38050000000203
-8.880000000000024,396.51200000000205
-8.870000000000024,395.6445000000021
-8.860000000000024,394.7780000000022
-8.850000000000025,393.9125000000021
-8.840000000000025,393.0480000000021
-8.830000000000025,392.1845000000022
-8.820000000000025,391.32200000000216
-8.810000000000025,390.4605000000022
-8.800000000000026,389.6000000000022
-8.790000000000026,388.7405000000022
-8.780000000000026,387.8820000000023
-8.770000000000026,387.0245000000022
-8.760000000000026,386.1680000000023
-8.750000000000027,385.3125000000023
-8.740000000000027,384.45800000000224
-8.730000000000027,383.6045000000023
-8.720000000000027,382.75200000000234
-8.710000000000027,381.90050000000235
-8.700000000000028,381.0500000000024
-8.690000000000028,380.20050000000236
-8.680000000000028,379.35200000000236
-8.670000000000028,378.50450000000245
-8.660000000000029,377.6580000000024
-8.650000000000029,376.8125000000024
-8.640000000000029,375.96800000000246
-8.63000000000003,375.1245000000025
-8.62000000000003,374.2820000000025
-8.61000000000003,373.44050000000243
-8.60000000000003,372.6000000000025
-8.59000000000003,371.76050000000254
-8.58000000000003,370.92200000000247
-8.57000000000003,370.08450000000255
-8.56000000000003,369.24800000000255
-8.550000000000031,368.4125000000026
-8.540000000000031,367.57800000000265
-8.530000000000031,366.7445000000026
-8.520000000000032,365.9120000000026
-8.510000000000032,365.0805000000027
-8.500000000000032,364.2500000000026
-8.490000000000032,363.4205000000026
-8.480000000000032,362.5920000000027
-8.470000000000033,361.7645000000027
-8.460000000000033,360.9380000000027
-8.450000000000033,360.1125000000027
-8.440000000000033,359.28800000000274
-8.430000000000033,358.4645000000028
-8.420000000000034,357.6420000000027
-8.410000000000034,356.82050000000277
-8.400000000000034,356.0000000000028
-8.390000000000034,355.1805000000028
-8.380000000000035,354.36200000000287
-8.370000000000035,353.5445000000028
-8.360000000000035,352.72800000000285
-8.350000000000035,351.9125000000029
-8.340000000000035,351.09800000000286
-8.330000000000036,350.2845000000029
-8.320000000000036,349.47200000000294
-8.310000000000036,348.66050000000297
-8.300000000000036,347.850000000003
-8.290000000000036,347.0405000000029
-8.280000000000037,346.232000000003
-8.270000000000037,345.424500000003
-8.260000000000037,344.61800000000295
-8.250000000000037,343.812500000003
-8.240000000000038,343.008000000003
-8.230000000000038,342.204500000003
-8.220000000000038,341.4020000000031
-8.210000000000038,340.600500000003
-8.200000000000038,339.8000000000031
-8.190000000000039,339.0005000000031
-8.180000000000039,338.20200000000307
-8.170000000000039,337.4045000000031
-8.16000000000004,336.60800000000313
-8.15000000000004,335.8125000000032
-8.14000000000004,335.01800000000316
-8.13000000000004,334.2245000000031
-8.12000000000004,333.4320000000032
-8.11000000000004,332.6405000000032
-8.10000000000004,331.85000000000315
-8.09000000000004,331.06050000000323
-8.080000000000041,330.27200000000323
-8.070000000000041,329.4845000000032
-8.060000000000041,328.6980000000033
-8.050000000000042,327.91250000000326
-8.040000000000042,327.1280000000033
-8.030000000000042,326.34450000000334
-8.020000000000042,325.56200000000325
-8.010000000000042,324.7805000000033
-8.000000000000043,324.0000000000033
-7.990000000000043,323.22050000000337
-7.980000000000043,322.44200000000336
-7.970000000000043,321.66450000000333
-7.9600000000000435,320.8880000000034
-7.950000000000044,320.1125000000034
-7.940000000000044,319.3380000000034
-7.930000000000044,318.5645000000034
-7.920000000000044,317.79200000000344
-7.9100000000000446,317.02050000000344
-7.900000000000045,316.2500000000035
-7.890000000000045,315.4805000000035
-7.880000000000045,314.71200000000346
-7.870000000000045,313.94450000000353
-7.860000000000046,313.17800000000346
-7.850000000000046,312.4125000000035
-7.840000000000046,311.64800000000355
-7.830000000000046,310.8845000000035
-7.8200000000000465,310.12200000000354
-7.810000000000047,309.3605000000035
-7.800000000000047,308.6000000000036
-7.790000000000047,307.8405000000036
-7.780000000000047,307.0820000000035
-7.7700000000000475,306.3245000000036
-7.760000000000048,305.5680000000036
-7.750000000000048,304.81250000000364
-7.740000000000048,304.0580000000037
-7.730000000000048,303.30450000000366
-7.720000000000049,302.55200000000366
-7.710000000000049,301.8005000000037
-7.700000000000049,301.05000000000365
-7.690000000000049,300.30050000000364
-7.6800000000000495,299.55200000000366
-7.67000000000005,298.8045000000037
-7.66000000000005,298.05800000000374
-7.65000000000005,297.3125000000037
-7.64000000000005,296.56800000000374
-7.6300000000000505,295.82450000000375
-7.620000000000051,295.0820000000037
-7.610000000000051,294.3405000000038
-7.600000000000051,293.6000000000038
-7.590000000000051,292.8605000000038
-7.580000000000052,292.1220000000039
-7.570000000000052,291.3845000000038
-7.560000000000052,290.64800000000383
-7.550000000000052,289.9125000000039
-7.540000000000052,289.1780000000038
-7.530000000000053,288.4445000000038
-7.520000000000053,287.71200000000385
-7.510000000000053,286.98050000000393
-7.500000000000053,286.2500000000039
-7.4900000000000535,285.52050000000384
-7.480000000000054,284.79200000000395
-7.470000000000054,284.06450000000393
-7.460000000000054,283.3380000000039
-7.450000000000054,282.61250000000393
-7.440000000000055,281.88800000000396
-7.430000000000055,281.16450000000395
-7.420000000000055,280.44200000000404
-7.410000000000055,279.720500000004
-7.400000000000055,279.000000000004
-7.390000000000056,278.28050000000405
-7.380000000000056,277.562000000004
-7.370000000000056,276.844500000004
-7.360000000000056,276.128000000004
-7.3500000000000565,275.41250000000406
-7.340000000000057,274.6980000000041
-7.330000000000057,273.984500000004
-7.320000000000057,273.2720000000041
-7.310000000000057,272.5605000000041
-7.3000000000000576,271.8500000000041
-7.290000000000058,271.14050000000407
-7.280000000000058,270.4320000000041
-7.270000000000058,269.7245000000041
-7.260000000000058,269.0180000000041
-7.250000000000059,268.31250000000415
-7.240000000000059,267.60800000000415
-7.230000000000059,266.9045000000042
-7.220000000000059,266.20200000000415
-7.2100000000000595,265.50050000000414
-7.20000000000006,264.80000000000416
-7.19000000000006,264.1005000000042
-7.18000000000006,263.4020000000042
-7.17000000000006,262.70450000000415
-7.1600000000000605,262.00800000000424
-7.150000000000061,261.3125000000042
-7.140000000000061,260.6180000000042
-7.130000000000061,259.92450000000423
-7.120000000000061,259.23200000000423
-7.110000000000062,258.5405000000043
-7.100000000000062,257.8500000000043
-7.090000000000062,257.1605000000043
-7.080000000000062,256.4720000000043
-7.0700000000000625,255.7845000000043
-7.060000000000063,255.09800000000428
-7.050000000000063,254.4125000000043
-7.040000000000063,253.72800000000433
-7.030000000000063,253.04450000000435
-7.0200000000000635,252.36200000000434
-7.010000000000064,251.68050000000434
-7.000000000000064,251.00000000000438
-6.990000000000064,250.32050000000436
-6.980000000000064,249.64200000000434
-6.970000000000065,248.96450000000436
-6.960000000000065,248.2880000000044
-6.950000000000065,247.61250000000442
-6.940000000000065,246.93800000000442
-6.930000000000065,246.2645000000044
-6.920000000000066,245.59200000000442
-6.910000000000066,244.92050000000444
-6.900000000000066,244.2500000000044
-6.890000000000066,243.5805000000044
-6.8800000000000665,242.91200000000444
-6.870000000000067,242.24450000000448
-6.860000000000067,241.57800000000447
-6.850000000000067,240.91250000000446
-6.840000000000067,240.24800000000448
-6.830000000000068,239.58450000000448
-6.820000000000068,238.92200000000446
-6.810000000000068,238.26050000000447
-6.800000000000068,237.6000000000045
-6.790000000000068,236.94050000000453
-6.780000000000069,236.28200000000453
-6.770000000000069,235.6245000000045
-6.760000000000069,234.9680000000045
-6.750000000000069,234.31250000000455
-6.7400000000000695,233.65800000000453
-6.73000000000007,233.00450000000453
-6.72000000000007,232.35200000000455
-6.71000000000007,231.70050000000458
-6.70000000000007,231.0500000000046
-6.690000000000071,230.40050000000457
-6.680000000000071,229.7520000000046
-6.670000000000071,229.1045000000046
-6.660000000000071,228.45800000000457
-6.650000000000071,227.81250000000458
-6.640000000000072,227.1680000000046
-6.630000000000072,226.52450000000465
-6.620000000000072,225.88200000000464
-6.610000000000072,225.24050000000463
-6.6000000000000725,224.60000000000463
-6.590000000000073,223.96050000000466
-6.580000000000073,223.32200000000464
-6.570000000000073,222.68450000000465
-6.560000000000073,222.04800000000466
-6.5500000000000735,221.41250000000468
-6.540000000000074,220.77800000000468
-6.530000000000074,220.14450000000468
-6.520000000000074,219.51200000000466
-6.510000000000074,218.8805000000047
-6.500000000000075,218.2500000000047
-6.490000000000075,217.62050000000468
-6.480000000000075,216.9920000000047
-6.470000000000075,216.36450000000474
-6.4600000000000755,215.73800000000475
-6.450000000000076,215.11250000000473
-6.440000000000076,214.48800000000472
-6.430000000000076,213.86450000000474
-6.420000000000076,213.24200000000474
-6.4100000000000765,212.62050000000474
-6.400000000000077,212.00000000000475
-6.390000000000077,211.3805000000048
-6.380000000000077,210.76200000000478
-6.370000000000077,210.14450000000477
-6.360000000000078,209.5280000000048
-6.350000000000078,208.9125000000048
-6.340000000000078,208.2980000000048
-6.330000000000078,207.68450000000476
-6.320000000000078,207.0720000000048
-6.310000000000079,206.46050000000483
-6.300000000000079,205.8500000000048
-6.290000000000079,205.2405000000048
-6.280000000000079,204.63200000000484
-6.2700000000000795,204.02450000000482
-6.26000000000008,203.41800000000484
-6.25000000000008,202.8125000000048
-6.24000000000008,202.20800000000483
-6.23000000000008,201.60450000000486
-6.220000000000081,201.00200000000484
-6.210000000000081,200.40050000000485
-6.200000000000081,199.80000000000484
-6.190000000000081,199.20050000000487
-6.180000000000081,198.60200000000486
-6.170000000000082,198.00450000000484
-6.160000000000082,197.40800000000488
-6.150000000000082,196.81250000000492
-6.140000000000082,196.21800000000488
-6.1300000000000825,195.62450000000487
-6.120000000000083,195.03200000000487
-6.110000000000083,194.4405000000049
-6.100000000000083,193.8500000000049
-6.090000000000083,193.2605000000049
-6.080000000000084,192.6720000000049
-6.070000000000084,192.08450000000494
-6.060000000000084,191.4980000000049
-6.050000000000084,190.9125000000049
-6.040000000000084,190.32800000000492
-6.030000000000085,189.74450000000493
-6.020000000000085,189.16200000000495
-6.010000000000085,188.58050000000492
-6.000000000000085,188.00000000000495
-5.9900000000000855,187.42050000000498
-5.980000000000086,186.84200000000496
-5.970000000000086,186.26450000000494
-5.960000000000086,185.68800000000493
-5.950000000000086,185.11250000000499
-5.9400000000000865,184.53800000000498
-5.930000000000087,183.96450000000496
-5.920000000000087,183.39200000000497
-5.910000000000087,182.820500000005
-5.900000000000087,182.25000000000497
-5.890000000000088,181.68050000000497
-5.880000000000088,181.11200000000497
-5.870000000000088,180.544500000005
-5.860000000000088,179.978000000005
-5.8500000000000885,179.41250000000497
-5.840000000000089,178.84800000000502
-5.830000000000089,178.28450000000504
-5.820000000000089,177.722000000005
-5.810000000000089,177.16050000000502
-5.8000000000000895,176.60000000000502
-5.79000000000009,176.040500000005
-5.78000000000009,175.48200000000503
-5.77000000000009,174.924500000005
-5.76000000000009,174.36800000000503
-5.750000000000091,173.81250000000506
-5.740000000000091,173.258000000005
-5.730000000000091,172.70450000000503
-5.720000000000091,172.15200000000505
-5.7100000000000914,171.60050000000504
-5.700000000000092,171.05000000000504
-5.690000000000092,170.50050000000502
-5.680000000000092,169.95200000000506
-5.670000000000092,169.40450000000507
-5.6600000000000925,168.85800000000503
-5.650000000000093,168.31250000000506
-5.640000000000093,167.76800000000503
-5.630000000000093,167.22450000000507
-5.620000000000093,166.68200000000508
-5.610000000000094,166.14050000000503
-5.600000000000094,165.60000000000505
-5.590000000000094,165.06050000000508
-5.580000000000094,164.52200000000505
-5.570000000000094,163.98450000000506
-5.560000000000095,163.4480000000051
-5.550000000000095,162.91250000000508
-5.540000000000095,162.37800000000507
-5.530000000000095,161.84450000000507
-5.5200000000000955,161.31200000000507
-5.510000000000096,160.7805000000051
-5.500000000000096,160.2500000000051
-5.490000000000096,159.72050000000507
-5.480000000000096,159.19200000000507
-5.470000000000097,158.6645000000051
-5.460000000000097,158.1380000000051
-5.450000000000097,157.61250000000507
-5.440000000000097,157.08800000000508
-5.430000000000097,156.56450000000513
-5.420000000000098,156.0420000000051
-5.410000000000098,155.5205000000051
-5.400000000000098,155.00000000000512
-5.390000000000098,154.4805000000051
-5.3800000000000985,153.9620000000051
-5.370000000000099,153.4445000000051
-5.360000000000099,152.9280000000051
-5.350000000000099,152.41250000000514
-5.340000000000099,151.8980000000051
-5.3300000000000995,151.3845000000051
-5.3200000000001,150.87200000000513
-5.3100000000001,150.36050000000512
-5.3000000000001,149.8500000000051
-5.2900000000001,149.34050000000508
-5.280000000000101,148.8320000000051
-5.270000000000101,148.32450000000514
-5.260000000000101,147.8180000000051
-5.250000000000101,147.31250000000512
-5.2400000000001015,146.8080000000051
-5.230000000000102,146.3045000000051
-5.220000000000102,145.8020000000051
-5.210000000000102,145.30050000000512
-5.200000000000102,144.80000000000513
-5.1900000000001025,144.30050000000512
-5.180000000000103,143.8020000000051
-5.170000000000103,143.3045000000051
-5.160000000000103,142.8080000000051
-5.150000000000103,142.31250000000512
-5.140000000000104,141.81800000000513
-5.130000000000104,141.32450000000512
-5.120000000000104,140.8320000000051
-5.110000000000104,140.34050000000514
-5.1000000000001044,139.8500000000051
-5.090000000000105,139.36050000000512
-5.080000000000105,138.87200000000513
-5.070000000000105,138.38450000000512
-5.060000000000105,137.8980000000051
-5.0500000000001055,137.4125000000051
-5.040000000000106,136.9280000000051
-5.030000000000106,136.44450000000512
-5.020000000000106,135.9620000000051
-5.010000000000106,135.48050000000512
-5.000000000000107,135.00000000000512
-4.990000000000107,134.52050000000511
-4.980000000000107,134.04200000000512
-4.970000000000107,133.56450000000513
-4.960000000000107,133.0880000000051
-4.950000000000108,132.61250000000513
-4.940000000000108,132.13800000000512
-4.930000000000108,131.6645000000051
-4.920000000000108,131.19200000000512
-4.9100000000001085,130.72050000000513
-4.900000000000109,130.25000000000512
-4.890000000000109,129.7805000000051
-4.880000000000109,129.31200000000513
-4.870000000000109,128.8445000000051
-4.86000000000011,128.3780000000051
-4.85000000000011,127.9125000000051
-4.84000000000011,127.44800000000511
-4.83000000000011,126.98450000000511
-4.82000000000011,126.52200000000511
-4.810000000000111,126.06050000000509
-4.800000000000111,125.6000000000051
-4.790000000000111,125.1405000000051
-4.780000000000111,124.6820000000051
-4.7700000000001115,124.2245000000051
-4.760000000000112,123.76800000000509
-4.750000000000112,123.3125000000051
-4.740000000000112,122.85800000000509
-4.730000000000112,122.40450000000509
-4.7200000000001125,121.95200000000509
-4.710000000000113,121.50050000000509
-4.700000000000113,121.05000000000507
-4.690000000000113,120.60050000000508
-4.680000000000113,120.15200000000507
-4.670000000000114,119.70450000000508
-4.660000000000114,119.25800000000507
-4.650000000000114,118.81250000000507
-4.640000000000114,118.36800000000507
-4.6300000000001145,117.92450000000508
-4.620000000000115,117.48200000000506
-4.610000000000115,117.04050000000507
-4.600000000000115,116.60000000000507
-4.590000000000115,116.16050000000507
-4.5800000000001155,115.72200000000507
-4.570000000000116,115.28450000000505
-4.560000000000116,114.84800000000506
-4.550000000000116,114.41250000000505
-4.540000000000116,113.97800000000504
-4.530000000000117,113.54450000000504
-4.520000000000117,113.11200000000504
-4.510000000000117,112.68050000000505
-4.500000000000117,112.25000000000503
-4.4900000000001175,111.82050000000504
-4.480000000000118,111.39200000000504
-4.470000000000118,110.96450000000503
-4.460000000000118,110.53800000000504
-4.450000000000118,110.11250000000503
-4.4400000000001185,109.68800000000502
-4.430000000000119,109.26450000000503
-4.420000000000119,108.84200000000502
-4.410000000000119,108.420500000005
-4.400000000000119,108.00000000000502
-4.39000000000012,107.58050000000502
-4.38000000000012,107.16200000000501
-4.37000000000012,106.744500000005
-4.36000000000012,106.328000000005
-4.35000000000012,105.912500000005
-4.340000000000121,105.49800000000499
-4.330000000000121,105.084500000005
-4.320000000000121,104.67200000000499
-4.310000000000121,104.260500000005
-4.3000000000001215,103.85000000000497
-4.290000000000122,103.44050000000497
-4.280000000000122,103.03200000000497
-4.270000000000122,102.62450000000497
-4.260000000000122,102.21800000000496
-4.250000000000123,101.81250000000496
-4.240000000000123,101.40800000000496
-4.230000000000123,101.00450000000497
-4.220000000000123,100.60200000000495
-4.210000000000123,100.20050000000495
-4.200000000000124,99.80000000000494
-4.190000000000124,99.40050000000494
-4.180000000000124,99.00200000000493
-4.170000000000124,98.60450000000493
-4.1600000000001245,98.20800000000493
-4.150000000000125,97.81250000000493
-4.140000000000125,97.41800000000492
-4.130000000000125,97.02450000000492
-4.120000000000125,96.63200000000491
-4.1100000000001256,96.24050000000491
-4.100000000000126,95.85000000000491
-4.090000000000126,95.4605000000049
-4.080000000000126,95.07200000000489
-4.070000000000126,94.6845000000049
-4.060000000000127,94.29800000000489
-4.050000000000127,93.91250000000488
-4.040000000000127,93.52800000000488
-4.030000000000127,93.14450000000488
-4.0200000000001275,92.76200000000486
-4.010000000000128,92.38050000000486
-4.000000000000128,92.00000000000486
-3.990000000000128,91.62050000000485
-3.9800000000001283,91.24200000000485
-3.9700000000001285,90.86450000000484
-3.9600000000001288,90.48800000000485
-3.950000000000129,90.11250000000484
-3.940000000000129,89.73800000000483
-3.9300000000001294,89.36450000000482
-3.9200000000001296,88.99200000000482
-3.91000000000013,88.62050000000482
-3.90000000000013,88.2500000000048
-3.8900000000001302,87.8805000000048
-3.8800000000001305,87.5120000000048
-3.8700000000001307,87.1445000000048
-3.860000000000131,86.7780000000048
-3.850000000000131,86.41250000000478
-3.8400000000001313,86.04800000000478
-3.8300000000001315,85.68450000000477
-3.8200000000001317,85.32200000000478
-3.810000000000132,84.96050000000476
-3.800000000000132,84.60000000000475
-3.7900000000001324,84.24050000000476
-3.7800000000001326,83.88200000000475
-3.770000000000133,83.52450000000474
-3.760000000000133,83.16800000000474
-3.7500000000001332,82.81250000000473
-3.7400000000001334,82.45800000000472
-3.7300000000001337,82.10450000000472
-3.720000000000134,81.75200000000471
-3.710000000000134,81.40050000000471
-3.7000000000001343,81.0500000000047
-3.6900000000001345,80.7005000000047
-3.6800000000001347,80.3520000000047
-3.670000000000135,80.00450000000468
-3.660000000000135,79.65800000000468
-3.6500000000001354,79.31250000000466
-3.6400000000001356,78.96800000000466
-3.630000000000136,78.62450000000466
-3.620000000000136,78.28200000000464
-3.610000000000136,77.94050000000465
-3.6000000000001364,77.60000000000464
-3.5900000000001366,77.26050000000464
-3.580000000000137,76.92200000000463
-3.570000000000137,76.58450000000461
-3.5600000000001373,76.24800000000461
-3.5500000000001375,75.91250000000461
-3.5400000000001377,75.57800000000461
-3.530000000000138,75.24450000000459
-3.520000000000138,74.91200000000458
-3.5100000000001383,74.58050000000459
-3.5000000000001386,74.25000000000458
-3.4900000000001388,73.92050000000457
-3.480000000000139,73.59200000000456
-3.470000000000139,73.26450000000456
-3.4600000000001394,72.93800000000454
-3.4500000000001396,72.61250000000453
-3.44000000000014,72.28800000000453
-3.43000000000014,71.96450000000453
-3.4200000000001403,71.64200000000451
-3.4100000000001405,71.3205000000045
-3.4000000000001407,71.0000000000045
-3.390000000000141,70.6805000000045
-3.380000000000141,70.36200000000449
-3.3700000000001413,70.04450000000448
-3.3600000000001415,69.72800000000447
-3.3500000000001418,69.41250000000447
-3.340000000000142,69.09800000000446
-3.330000000000142,68.78450000000444
-3.3200000000001424,68.47200000000444
-3.3100000000001426,68.16050000000445
-3.300000000000143,67.85000000000443
-3.290000000000143,67.54050000000441
-3.2800000000001432,67.2320000000044
-3.2700000000001435,66.92450000000441
-3.2600000000001437,66.6180000000044
-3.250000000000144,66.31250000000438
-3.240000000000144,66.00800000000439
-3.2300000000001443,65.70450000000437
-3.2200000000001445,65.40200000000436
-3.2100000000001447,65.10050000000435
-3.200000000000145,64.80000000000435
-3.190000000000145,64.50050000000434
-3.1800000000001454,64.20200000000433
-3.1700000000001456,63.90450000000432
-3.160000000000146,63.60800000000432
-3.150000000000146,63.312500000004306
-3.1400000000001462,63.0180000000043
-3.1300000000001464,62.7245000000043
-3.1200000000001467,62.43200000000428
-3.110000000000147,62.14050000000428
-3.100000000000147,61.850000000004265
-3.0900000000001473,61.560500000004254
-3.0800000000001475,61.27200000000425
-3.0700000000001477,60.984500000004246
-3.060000000000148,60.69800000000423
-3.050000000000148,60.41250000000423
-3.0400000000001484,60.128000000004214
-3.0300000000001486,59.8445000000042
-3.020000000000149,59.5620000000042
-3.010000000000149,59.28050000000418
-3.000000000000149,59.00000000000418
-2.9900000000001494,58.720500000004165
-2.9800000000001496,58.44200000000416
-2.97000000000015,58.16450000000415
-2.96000000000015,57.88800000000414
-2.9500000000001503,57.61250000000413
-2.9400000000001505,57.33800000000412
-2.9300000000001507,57.06450000000412
-2.920000000000151,56.79200000000411
-2.910000000000151,56.52050000000409
-2.9000000000001513,56.250000000004086
-2.8900000000001516,55.98050000000407
-2.8800000000001518,55.71200000000407
-2.870000000000152,55.444500000004055
-2.860000000000152,55.17800000000405
-2.8500000000001524,54.912500000004044
-2.8400000000001526,54.64800000000403
-2.830000000000153,54.384500000004024
-2.820000000000153,54.12200000000401
-2.8100000000001533,53.860500000003995
-2.8000000000001535,53.60000000000399
-2.7900000000001537,53.340500000003985
-2.780000000000154,53.08200000000397
-2.770000000000154,52.824500000003965
-2.7600000000001543,52.56800000000395
-2.7500000000001545,52.312500000003936
-2.7400000000001548,52.05800000000393
-2.730000000000155,51.80450000000393
-2.720000000000155,51.55200000000391
-2.7100000000001554,51.30050000000391
-2.7000000000001556,51.05000000000389
-2.690000000000156,50.80050000000388
-2.680000000000156,50.55200000000387
-2.6700000000001562,50.304500000003856
-2.6600000000001565,50.05800000000385
-2.6500000000001567,49.81250000000384
-2.640000000000157,49.56800000000383
-2.630000000000157,49.32450000000382
-2.6200000000001573,49.08200000000381
-2.6100000000001575,48.8405000000038
-2.6000000000001577,48.60000000000379
-2.590000000000158,48.36050000000378
-2.580000000000158,48.122000000003766
-2.5700000000001584,47.884500000003754
-2.5600000000001586,47.64800000000374
-2.550000000000159,47.41250000000373
-2.540000000000159,47.17800000000372
-2.5300000000001592,46.944500000003714
-2.5200000000001594,46.7120000000037
-2.5100000000001597,46.48050000000369
-2.50000000000016,46.25000000000368
-2.49000000000016,46.020500000003665
-2.4800000000001603,45.792000000003654
-2.4700000000001605,45.56450000000365
-2.4600000000001607,45.33800000000363
-2.450000000000161,45.11250000000362
-2.440000000000161,44.888000000003615
-2.4300000000001614,44.6645000000036
-2.4200000000001616,44.44200000000359
-2.410000000000162,44.220500000003575
-2.400000000000162,44.00000000000357
-2.390000000000162,43.780500000003556
-2.3800000000001624,43.562000000003536
-2.3700000000001626,43.34450000000353
-2.360000000000163,43.12800000000352
-2.350000000000163,42.912500000003504
-2.3400000000001633,42.69800000000349
-2.3300000000001635,42.48450000000348
-2.3200000000001637,42.27200000000347
-2.310000000000164,42.06050000000346
-2.300000000000164,41.85000000000345
-2.2900000000001643,41.640500000003435
-2.2800000000001646,41.43200000000343
-2.2700000000001648,41.22450000000341
-2.260000000000165,41.0180000000034
-2.250000000000165,40.81250000000338
-2.2400000000001654,40.60800000000337
-2.2300000000001656,40.40450000000337
-2.220000000000166,40.20200000000335
-2.210000000000166,40.00050000000334
-2.2000000000001663,39.80000000000332
-2.1900000000001665,39.60050000000331
-2.1800000000001667,39.4020000000033
-2.170000000000167,39.20450000000329
-2.160000000000167,39.00800000000328
-2.1500000000001673,38.81250000000326
-2.1400000000001675,38.61800000000325
-2.1300000000001678,38.424500000003235
-2.120000000000168,38.232000000003225
-2.110000000000168,38.04050000000321
-2.1000000000001684,37.8500000000032
-2.0900000000001686,37.66050000000318
-2.080000000000169,37.47200000000318
-2.070000000000169,37.28450000000316
-2.0600000000001693,37.09800000000315
-2.0500000000001695,36.912500000003135
-2.0400000000001697,36.72800000000312
-2.03000000000017,36.54450000000311
-2.02000000000017,36.36200000000309
-2.0100000000001703,36.18050000000308
-2.0000000000001705,36.00000000000307
-1.9900000000001705,35.82050000000305
-1.9800000000001705,35.64200000000304
-1.9700000000001705,35.46450000000302
-1.9600000000001705,35.288000000003
-1.9500000000001705,35.11250000000298
-1.9400000000001705,34.938000000002965
-1.9300000000001705,34.764500000002954
-1.9200000000001705,34.59200000000293
-1.9100000000001705,34.42050000000292
-1.9000000000001704,34.2500000000029
-1.8900000000001704,34.08050000000288
-1.8800000000001704,33.91200000000286
-1.8700000000001704,33.744500000002844
-1.8600000000001704,33.57800000000283
-1.8500000000001704,33.41250000000281
-1.8400000000001704,33.24800000000279
-1.8300000000001704,33.08450000000278
-1.8200000000001704,32.92200000000276
-1.8100000000001704,32.76050000000274
-1.8000000000001704,32.60000000000273
-1.7900000000001703,32.44050000000271
-1.7800000000001703,32.28200000000269
-1.7700000000001703,32.124500000002676
-1.7600000000001703,31.968000000002657
-1.7500000000001703,31.812500000002636
-1.7400000000001703,31.658000000002623
-1.7300000000001703,31.504500000002608
-1.7200000000001703,31.352000000002587
-1.7100000000001703,31.20050000000257
-1.7000000000001703,31.05000000000255
-1.6900000000001703,30.900500000002538
-1.6800000000001702,30.752000000002518
-1.6700000000001702,30.604500000002503
-1.6600000000001702,30.458000000002485
-1.6500000000001702,30.31250000000247
-1.6400000000001702,30.16800000000245
-1.6300000000001702,30.024500000002433
-1.6200000000001702,29.882000000002417
-1.6100000000001702,29.7405000000024
-1.6000000000001702,29.60000000000238
-1.5900000000001702,29.460500000002366
-1.5800000000001702,29.322000000002348
-1.5700000000001701,29.18450000000233
-1.5600000000001701,29.048000000002315
-1.5500000000001701,28.912500000002296
-1.5400000000001701,28.77800000000228
-1.5300000000001701,28.64450000000226
-1.52000000000017,28.512000000002246
-1.51000000000017,28.38050000000223
-1.50000000000017,28.250000000002213
-1.49000000000017,28.120500000002195
-1.48000000000017,27.99200000000218
-1.47000000000017,27.86450000000216
-1.46000000000017,27.738000000002142
-1.45000000000017,27.612500000002125
-1.44000000000017,27.48800000000211
-1.43000000000017,27.36450000000209
-1.42000000000017,27.242000000002076
-1.41000000000017,27.120500000002057
-1.40000000000017,27.00000000000204
-1.39000000000017,26.880500000002023
-1.38000000000017,26.762000000002004
-1.37000000000017,26.64450000000199
-1.36000000000017,26.528000000001974
-1.35000000000017,26.412500000001955
-1.34000000000017,26.298000000001938
-1.33000000000017,26.18450000000192
-1.32000000000017,26.072000000001903
-1.31000000000017,25.960500000001886
-1.30000000000017,25.85000000000187
-1.29000000000017,25.740500000001852
-1.28000000000017,25.632000000001835
-1.2700000000001699,25.524500000001815
-1.2600000000001699,25.4180000000018
-1.2500000000001699,25.312500000001783
-1.2400000000001699,25.208000000001768
-1.2300000000001698,25.10450000000175
-1.2200000000001698,25.002000000001733
-1.2100000000001698,24.900500000001713
-1.2000000000001698,24.8000000000017
-1.1900000000001698,24.700500000001682
-1.1800000000001698,24.602000000001667
-1.1700000000001698,24.50450000000165
-1.1600000000001698,24.40800000000163
-1.1500000000001698,24.312500000001613
-1.1400000000001698,24.218000000001595
-1.1300000000001698,24.12450000000158
-1.1200000000001697,24.03200000000156
-1.1100000000001697,23.940500000001546
-1.1000000000001697,23.85000000000153
-1.0900000000001697,23.76050000000151
-1.0800000000001697,23.672000000001493
-1.0700000000001697,23.584500000001476
-1.0600000000001697,23.498000000001458
-1.0500000000001697,23.412500000001444
-1.0400000000001697,23.328000000001424
-1.0300000000001697,23.24450000000141
-1.0200000000001697,23.16200000000139
-1.0100000000001697,23.080500000001376
-1.0000000000001696,23.000000000001357
-0.9900000000001696,22.92050000000134
-0.9800000000001696,22.842000000001324
-0.9700000000001696,22.764500000001306
-0.9600000000001696,22.68800000000129
-0.9500000000001696,22.612500000001273
-0.9400000000001696,22.538000000001254
-0.9300000000001696,22.464500000001237
-0.9200000000001696,22.39200000000122
-0.9100000000001696,22.320500000001203
-0.9000000000001696,22.250000000001187
-0.8900000000001695,22.18050000000117
-0.8800000000001695,22.112000000001153
-0.8700000000001695,22.044500000001136
-0.8600000000001695,21.97800000000112
-0.8500000000001695,21.912500000001103
-0.8400000000001695,21.848000000001086
-0.8300000000001695,21.784500000001067
-0.8200000000001695,21.72200000000105
-0.8100000000001695,21.660500000001033
-0.8000000000001695,21.600000000001017
-0.7900000000001695,21.540500000001
-0.7800000000001694,21.482000000000983
-0.7700000000001694,21.424500000000965
-0.7600000000001694,21.368000000000947
-0.7500000000001694,21.31250000000093
-0.7400000000001694,21.258000000000916
-0.7300000000001694,21.2045000000009
-0.7200000000001694,21.152000000000882
-0.7100000000001694,21.100500000000864
-0.7000000000001694,21.050000000000846
-0.6900000000001694,21.00050000000083
-0.6800000000001694,20.95200000000081
-0.6700000000001693,20.904500000000795
-0.6600000000001693,20.85800000000078
-0.6500000000001693,20.81250000000076
-0.6400000000001693,20.768000000000747
-0.6300000000001693,20.724500000000727
-0.6200000000001693,20.682000000000713
-0.6100000000001693,20.640500000000692
-0.6000000000001693,20.600000000000676
-0.5900000000001693,20.560500000000662
-0.5800000000001693,20.522000000000645
-0.5700000000001693,20.484500000000626
-0.5600000000001693,20.448000000000608
-0.5500000000001692,20.41250000000059
-0.5400000000001692,20.378000000000576
-0.5300000000001692,20.344500000000558
-0.5200000000001692,20.31200000000054
-0.5100000000001692,20.280500000000526
-0.5000000000001692,20.250000000000508
-0.4900000000001692,20.22050000000049
-0.4800000000001692,20.192000000000473
-0.47000000000016917,20.16450000000046
-0.46000000000016916,20.13800000000044
-0.45000000000016915,20.112500000000423
-0.44000000000016914,20.088000000000406
-0.43000000000016914,20.06450000000039
-0.4200000000001691,20.04200000000037
-0.4100000000001691,20.020500000000354
-0.4000000000001691,20.000000000000338
-0.3900000000001691,19.980500000000323
-0.3800000000001691,19.962000000000305
-0.3700000000001691,19.94450000000029
-0.3600000000001691,19.92800000000027
-0.35000000000016906,19.912500000000254
-0.34000000000016906,19.898000000000238
-0.33000000000016905,19.88450000000022
-0.32000000000016904,19.872000000000202
-0.31000000000016903,19.860500000000187
-0.300000000000169,19.85000000000017
-0.290000000000169,19.84050000000015
-0.280000000000169,19.832000000000136
-0.270000000000169,19.824500000000118
-0.260000000000169,19.8180000000001
-0.250000000000169,19.812500000000085
-0.24000000000016897,19.808000000000067
-0.23000000000016896,19.80450000000005
-0.22000000000016895,19.802000000000035
-0.21000000000016894,19.800500000000017
-0.20000000000016893,19.8
-0.19000000000016892,19.800499999999982
-0.1800000000001689,19.801999999999968
-0.1700000000001689,19.804499999999948
-0.1600000000001689,19.807999999999932
-0.1500000000001689,19.812499999999915
-0.14000000000016888,19.8179999999999
-0.13000000000016887,19.824499999999883
-0.12000000000016887,19.831999999999866
-0.11000000000016888,19.84049999999985
-0.10000000000016888,19.84999999999983
-0.09000000000016889,19.860499999999814
-0.0800000000001689,19.871999999999797
-0.0700000000001689,19.88449999999978
-0.0600000000001689,19.897999999999765
-0.050000000000168895,19.912499999999746
-0.040000000000168894,19.92799999999973
-0.03000000000016889,19.944499999999714
-0.02000000000016889,19.961999999999698
-0.01000000000016889,19.98049999999968
-1.6888920817414999E-13,19.999999999999662
0.009999999999831111,20.020499999999647
0.01999999999983111,20.04199999999963
0.029999999999831113,20.06449999999961
0.039999999999831115,20.087999999999596
0.04999999999983112,20.112499999999578
0.05999999999983112,20.13799999999956
0.06999999999983111,20.164499999999546
0.07999999999983111,20.191999999999528
0.0899999999998311,20.22049999999951
0.0999999999998311,20.249999999999492
0.1099999999998311,20.280499999999478
0.11999999999983109,20.31199999999946
0.12999999999983108,20.344499999999442
0.1399999999998311,20.377999999999425
0.1499999999998311,20.412499999999408
0.1599999999998311,20.447999999999393
0.16999999999983112,20.484499999999375
0.17999999999983113,20.52199999999936
0.18999999999983114,20.56049999999934
0.19999999999983115,20.599999999999326
0.20999999999983116,20.640499999999307
0.21999999999983116,20.68199999999929
0.22999999999983117,20.724499999999274
0.23999999999983118,20.767999999999258
0.2499999999998312,20.81249999999924
0.2599999999998312,20.857999999999222
0.2699999999998312,20.904499999999206
0.2799999999998312,20.951999999999188
0.2899999999998312,21.000499999999175
0.29999999999983123,21.049999999999155
0.30999999999983124,21.10049999999914
0.31999999999983125,21.151999999999124
0.32999999999983126,21.204499999999104
0.33999999999983127,21.25799999999909
0.3499999999998313,21.312499999999073
0.3599999999998313,21.367999999999057
0.3699999999998313,21.42449999999904
0.3799999999998313,21.481999999999022
0.3899999999998313,21.540499999999003
0.3999999999998313,21.59999999999899
0.40999999999983133,21.660499999998972
0.41999999999983134,21.721999999998953
0.42999999999983135,21.78449999999894
0.43999999999983136,21.84799999999892
0.44999999999983137,21.912499999998904
0.4599999999998314,21.977999999998886
0.4699999999998314,22.04449999999887
0.4799999999998314,22.111999999998854
0.4899999999998314,22.180499999998837
0.4999999999998314,22.24999999999882
0.5099999999998314,22.320499999998802
0.5199999999998314,22.391999999998784
0.5299999999998314,22.46449999999877
0.5399999999998314,22.537999999998753
0.5499999999998314,22.612499999998736
0.5599999999998314,22.68799999999872
0.5699999999998314,22.7644999999987
0.5799999999998314,22.841999999998684
0.5899999999998314,22.92049999999867
0.5999999999998314,22.99999999999865
0.6099999999998315,23.080499999998636
0.6199999999998315,23.161999999998617
0.6299999999998315,23.244499999998602
0.6399999999998315,23.327999999998585
0.6499999999998315,23.412499999998566
0.6599999999998315,23.49799999999855
0.6699999999998315,23.584499999998535
0.6799999999998315,23.67199999999852
0.6899999999998315,23.7604999999985
0.6999999999998315,23.849999999998484
0.7099999999998315,23.940499999998465
0.7199999999998316,24.03199999999845
0.7299999999998316,24.124499999998434
0.7399999999998316,24.217999999998415
0.7499999999998316,24.3124999999984
0.7599999999998316,24.40799999999838
0.7699999999998316,24.504499999998366
0.7799999999998316,24.60199999999835
0.7899999999998316,24.700499999998332
0.7999999999998316,24.799999999998317
0.8099999999998316,24.9004999999983
0.8199999999998316,25.001999999998283
0.8299999999998317,25.104499999998268
0.8399999999998317,25.20799999999825
0.8499999999998317,25.31249999999823
0.8599999999998317,25.417999999998216
0.8699999999998317,25.5244999999982
0.8799999999998317,25.631999999998182
0.8899999999998317,25.740499999998164
0.8999999999998317,25.849999999998147
0.9099999999998317,25.960499999998135
0.9199999999998317,26.071999999998116
0.9299999999998317,26.1844999999981
0.9399999999998317,26.297999999998083
0.9499999999998318,26.412499999998065
0.9599999999998318,26.52799999999805
0.9699999999998318,26.644499999998033
0.9799999999998318,26.761999999998014
0.9899999999998318,26.880499999997998
0.9999999999998318,26.999999999997982
1.0099999999998317,27.120499999997964
1.0199999999998317,27.241999999997947
1.0299999999998317,27.364499999997932
1.0399999999998317,27.487999999997914
1.0499999999998317,27.612499999997898
1.0599999999998317,27.737999999997882
1.0699999999998318,27.86449999999786
1.0799999999998318,27.991999999997844
1.0899999999998318,28.120499999997833
1.0999999999998318,28.24999999999781
1.1099999999998318,28.380499999997795
1.1199999999998318,28.51199999999778
1.1299999999998318,28.644499999997763
1.1399999999998318,28.777999999997746
1.1499999999998318,28.912499999997728
1.1599999999998318,29.047999999997714
1.1699999999998318,29.184499999997698
1.1799999999998319,29.32199999999768
1.1899999999998319,29.460499999997662
1.1999999999998319,29.599999999997646
1.2099999999998319,29.74049999999763
1.2199999999998319,29.881999999997614
1.229999999999832,30.024499999997595
1.239999999999832,30.16799999999758
1.249999999999832,30.312499999997563
1.259999999999832,30.457999999997547
1.269999999999832,30.60449999999753
1.279999999999832,30.751999999997512
1.289999999999832,30.900499999997496
1.299999999999832,31.049999999997482
1.309999999999832,31.20049999999746
1.319999999999832,31.351999999997446
1.329999999999832,31.504499999997428
1.339999999999832,31.657999999997415
1.349999999999832,31.812499999997396
1.359999999999832,31.96799999999738
1.369999999999832,32.12449999999736
1.379999999999832,32.281999999997346
1.389999999999832,32.44049999999733
1.399999999999832,32.59999999999731
1.409999999999832,32.76049999999729
1.419999999999832,32.92199999999728
1.429999999999832,33.08449999999726
1.439999999999832,33.24799999999725
1.449999999999832,33.41249999999723
1.459999999999832,33.57799999999721
1.469999999999832,33.744499999997196
1.4799999999998321,33.91199999999718
1.4899999999998321,34.080499999997166
1.4999999999998321,34.249999999997144
1.5099999999998321,34.420499999997126
1.5199999999998322,34.591999999997114
1.5299999999998322,34.7644999999971
1.5399999999998322,34.93799999999708
1.5499999999998322,35.11249999999706
1.5599999999998322,35.28799999999704
1.5699999999998322,35.46449999999703
1.5799999999998322,35.64199999999701
1.5899999999998322,35.820499999997
1.5999999999998322,35.99999999999698
1.6099999999998322,36.18049999999696
1.6199999999998322,36.36199999999695
1.6299999999998322,36.54449999999693
1.6399999999998323,36.72799999999691
1.6499999999998323,36.912499999996896
1.6599999999998323,37.09799999999688
1.6699999999998323,37.28449999999687
1.6799999999998323,37.47199999999685
1.6899999999998323,37.66049999999683
1.6999999999998323,37.84999999999681
1.7099999999998323,38.0404999999968
1.7199999999998323,38.23199999999678
1.7299999999998323,38.42449999999677
1.7399999999998323,38.61799999999675
1.7499999999998324,38.81249999999673
1.7599999999998324,39.00799999999671
1.7699999999998324,39.2044999999967
1.7799999999998324,39.40199999999668
1.7899999999998324,39.600499999996664
1.7999999999998324,39.79999999999664
1.8099999999998324,40.000499999996634
1.8199999999998324,40.201999999996616
1.8299999999998324,40.4044999999966
1.8399999999998324,40.60799999999658
1.8499999999998324,40.81249999999656
1.8599999999998325,41.01799999999655
1.8699999999998325,41.22449999999653
1.8799999999998325,41.43199999999651
1.8899999999998325,41.64049999999649
1.8999999999998325,41.84999999999648
1.9099999999998325,42.060499999996466
1.9199999999998325,42.27199999999645
1.9299999999998325,42.48449999999643
1.9399999999998325,42.69799999999641
1.9499999999998325,42.9124999999964
1.9599999999998325,43.127999999996376
1.9699999999998326,43.344499999996366
1.9799999999998326,43.56199999999635
1.9899999999998326,43.78049999999634
1.9999999999998326,43.99999999999632
2.0099999999998324,44.22049999999629
2.019999999999832,44.44199999999628
2.029999999999832,44.66449999999625
2.0399999999998317,44.88799999999623
2.0499999999998315,45.11249999999621
2.0599999999998313,45.337999999996185
2.069999999999831,45.56449999999617
2.079999999999831,45.79199999999615
2.0899999999998307,46.02049999999612
2.0999999999998304,46.249999999996106
2.1099999999998302,46.480499999996084
2.11999999999983,46.71199999999606
2.12999999999983,46.94449999999604
2.1399999999998296,47.17799999999602
2.1499999999998294,47.412499999995994
2.159999999999829,47.647999999995974
2.169999999999829,47.88449999999595
2.1799999999998287,48.12199999999592
2.1899999999998285,48.3604999999959
2.1999999999998283,48.59999999999588
2.209999999999828,48.840499999995856
2.219999999999828,49.08199999999584
2.2299999999998277,49.324499999995815
2.2399999999998275,49.56799999999579
2.2499999999998272,49.812499999995765
2.259999999999827,50.057999999995744
2.269999999999827,50.30449999999573
2.2799999999998266,50.5519999999957
2.2899999999998264,50.80049999999568
2.299999999999826,51.049999999995656
2.309999999999826,51.30049999999564
2.3199999999998258,51.551999999995616
2.3299999999998255,51.804499999995585
2.3399999999998253,52.057999999995566
2.349999999999825,52.31249999999554
2.359999999999825,52.567999999995514
2.3699999999998247,52.824499999995496
2.3799999999998245,53.081999999995475
2.3899999999998243,53.34049999999545
2.399999999999824,53.599999999995426
2.409999999999824,53.860499999995405
2.4199999999998236,54.12199999999538
2.4299999999998234,54.384499999995356
2.439999999999823,54.647999999995335
2.449999999999823,54.91249999999531
2.4599999999998228,55.177999999995286
2.4699999999998226,55.444499999995266
2.4799999999998223,55.711999999995236
2.489999999999822,55.98049999999522
2.499999999999822,56.24999999999519
2.5099999999998217,56.52049999999517
2.5199999999998215,56.79199999999514
2.5299999999998213,57.06449999999512
2.539999999999821,57.3379999999951
2.549999999999821,57.61249999999507
2.5599999999998206,57.88799999999505
2.5699999999998204,58.16449999999502
2.57999999999982,58.441999999995005
2.58999999999982,58.72049999999498
2.59999999999982,58.999999999994955
2.6099999999998196,59.28049999999493
2.6199999999998194,59.56199999999491
2.629999999999819,59.84449999999488
2.639999999999819,60.12799999999486
2.6499999999998187,60.41249999999483
2.6599999999998185,60.69799999999481
2.6699999999998183,60.98449999999478
2.679999999999818,61.27199999999476
2.689999999999818,61.56049999999473
2.6999999999998177,61.849999999994715
2.7099999999998174,62.14049999999469
2.7199999999998172,62.431999999994666
2.729999999999817,62.724499999994634
2.739999999999817,63.017999999994615
2.7499999999998166,63.312499999994586
2.7599999999998164,63.60799999999457
2.769999999999816,63.90449999999454
2.779999999999816,64.20199999999451
2.7899999999998157,64.50049999999449
2.7999999999998155,64.79999999999447
2.8099999999998153,65.10049999999444
2.819999999999815,65.40199999999442
2.829999999999815,65.7044999999944
2.8399999999998147,66.00799999999437
2.8499999999998145,66.31249999999434
2.8599999999998142,66.61799999999431
2.869999999999814,66.92449999999428
2.879999999999814,67.23199999999426
2.8899999999998136,67.54049999999424
2.8999999999998134,67.84999999999422
2.909999999999813,68.16049999999419
2.919999999999813,68.47199999999417
2.9299999999998128,68.78449999999414
2.9399999999998125,69.09799999999412
2.9499999999998123,69.41249999999408
2.959999999999812,69.72799999999407
2.969999999999812,70.04449999999403
2.9799999999998117,70.36199999999401
2.9899999999998115,70.68049999999398
2.9999999999998113,70.99999999999396
3.009999999999811,71.32049999999393
3.019999999999811,71.64199999999391
3.0299999999998106,71.96449999999388
3.0399999999998104,72.28799999999386
3.04999999999981,72.61249999999383
3.05999999999981,72.9379999999938
3.0699999999998098,73.26449999999377
3.0799999999998096,73.59199999999376
3.0899999999998093,73.92049999999372
3.099999999999809,74.2499999999937
3.109999999999809,74.58049999999368
3.1199999999998087,74.91199999999365
3.1299999999998085,75.24449999999362
3.1399999999998083,75.57799999999361
3.149999999999808,75.91249999999357
3.159999999999808,76.24799999999354
3.1699999999998076,76.58449999999351
3.1799999999998074,76.92199999999349
3.189999999999807,77.26049999999347
3.199999999999807,77.59999999999344
3.209999999999807,77.94049999999342
3.2199999999998066,78.28199999999339
3.2299999999998064,78.62449999999336
3.239999999999806,78.96799999999334
3.249999999999806,79.3124999999933
3.2599999999998057,79.65799999999328
3.2699999999998055,80.00449999999324
3.2799999999998053,80.35199999999321
3.289999999999805,80.7004999999932
3.299999999999805,81.04999999999316
3.3099999999998047,81.40049999999314
3.3199999999998044,81.7519999999931
3.3299999999998042,82.1044999999931
3.339999999999804,82.45799999999306
3.349999999999804,82.81249999999304
3.3599999999998036,83.16799999999301
3.3699999999998034,83.52449999999297
3.379999999999803,83.88199999999296
3.389999999999803,84.24049999999293
3.3999999999998027,84.59999999999289
3.4099999999998025,84.96049999999288
3.4199999999998023,85.32199999999284
3.429999999999802,85.68449999999282
3.439999999999802,86.04799999999278
3.4499999999998017,86.41249999999276
3.4599999999998015,86.77799999999273
3.4699999999998012,87.1444999999927
3.479999999999801,87.51199999999267
3.489999999999801,87.88049999999265
3.4999999999998006,88.24999999999261
3.5099999999998004,88.6204999999926
3.5199999999998,88.99199999999256
3.5299999999998,89.36449999999255
3.5399999999997998,89.7379999999925
3.5499999999997995,90.11249999999248
3.5599999999997993,90.48799999999245
3.569999999999799,90.86449999999243
3.579999999999799,91.24199999999239
3.5899999999997987,91.62049999999238
3.5999999999997985,91.99999999999233
3.6099999999997983,92.38049999999232
3.619999999999798,92.76199999999228
3.629999999999798,93.14449999999226
3.6399999999997976,93.52799999999222
3.6499999999997974,93.9124999999922
3.659999999999797,94.29799999999217
3.669999999999797,94.68449999999214
3.6799999999997968,95.0719999999921
3.6899999999997966,95.4604999999921
3.6999999999997963,95.84999999999205
3.709999999999796,96.24049999999202
3.719999999999796,96.63199999999199
3.7299999999997957,97.02449999999197
3.7399999999997955,97.41799999999193
3.7499999999997953,97.81249999999191
3.759999999999795,98.20799999999187
3.769999999999795,98.60449999999186
3.7799999999997946,99.00199999999182
3.7899999999997944,99.4004999999918
3.799999999999794,99.79999999999175
3.809999999999794,100.20049999999175
3.819999999999794,100.6019999999917
3.8299999999997936,101.00449999999168
3.8399999999997934,101.40799999999165
3.849999999999793,101.81249999999163
3.859999999999793,102.21799999999159
3.8699999999997927,102.62449999999156
3.8799999999997925,103.03199999999153
3.8899999999997923,103.44049999999152
3.899999999999792,103.84999999999147
3.909999999999792,104.26049999999144
3.9199999999997917,104.6719999999914
3.9299999999997914,105.0844999999914
3.9399999999997912,105.49799999999135
3.949999999999791,105.91249999999133
3.959999999999791,106.32799999999129
3.9699999999997906,106.74449999999128
3.9799999999997904,107.16199999999124
3.98999999999979,107.5804999999912
3.99999999999979,107.99999999999116
4.00999999999979,108.42049999999118
4.01999999999979,108.84199999999113
4.02999999999979,109.2644999999911
4.0399999999997895,109.68799999999106
4.049999999999789,110.11249999999106
4.059999999999789,110.53799999999102
4.069999999999789,110.96449999999098
4.079999999999789,111.39199999999096
4.0899999999997885,111.82049999999094
4.099999999999788,112.24999999999089
4.109999999999788,112.68049999999086
4.119999999999788,113.11199999999084
4.129999999999788,113.54449999999082
4.139999999999787,113.97799999999077
4.149999999999787,114.41249999999073
4.159999999999787,114.84799999999072
4.169999999999787,115.28449999999069
4.1799999999997866,115.72199999999066
4.189999999999786,116.1604999999906
4.199999999999786,116.59999999999059
4.209999999999786,117.04049999999057
4.219999999999786,117.48199999999053
4.2299999999997855,117.92449999999049
4.239999999999785,118.36799999999047
4.249999999999785,118.81249999999045
4.259999999999785,119.2579999999904
4.269999999999785,119.70449999999036
4.279999999999784,120.15199999999035
4.289999999999784,120.60049999999032
4.299999999999784,121.04999999999028
4.309999999999784,121.50049999999024
4.319999999999784,121.95199999999022
4.329999999999783,122.4044999999902
4.339999999999783,122.85799999999016
4.349999999999783,123.31249999999011
4.359999999999783,123.76799999999008
4.3699999999997825,124.22449999999007
4.379999999999782,124.68199999999003
4.389999999999782,125.14049999998998
4.399999999999782,125.59999999998996
4.409999999999782,126.06049999998994
4.419999999999781,126.5219999999899
4.429999999999781,126.98449999998986
4.439999999999781,127.44799999998983
4.449999999999781,127.91249999998982
4.459999999999781,128.37799999998975
4.46999999999978,128.84449999998975
4.47999999999978,129.31199999998972
4.48999999999978,129.78049999998967
4.49999999999978,130.24999999998965
4.5099999999997795,130.7204999999896
4.519999999999779,131.19199999998958
4.529999999999779,131.66449999998957
4.539999999999779,132.13799999998952
4.549999999999779,132.6124999999895
4.5599999999997785,133.08799999998945
4.569999999999778,133.56449999998944
4.579999999999778,134.0419999999894
4.589999999999778,134.52049999998934
4.599999999999778,134.9999999999893
4.609999999999777,135.48049999998932
4.619999999999777,135.96199999998925
4.629999999999777,136.4444999999892
4.639999999999777,136.9279999999892
4.6499999999997765,137.41249999998917
4.659999999999776,137.8979999999891
4.669999999999776,138.3844999999891
4.679999999999776,138.87199999998907
4.689999999999776,139.36049999998903
4.6999999999997755,139.849999999989
4.709999999999775,140.34049999998894
4.719999999999775,140.83199999998894
4.729999999999775,141.32449999998892
4.739999999999775,141.81799999998887
4.749999999999774,142.3124999999888
4.759999999999774,142.8079999999888
4.769999999999774,143.30449999998876
4.779999999999774,143.80199999998874
4.7899999999997736,144.3004999999887
4.799999999999773,144.79999999998867
4.809999999999773,145.30049999998863
4.819999999999773,145.8019999999886
4.829999999999773,146.30449999998854
4.8399999999997725,146.80799999998854
4.849999999999772,147.31249999998852
4.859999999999772,147.81799999998847
4.869999999999772,148.32449999998843
4.879999999999772,148.8319999999884
4.889999999999771,149.34049999998837
4.899999999999771,149.8499999999883
4.909999999999771,150.3604999999883
4.919999999999771,150.87199999998828
4.929999999999771,151.38449999998824
4.93999999999977,151.8979999999882
4.94999999999977,152.41249999998817
4.95999999999977,152.92799999998812
4.96999999999977,153.4444999999881
4.9799999999997695,153.96199999998805
4.989999999999769,154.480499999988
4.999999999999769,154.999999999988
5.009999999999769,155.52049999998798
5.019999999999769,156.04199999998792
5.029999999999768,156.56449999998787
5.039999999999768,157.08799999998786
5.049999999999768,157.61249999998782
5.059999999999768,158.1379999999878
5.069999999999768,158.66449999998773
5.079999999999767,159.19199999998773
5.089999999999767,159.72049999998768
5.099999999999767,160.24999999998764
5.109999999999767,160.78049999998763
5.1199999999997665,161.31199999998756
5.129999999999766,161.84449999998756
5.139999999999766,162.37799999998754
5.149999999999766,162.91249999998746
5.159999999999766,163.44799999998745
5.1699999999997654,163.9844999999874
5.179999999999765,164.52199999998737
5.189999999999765,165.06049999998734
5.199999999999765,165.5999999999873
5.209999999999765,166.14049999998727
5.219999999999764,166.68199999998723
5.229999999999764,167.2244999999872
5.239999999999764,167.76799999998715
5.249999999999764,168.31249999998712
5.2599999999997635,168.8579999999871
5.269999999999763,169.40449999998705
5.279999999999763,169.951999999987
5.289999999999763,170.500499999987
5.299999999999763,171.04999999998694
5.3099999999997625,171.6004999999869
5.319999999999762,172.15199999998688
5.329999999999762,172.70449999998684
5.339999999999762,173.2579999999868
5.349999999999762,173.81249999998678
5.359999999999761,174.36799999998672
5.369999999999761,174.92449999998672
5.379999999999761,175.48199999998667
5.389999999999761,176.04049999998662
5.3999999999997605,176.5999999999866
5.40999999999976,177.16049999998654
5.41999999999976,177.7219999999865
5.42999999999976,178.28449999998648
5.43999999999976,178.84799999998643
5.4499999999997595,179.41249999998644
5.459999999999759,179.97799999998637
5.469999999999759,180.54449999998633
5.479999999999759,181.1119999999863
5.489999999999759,181.68049999998627
5.499999999999758,182.24999999998624
5.509999999999758,182.8204999999862
5.519999999999758,183.39199999998615
5.529999999999758,183.96449999998615
5.539999999999758,184.53799999998608
5.549999999999757,185.11249999998603
5.559999999999757,185.687999999986
5.569999999999757,186.264499999986
5.579999999999757,186.84199999998594
5.5899999999997565,187.4204999999859
5.599999999999756,187.99999999998585
5.609999999999756,188.58049999998585
5.619999999999756,189.16199999998577
5.629999999999756,189.74449999998575
5.639999999999755,190.32799999998574
5.649999999999755,190.91249999998567
5.659999999999755,191.49799999998564
5.669999999999755,192.0844999999856
5.679999999999755,192.67199999998556
5.689999999999754,193.26049999998554
5.699999999999754,193.84999999998547
5.709999999999754,194.44049999998543
5.719999999999754,195.03199999998543
5.7299999999997535,195.62449999998537
5.739999999999753,196.21799999998535
5.749999999999753,196.8124999999853
5.759999999999753,197.40799999998526
5.769999999999753,198.00449999998526
5.7799999999997524,198.6019999999852
5.789999999999752,199.20049999998514
5.799999999999752,199.79999999998512
5.809999999999752,200.40049999998507
5.819999999999752,201.00199999998506
5.829999999999751,201.604499999985
5.839999999999751,202.20799999998496
5.849999999999751,202.81249999998494
5.859999999999751,203.4179999999849
5.8699999999997505,204.02449999998484
5.87999999999975,204.63199999998483
5.88999999999975,205.2404999999848
5.89999999999975,205.84999999998473
5.90999999999975,206.4604999999847
5.9199999999997495,207.07199999998466
5.929999999999749,207.68449999998464
5.939999999999749,208.2979999999846
5.949999999999749,208.91249999998453
5.959999999999749,209.52799999998453
5.969999999999748,210.14449999998448
5.979999999999748,210.76199999998443
5.989999999999748,211.3804999999844
5.999999999999748,211.99999999998437
6.0099999999997475,212.62049999998433
6.019999999999747,213.24199999998427
6.029999999999747,213.86449999998422
6.039999999999747,214.48799999998423
6.049999999999747,215.11249999998418
6.0599999999997465,215.73799999998414
6.069999999999746,216.3644999999841
6.079999999999746,216.99199999998405
6.089999999999746,217.62049999998402
6.099999999999746,218.24999999998397
6.109999999999745,218.88049999998393
6.119999999999745,219.5119999999839
6.129999999999745,220.14449999998385
6.139999999999745,220.77799999998382
6.149999999999745,221.41249999998377
6.159999999999744,222.04799999998374
6.169999999999744,222.68449999998373
6.179999999999744,223.3219999999837
6.189999999999744,223.9604999999836
6.1999999999997435,224.5999999999836
6.209999999999743,225.24049999998354
6.219999999999743,225.8819999999835
6.229999999999743,226.52449999998348
6.239999999999743,227.1679999999834
6.249999999999742,227.8124999999834
6.259999999999742,228.45799999998337
6.269999999999742,229.1044999999833
6.279999999999742,229.75199999998327
6.289999999999742,230.40049999998323
6.299999999999741,231.04999999998319
6.309999999999741,231.70049999998315
6.319999999999741,232.3519999999831
6.329999999999741,233.0044999999831
6.3399999999997405,233.65799999998302
6.34999999999974,234.31249999998298
6.35999999999974,234.96799999998296
6.36999999999974,235.6244999999829
6.37999999999974,236.28199999998287
6.389999999999739,236.94049999998282
6.399999999999739,237.59999999998277
6.409999999999739,238.26049999998276
6.419999999999739,238.9219999999827
6.429999999999739,239.58449999998265
6.439999999999738,240.24799999998265
6.449999999999738,240.9124999999826
6.459999999999738,241.57799999998255
6.469999999999738,242.2444999999825
6.4799999999997375,242.91199999998244
6.489999999999737,243.58049999998244
6.499999999999737,244.24999999998238
6.509999999999737,244.92049999998233
6.519999999999737,245.59199999998233
6.5299999999997365,246.26449999998226
6.539999999999736,246.93799999998222
6.549999999999736,247.6124999999822
6.559999999999736,248.2879999999821
6.569999999999736,248.9644999999821
6.579999999999735,249.64199999998203
6.589999999999735,250.320499999982
6.599999999999735,250.999999999982
6.609999999999735,251.68049999998195
6.6199999999997345,252.3619999999819
6.629999999999734,253.04449999998187
6.639999999999734,253.7279999999818
6.649999999999734,254.41249999998178
6.659999999999734,255.0979999999817
6.6699999999997335,255.78449999998168
6.679999999999733,256.4719999999817
6.689999999999733,257.1604999999816
6.699999999999733,257.8499999999816
6.709999999999733,258.54049999998153
6.719999999999732,259.23199999998144
6.729999999999732,259.92449999998144
6.739999999999732,260.6179999999814
6.749999999999732,261.31249999998136
6.759999999999732,262.00799999998134
6.769999999999731,262.7044999999813
6.779999999999731,263.40199999998123
6.789999999999731,264.1004999999812
6.799999999999731,264.7999999999811
6.8099999999997305,265.5004999999811
6.81999999999973,266.20199999998107
6.82999999999973,266.904499999981
6.83999999999973,267.607999999981
6.84999999999973,268.3124999999809
6.859999999999729,269.01799999998093
6.869999999999729,269.7244999999808
6.879999999999729,270.4319999999808
6.889999999999729,271.14049999998076
6.899999999999729,271.84999999998075
6.909999999999728,272.56049999998066
6.919999999999728,273.27199999998066
6.929999999999728,273.9844999999806
6.939999999999728,274.69799999998054
6.9499999999997275,275.4124999999805
6.959999999999727,276.12799999998043
6.969999999999727,276.8444999999804
6.979999999999727,277.5619999999804
6.989999999999727,278.28049999998035
6.999999999999726,278.99999999998033
7.009999999999726,279.7204999999803
7.019999999999726,280.4419999999802
7.029999999999726,281.16449999998014
7.039999999999726,281.88799999998014
7.049999999999725,282.6124999999801
7.059999999999725,283.33799999998007
7.069999999999725,284.06449999998
7.079999999999725,284.79199999997996
7.0899999999997245,285.52049999997996
7.099999999999724,286.2499999999799
7.109999999999724,286.9804999999798
7.119999999999724,287.71199999997975
7.129999999999724,288.44449999997977
7.1399999999997235,289.1779999999797
7.149999999999723,289.9124999999797
7.159999999999723,290.6479999999796
7.169999999999723,291.3844999999796
7.179999999999723,292.12199999997955
7.189999999999722,292.8604999999795
7.199999999999722,293.59999999997945
7.209999999999722,294.3404999999794
7.219999999999722,295.08199999997936
7.2299999999997215,295.8244999999793
7.239999999999721,296.5679999999793
7.249999999999721,297.31249999997925
7.259999999999721,298.0579999999792
7.269999999999721,298.80449999997916
7.2799999999997205,299.55199999997905
7.28999999999972,300.300499999979
7.29999999999972,301.04999999997904
7.30999999999972,301.80049999997897
7.31999999999972,302.55199999997893
7.329999999999719,303.30449999997893
7.339999999999719,304.05799999997885
7.349999999999719,304.81249999997874
7.359999999999719,305.5679999999787
7.3699999999997186,306.3244999999787
7.379999999999718,307.0819999999786
7.389999999999718,307.8404999999786
7.399999999999718,308.5999999999786
7.409999999999718,309.3604999999785
7.4199999999997175,310.12199999997847
7.429999999999717,310.8844999999784
7.439999999999717,311.64799999997837
7.449999999999717,312.4124999999783
7.459999999999717,313.1779999999783
7.469999999999716,313.94449999997823
7.479999999999716,314.7119999999782
7.489999999999716,315.4804999999782
7.499999999999716,316.2499999999781
7.509999999999716,317.02049999997803
7.519999999999715,317.79199999997803
7.529999999999715,318.564499999978
7.539999999999715,319.3379999999779
7.549999999999715,320.1124999999779
7.5599999999997145,320.88799999997786
7.569999999999714,321.6644999999778
7.579999999999714,322.4419999999777
7.589999999999714,323.22049999997773
7.599999999999714,323.9999999999776
7.609999999999713,324.7804999999776
7.619999999999713,325.5619999999776
7.629999999999713,326.34449999997753
7.639999999999713,327.1279999999775
7.649999999999713,327.91249999997746
7.659999999999712,328.6979999999774
7.669999999999712,329.4844999999773
7.679999999999712,330.2719999999773
7.689999999999712,331.06049999997725
7.6999999999997115,331.8499999999772
7.709999999999711,332.6404999999772
7.719999999999711,333.43199999997717
7.729999999999711,334.22449999997707
7.739999999999711,335.01799999997706
7.7499999999997105,335.812499999977
7.75999999999971,336.6079999999769
7.76999999999971,337.4044999999769
7.77999999999971,338.20199999997686
7.78999999999971,339.0004999999768
7.799999999999709,339.79999999997676
7.809999999999709,340.60049999997676
7.819999999999709,341.4019999999767
7.829999999999709,342.2044999999766
7.8399999999997085,343.00799999997656
7.849999999999708,343.8124999999765
7.859999999999708,344.61799999997646
7.869999999999708,345.42449999997643
7.879999999999708,346.23199999997644
7.8899999999997075,347.04049999997636
7.899999999999707,347.84999999997626
7.909999999999707,348.66049999997625
7.919999999999707,349.47199999997616
7.929999999999707,350.28449999997616
7.939999999999706,351.09799999997614
7.949999999999706,351.91249999997603
7.959999999999706,352.727999999976
7.969999999999706,353.544499999976
7.9799999999997056,354.3619999999759
7.989999999999705,355.18049999997584
7.999999999999705,355.99999999997584
8.009999999999705,356.82049999997577
8.019999999999705,357.6419999999757
8.029999999999704,358.4644999999757
8.039999999999704,359.2879999999757
8.049999999999704,360.11249999997557
8.059999999999704,360.93799999997555
8.069999999999704,361.7644999999755
8.079999999999703,362.5919999999754
8.089999999999703,363.4204999999754
8.099999999999703,364.2499999999754
8.109999999999703,365.0804999999753
8.119999999999703,365.91199999997525
8.129999999999702,366.74449999997523
8.139999999999702,367.57799999997513
8.149999999999702,368.41249999997507
8.159999999999702,369.24799999997504
8.169999999999702,370.08449999997504
8.179999999999701,370.92199999997496
8.189999999999701,371.7604999999749
8.1999999999997,372.5999999999749
8.2099999999997,373.4404999999748
8.2199999999997,374.2819999999748
8.2299999999997,375.1244999999747
8.2399999999997,375.96799999997467
8.2499999999997,376.81249999997465
8.2599999999997,377.6579999999746
8.2699999999997,378.50449999997454
8.2799999999997,379.3519999999745
8.289999999999699,380.20049999997445
8.299999999999699,381.0499999999744
8.309999999999699,381.90049999997433
8.319999999999698,382.75199999997426
8.329999999999698,383.6044999999743
8.339999999999698,384.45799999997416
8.349999999999698,385.31249999997414
8.359999999999697,386.16799999997414
8.369999999999697,387.02449999997407
8.379999999999697,387.881999999974
8.389999999999697,388.74049999997396
8.399999999999697,389.5999999999739
8.409999999999696,390.4604999999739
8.419999999999696,391.3219999999738
8.429999999999696,392.18449999997375
8.439999999999696,393.04799999997374
8.449999999999696,393.9124999999737
8.459999999999695,394.7779999999736
8.469999999999695,395.6444999999735
8.479999999999695,396.5119999999735
8.489999999999695,397.3804999999735
8.499999999999694,398.2499999999734
8.509999999999694,399.1204999999734
8.519999999999694,399.99199999997336
8.529999999999694,400.86449999997325
8.539999999999694,401.7379999999732
8.549999999999693,402.6124999999732
8.559999999999693,403.4879999999731
8.569999999999693,404.3644999999731
8.579999999999693,405.241999999973
8.589999999999693,406.12049999997294
8.599999999999692,406.99999999997294
8.609999999999692,407.8804999999729
8.619999999999692,408.76199999997283
8.629999999999692,409.64449999997277
8.639999999999691,410.52799999997274
8.649999999999691,411.4124999999727
8.659999999999691,412.2979999999726
8.66999999999969,413.1844999999726
8.67999999999969,414.07199999997255
8.68999999999969,414.96049999997246
8.69999999999969,415.8499999999724
8.70999999999969,416.74049999997237
8.71999999999969,417.63199999997227
8.72999999999969,418.52449999997225
8.73999999999969,419.41799999997227
8.74999999999969,420.31249999997215
8.759999999999689,421.2079999999721
8.769999999999689,422.1044999999721
8.779999999999688,423.00199999997204
8.789999999999688,423.90049999997194
8.799999999999688,424.79999999997193
8.809999999999688,425.7004999999719
8.819999999999688,426.60199999997184
8.829999999999687,427.50449999997176
8.839999999999687,428.40799999997176
8.849999999999687,429.3124999999717
8.859999999999687,430.21799999997165
8.869999999999687,431.1244999999716
8.879999999999686,432.0319999999715
8.889999999999686,432.94049999997145
8.899999999999686,433.84999999997143
8.909999999999686,434.76049999997133
8.919999999999686,435.6719999999713
8.929999999999685,436.5844999999713
8.939999999999685,437.4979999999712
8.949999999999685,438.41249999997115
8.959999999999685,439.3279999999711
8.969999999999684,440.2444999999711
8.979999999999684,441.161999999971
8.989999999999684,442.080499999971
8.999999999999684,442.99999999997095
9.009999999999684,443.92049999997084
9.019999999999683,444.84199999997077
9.029999999999683,445.7644999999707
9.039999999999683,446.68799999997066
9.049999999999683,447.6124999999706
9.059999999999683,448.5379999999706
9.069999999999682,449.46449999997054
9.079999999999682,450.3919999999705
9.089999999999682,451.3204999999705
9.099999999999682,452.2499999999704
9.109999999999681,453.1804999999703
9.119999999999681,454.1119999999703
9.129999999999681,455.04449999997024
9.13999999999968,455.97799999997017
9.14999999999968,456.9124999999701
9.15999999999968,457.8479999999701
9.16999999999968,458.78449999997
9.17999999999968,459.72199999996997
9.18999999999968,460.66049999996994
9.19999999999968,461.59999999996984
9.20999999999968,462.5404999999698
9.21999999999968,463.4819999999698
9.229999999999679,464.4244999999697
9.239999999999679,465.3679999999697
9.249999999999678,466.31249999996965
9.259999999999678,467.25799999996957
9.269999999999678,468.20449999996947
9.279999999999678,469.15199999996946
9.289999999999678,470.10049999996943
9.299999999999677,471.0499999999693
9.309999999999677,472.0004999999693
9.319999999999677,472.9519999999693
9.329999999999677,473.9044999999692
9.339999999999677,474.85799999996914
9.349999999999676,475.8124999999691
9.359999999999676,476.767999999969
9.369999999999676,477.724499999969
9.379999999999676,478.6819999999689
9.389999999999675,479.6404999999689
9.399999999999675,480.5999999999688
9.409999999999675,481.5604999999688
9.419999999999675,482.5219999999687
9.429999999999675,483.48449999996865
9.439999999999674,484.4479999999686
9.449999999999674,485.4124999999686
9.459999999999674,486.3779999999685
9.469999999999674,487.3444999999685
9.479999999999674,488.31199999996846
9.489999999999673,489.28049999996836
9.499999999999673,490.2499999999683
9.509999999999673,491.22049999996824
9.519999999999673,492.1919999999682
9.529999999999673,493.16449999996814
9.539999999999672,494.1379999999681
9.549999999999672,495.112499999968
9.559999999999672,496.08799999996796
9.569999999999672,497.06449999996795
9.579999999999671,498.04199999996786
9.589999999999671,499.0204999999678
9.599999999999671,499.99999999996777
9.60999999999967,500.9804999999677
9.61999999999967,501.96199999996765
9.62999999999967,502.9444999999676
9.63999999999967,503.9279999999676
9.64999999999967,504.9124999999675
9.65999999999967,505.8979999999674
9.66999999999967,506.8844999999674
9.67999999999967,507.8719999999673
9.689999999999669,508.86049999996726
9.699999999999669,509.8499999999672
9.709999999999669,510.84049999996716
9.719999999999668,511.83199999996714
9.729999999999668,512.8244999999671
9.739999999999668,513.817999999967
9.749999999999668,514.8124999999669
9.759999999999668,515.8079999999668
9.769999999999667,516.8044999999669
9.779999999999667,517.8019999999667
9.789999999999667,518.8004999999667
9.799999999999667,519.7999999999668
9.809999999999667,520.8004999999666
9.819999999999666,521.8019999999666
9.829999999999666,522.8044999999665
9.839999999999666,523.8079999999663
9.849999999999666,524.8124999999663
9.859999999999665,525.8179999999663
9.869999999999665,526.8244999999663
9.879999999999665,527.8319999999662
9.889999999999665,528.8404999999661
9.899999999999665,529.8499999999661
9.909999999999664,530.860499999966
9.919999999999664,531.871999999966
9.929999999999664,532.884499999966
9.939999999999664,533.8979999999659
9.949999999999664,534.9124999999658
9.959999999999663,535.9279999999658
9.969999999999663,536.9444999999657
9.979999999999663,537.9619999999657
9.989999999999663,538.9804999999656
9.999999999999662,539.9999999999656
