x,y,y = 5x^2 + 2x + 20,salt range: [1;1000]
-10.0,1337.6056160321405
-9.99,878.326666762753
-9.98,1212.1847344942917
-9.97,1453.4926145232748
-9.96,805.9823114382889
-9.950000000000001,871.2781420046879
-9.940000000000001,1431.0441100876055
-9.930000000000001,592.2086876817683
-9.920000000000002,647.7332507181432
-9.910000000000002,552.2531387816066
-9.900000000000002,930.2815342861425
-9.890000000000002,1365.3419557443522
-9.880000000000003,905.3360437442702
-9.870000000000003,1259.7234395048763
-9.860000000000003,757.8916317586161
-9.850000000000003,1438.7401898601302
-9.840000000000003,505.44576891024093
-9.830000000000004,1116.1787786868085
-9.820000000000004,1103.9070939236965
-9.810000000000004,692.1649911610609
-9.800000000000004,767.7344714358246
-9.790000000000004,1407.648322191017
-9.780000000000005,1461.9787527488832
-9.770000000000005,1343.83889460297
-9.760000000000005,1255.344601891029
-9.750000000000005,817.5309876880121
-9.740000000000006,1111.0851103669302
-9.730000000000006,1064.0669641866107
-9.720000000000006,736.4873898148144
-9.710000000000006,596.7663173789184
-9.700000000000006,1311.9023361494476
-9.690000000000007,784.9645626819829
-9.680000000000007,1276.7174639539764
-9.670000000000007,1002.3768429151
-9.660000000000007,862.3664767595028
-9.650000000000007,1163.3221780416984
-9.640000000000008,731.4151982857568
-9.630000000000008,586.4132437946487
-9.620000000000008,906.9584363374263
-9.610000000000008,903.6387288562798
-9.600000000000009,1158.0074471491725
-9.590000000000009,1167.3336340442927
-9.580000000000009,1144.2436139026793
-9.57000000000001,1398.3547451272384
-9.56000000000001,917.45864783752
-9.55000000000001,565.8481816101294
-9.54000000000001,827.1971798090799
-9.53000000000001,1392.3161091033446
-9.52000000000001,484.56309553807193
-9.51000000000001,1437.2603282105183
-9.50000000000001,1200.8460215194773
-9.49000000000001,628.500549668059
-9.480000000000011,1236.5696164627923
-9.470000000000011,782.3357768216315
-9.460000000000012,1271.7590930458123
-9.450000000000012,682.037060933472
-9.440000000000012,739.6701369600735
-9.430000000000012,968.730641208872
-9.420000000000012,1053.9170418584579
-9.410000000000013,1439.5504608804695
-9.400000000000013,1302.8832477914539
-9.390000000000013,1345.0098129159444
-9.380000000000013,685.4924378288486
-9.370000000000013,930.8615363719464
-9.360000000000014,818.8640452964878
-9.350000000000014,779.2870816858197
-9.340000000000014,1061.0719920993515
-9.330000000000014,470.0747445096314
-9.320000000000014,1161.1713709814592
-9.310000000000015,704.5179082631907
-9.300000000000015,873.8518743775529
-9.290000000000015,1313.084102925861
-9.280000000000015,657.5240516300826
-9.270000000000016,502.47640790439635
-9.260000000000016,1212.3374345925222
-9.250000000000016,1288.528873902409
-9.240000000000016,1408.5770007015599
-9.230000000000016,1308.4476000066056
-9.220000000000017,1106.078474663134
-9.210000000000017,1109.230278404746
-9.200000000000017,471.7485223438167
-9.190000000000017,568.6662512142428
-9.180000000000017,664.9716668886549
-9.170000000000018,1321.1403457349318
-9.160000000000018,1179.6303865924417
-9.150000000000018,932.5335834812809
-9.140000000000018,706.6608102262512
-9.130000000000019,1096.8342019467386
-9.120000000000019,1112.5113092779961
-9.110000000000019,1311.643003084028
-9.10000000000002,1016.5666625266662
-9.09000000000002,1330.5770740895687
-9.08000000000002,494.5459193022815
-9.07000000000002,1187.646248722909
-9.06000000000002,635.0774348734877
-9.05000000000002,741.9973655788186
-9.04000000000002,1033.0995264312626
-9.03000000000002,500.99101785031803
-9.020000000000021,816.431022995582
-9.010000000000021,945.3967146808106
-9.000000000000021,470.8007201111714
-8.990000000000022,702.5614917147817
-8.980000000000022,553.8205908893406
-8.970000000000022,691.7287564883952
-8.960000000000022,1369.8325818420672
-8.950000000000022,800.2529598195447
-8.940000000000023,815.2543357511531
-8.930000000000023,740.2774184189504
-8.920000000000023,897.9940722288
-8.910000000000023,482.51167371317445
-8.900000000000023,884.7010866096582
-8.890000000000024,1067.0662088405693
-8.880000000000024,636.0624124965575
-8.870000000000024,650.8714809875804
-8.860000000000024,453.0526775168908
-8.850000000000025,1367.0298131458947
-8.840000000000025,675.9883866693885
-8.830000000000025,943.5179596191156
-8.820000000000025,1353.4345018187228
-8.810000000000025,1056.9789576904927
-8.800000000000026,529.4549744169517
-8.790000000000026,1081.9120878158938
-8.780000000000026,1085.3954789363559
-8.770000000000026,1236.3902060925186
-8.760000000000026,616.3313227242717
-8.750000000000027,1122.5037746262178
-8.740000000000027,522.5086539147485
-8.730000000000027,1313.0514918483661
-8.720000000000027,1352.552920875164
-8.710000000000027,945.5673535264776
-8.700000000000028,447.9136090156728
-8.690000000000028,1250.5950145081522
-8.680000000000028,1106.9591300873458
-8.670000000000028,563.1896399148959
-8.660000000000029,812.3321832827655
-8.650000000000029,644.9486088395372
-8.640000000000029,546.6197295020122
-8.63000000000003,1078.4422598487097
-8.62000000000003,859.0885079929136
-8.61000000000003,1086.7365809243804
-8.60000000000003,1140.1812647874522
-8.59000000000003,377.7692011284511
-8.58000000000003,510.6646080521797
-8.57000000000003,516.6618284218824
-8.56000000000003,838.7648387077415
-8.550000000000031,888.6209289884691
-8.540000000000031,661.3230019337032
-8.530000000000031,530.8999781723978
-8.520000000000032,1203.9462565759502
-8.510000000000032,984.3664421804467
-8.500000000000032,1270.3274086547485
-8.490000000000032,843.5369336924791
-8.480000000000032,502.35015849232724
-8.470000000000033,868.5143658398981
-8.460000000000033,400.29288263163096
-8.450000000000033,363.0813331451281
-8.440000000000033,536.3888650223863
-8.430000000000033,1020.2742557567242
-8.420000000000034,595.1965072614278
-8.410000000000034,590.0827813445994
-8.400000000000034,1230.6778736891551
-8.390000000000034,533.4897692333525
-8.380000000000035,1242.5800947290802
-8.370000000000035,1292.8873042256682
-8.360000000000035,1243.6584423618704
-8.350000000000035,930.9742587533544
-8.340000000000035,814.4759260312464
-8.330000000000036,668.5614183279253
-8.320000000000036,1123.9593682787372
-8.310000000000036,1286.280868327158
-8.300000000000036,1131.587001067247
-8.290000000000036,446.01570493147153
-8.280000000000037,781.0284658412568
-8.270000000000037,734.9376663860062
-8.260000000000037,1045.2527657332453
-8.250000000000037,638.3594676590858
-8.240000000000038,1289.565516641617
-8.230000000000038,707.1795598146548
-8.220000000000038,1181.731942332191
-8.210000000000038,901.5175345445937
-8.200000000000038,1297.2875450379358
-8.190000000000039,464.207813566601
-8.180000000000039,643.333303575801
-8.170000000000039,706.1406120191597
-8.16000000000004,555.5581107824672
-8.15000000000004,770.0088533971114
-8.14000000000004,810.9260388428506
-8.13000000000004,779.8401698588389
-8.12000000000004,342.4114198634946
-8.11000000000004,780.7633922246793
-8.10000000000004,642.3605008159791
-8.09000000000004,526.7795104142734
-8.080000000000041,797.5027439003447
-8.070000000000041,483.87696906031243
-8.060000000000041,1111.3312419316073
-8.050000000000042,381.65182980251745
-8.040000000000042,438.5164186388264
-8.030000000000042,1268.6634849076636
-8.020000000000042,681.2126742797566
-8.010000000000042,1305.0768722278083
-8.000000000000043,378.5626213138818
-7.990000000000043,460.712742617018
-7.980000000000043,958.3996423679728
-7.970000000000043,877.447290585073
-7.9600000000000435,1014.0940111622403
-7.950000000000044,901.9734037328003
-7.940000000000044,919.6833541448563
-7.930000000000044,698.2558153240911
-7.920000000000044,1202.873932040764
-7.9100000000000446,908.5823618670304
-7.900000000000045,358.19411778179347
-7.890000000000045,1047.9348290158362
-7.880000000000045,1201.5267473432116
-7.870000000000045,1188.4721021005823
-7.860000000000046,442.44257385535127
-7.850000000000046,1019.2393368402122
-7.840000000000046,882.2023265460767
-7.830000000000046,550.7871279010689
-7.8200000000000465,532.9899540075164
-7.810000000000047,575.2045057536136
-7.800000000000047,997.8852759279698
-7.790000000000047,489.14060037610426
-7.780000000000047,651.2792270895926
-7.7700000000000475,1240.709336250226
-7.760000000000048,515.8806124182317
-7.750000000000048,970.7426960338659
-7.740000000000048,1245.158058747712
-7.730000000000048,384.6774979144717
-7.720000000000049,1289.0068232965373
-7.710000000000049,1013.4317757156427
-7.700000000000049,1145.6247972552612
-7.690000000000049,1299.9465574023848
-7.6800000000000495,584.0277797311808
-7.67000000000005,882.6394908926806
-7.66000000000005,859.3291640588184
-7.65000000000005,537.8369653254505
-7.64000000000005,1236.8547225492798
-7.6300000000000505,990.3214638843949
-7.620000000000051,591.3582285435491
-7.610000000000051,1204.451978520627
-7.600000000000051,454.04928903769195
-7.590000000000051,827.8843180129736
-7.580000000000052,642.8395019468539
-7.570000000000052,1175.7398618283426
-7.560000000000052,530.1593430602637
-7.550000000000052,515.1406718997001
-7.540000000000052,1077.8921546093054
-7.530000000000053,438.34941920232063
-7.520000000000053,1000.4184357291738
-7.510000000000053,797.3232091941429
-7.500000000000053,804.4575283899974
-7.4900000000000535,1013.3102951305647
-7.480000000000054,998.3402044305769
-7.470000000000054,572.1890728630965
-7.460000000000054,463.54034331611496
-7.450000000000054,1169.5693122582015
-7.440000000000055,837.7392601486233
-7.430000000000055,1279.2457176821592
-7.420000000000055,771.391911854877
-7.410000000000055,884.4138764095775
-7.400000000000055,1088.7093120945203
-7.390000000000056,733.1298351352809
-7.380000000000056,1209.1663351945704
-7.370000000000056,757.8139011648211
-7.360000000000056,667.0903999596728
-7.3500000000000565,1233.1701788913651
-7.340000000000057,1204.5810470768872
-7.330000000000057,837.7134992551076
-7.320000000000057,706.9557816338943
-7.310000000000057,1031.165688996419
-7.3000000000000576,1200.1133575701217
-7.290000000000058,1063.3034682487387
-7.280000000000058,1235.6504286641148
-7.270000000000058,489.41043585433204
-7.260000000000058,1252.2633862993775
-7.250000000000059,283.3062275742106
-7.240000000000059,920.911759250958
-7.230000000000059,510.99607432961824
-7.220000000000059,1056.4156112180517
-7.2100000000000595,1056.3039884832244
-7.20000000000006,409.6043151894595
-7.19000000000006,1074.4237090248153
-7.18000000000006,541.8294149861595
-7.17000000000006,690.1416426364544
-7.1600000000000605,1027.599452135551
-7.150000000000061,954.5557791094907
-7.140000000000061,431.2905793682908
-7.130000000000061,1227.4358885225101
-7.120000000000061,860.331175909877
-7.110000000000062,961.9397966983172
-7.100000000000062,409.95456420217477
-7.090000000000062,334.22116497149415
-7.080000000000062,483.5595742001792
-7.0700000000000625,282.5346738150419
-7.060000000000063,797.9128135454858
-7.050000000000063,298.7642909531997
-7.040000000000063,863.8731924406529
-7.030000000000063,749.8713601811032
-7.0200000000000635,871.0136631593525
-7.010000000000064,597.5788205056092
-7.000000000000064,1198.460976215065
-6.990000000000064,1131.67869822907
-6.980000000000064,1224.4687566600678
-6.970000000000065,735.6701849692888
-6.960000000000065,713.6859857788037
-6.950000000000065,763.0057481930835
-6.940000000000065,823.7764029364356
-6.930000000000065,318.043234870368
-6.920000000000066,691.9913783867812
-6.910000000000066,1107.8722123827902
-6.900000000000066,637.493028033413
-6.890000000000066,559.5030971655077
-6.8800000000000665,246.67008171139912
-6.870000000000067,1081.4777272052108
-6.860000000000067,996.3841466488984
-6.850000000000067,689.7808037293554
-6.840000000000067,614.0296896681978
-6.830000000000068,1215.0015104800036
-6.820000000000068,1073.4857903774887
-6.810000000000068,961.0149122716916
-6.800000000000068,982.48353454682
-6.790000000000068,995.0237212084251
-6.780000000000069,1129.6080190137352
-6.770000000000069,1214.6201955851568
-6.760000000000069,1128.0992357969176
-6.750000000000069,959.5994903502364
-6.7400000000000695,418.81144459813834
-6.73000000000007,1214.5749704880539
-6.72000000000007,376.13605934623683
-6.71000000000007,383.01719583568945
-6.70000000000007,898.3881933527313
-6.690000000000071,1204.1580157032417
-6.680000000000071,658.1023952510934
-6.670000000000071,631.2718435092908
-6.660000000000071,1137.8785704656266
-6.650000000000071,393.1664190696181
-6.640000000000072,683.8642479722182
-6.630000000000072,520.2853283981584
-6.620000000000072,1071.6544877929227
-6.610000000000072,332.6457727137837
-6.6000000000000725,498.3365462650826
-6.590000000000073,258.90420703366897
-6.580000000000073,489.6011355041794
-6.570000000000073,384.16370640110034
-6.560000000000073,942.2879807131739
-6.5500000000000735,808.7068669779201
-6.540000000000074,410.428084399735
-6.530000000000074,740.6581702431516
-6.520000000000074,786.7910641346155
-6.510000000000074,742.6507168331223
-6.500000000000075,732.1408603418139
-6.490000000000075,705.891613443013
-6.480000000000075,560.8482644516362
-6.470000000000075,934.5912903360293
-6.4600000000000755,804.2046469142782
-6.450000000000076,1189.5424777059193
-6.440000000000076,341.7258232968978
-6.430000000000076,661.7038356614557
-6.420000000000076,815.9309416861335
-6.4100000000000765,624.9650998426733
-6.400000000000077,1027.5262068037312
-6.390000000000077,951.8392611852472
-6.380000000000077,1145.6186806326093
-6.370000000000077,766.6492559288698
-6.360000000000078,861.5307049967433
-6.350000000000078,257.8452994033979
-6.340000000000078,1064.9809913650563
-6.330000000000078,1074.4108215268845
-6.320000000000078,227.84320818623073
-6.310000000000079,790.884216365296
-6.300000000000079,443.38893326128266
-6.290000000000079,641.3444003540969
-6.280000000000079,987.8665203206716
-6.2700000000000795,1094.7784424078527
-6.26000000000008,346.46321378422004
-6.25000000000008,872.5696715757767
-6.24000000000008,877.1425282733738
-6.23000000000008,693.4152652839816
-6.220000000000081,673.5453806415751
-6.210000000000081,371.8022559520382
-6.200000000000081,732.087177235617
-6.190000000000081,893.2417305041834
-6.180000000000081,228.57976964699637
-6.170000000000082,742.7806051481314
-6.160000000000082,566.1519809743019
-6.150000000000082,1072.8813593712828
-6.140000000000082,868.9371491418711
-6.1300000000000825,262.58010931824947
-6.120000000000083,764.9428755654108
-6.110000000000083,1041.9034942509447
-6.100000000000083,626.7116314109228
-6.090000000000083,633.8456814029594
-6.080000000000084,919.8279292944574
-6.070000000000084,300.77675489814663
-6.060000000000084,947.0219037094336
-6.050000000000084,272.9739461952082
-6.040000000000084,1069.564978105549
-6.030000000000085,284.0379592746157
-6.020000000000085,437.84828228003767
-6.010000000000085,841.2765086818529
-6.000000000000085,369.4805875315302
-5.9900000000000855,918.7075232908334
-5.980000000000086,775.9363663054282
-5.970000000000086,976.1553477592772
-5.960000000000086,457.73162655367133
-5.950000000000086,1079.982610951229
-5.9400000000000865,663.299100648726
-5.930000000000087,429.32174277481874
-5.920000000000087,1038.1804147391115
-5.910000000000087,776.239578327384
-5.900000000000087,978.8480764819175
-5.890000000000088,1069.0897566408273
-5.880000000000088,449.41507828180943
-5.870000000000088,1145.3765730559392
-5.860000000000088,519.6856327849537
-5.8500000000000885,453.7759288422387
-5.840000000000089,239.44597943766632
-5.830000000000089,594.5277806319607
-5.820000000000089,976.5885952664935
-5.810000000000089,933.2358966106801
-5.8000000000000895,1015.6099071336344
-5.79000000000009,665.1804995694239
-5.78000000000009,1038.215431755723
-5.77000000000009,485.56969444353706
-5.76000000000009,1089.212811285089
-5.750000000000091,455.7263057315705
-5.740000000000091,768.567638264493
-5.730000000000091,746.0265619997108
-5.720000000000091,684.4427164472186
-5.7100000000000914,683.4775400568647
-5.700000000000092,652.236829295399
-5.690000000000092,935.1409285941054
-5.680000000000092,731.0837985003805
-5.670000000000092,718.1803576315604
-5.6600000000000925,951.9687265746601
-5.650000000000093,643.1304564766419
-5.640000000000093,510.56301412602045
-5.630000000000093,169.05565429099076
-5.620000000000093,273.07525901509644
-5.610000000000094,677.58750564403
-5.600000000000094,674.8605722469081
-5.590000000000094,857.3990118430478
-5.580000000000094,479.2260351432904
-5.570000000000094,431.49549096596456
-5.560000000000095,407.81525720867467
-5.550000000000095,256.77108985466884
-5.540000000000095,354.1505721595826
-5.530000000000095,478.6010100862387
-5.5200000000000955,748.3562728560166
-5.510000000000096,732.8094039291224
-5.500000000000096,653.78232679815
-5.490000000000096,353.17327993566346
-5.480000000000096,345.19231180674666
-5.470000000000097,164.69320898755535
-5.460000000000097,443.3758152982737
-5.450000000000097,721.1819465818047
-5.440000000000097,162.4896010334432
-5.430000000000097,780.2921220087871
-5.420000000000098,864.128322139454
-5.410000000000098,399.9247540983597
-5.400000000000098,906.0699484308426
-5.390000000000098,287.0304784122952
-5.3800000000000985,723.8370601683918
-5.370000000000099,933.1359658158317
-5.360000000000099,189.65998268518408
-5.350000000000099,630.497840471543
-5.340000000000099,556.1233190233926
-5.3300000000000995,678.607194999678
-5.3200000000001,710.7228867951324
-5.3100000000001,962.8377637012991
-5.3000000000001,1042.7547252545364
-5.2900000000001,615.3515159658505
-5.280000000000101,955.404078330808
-5.270000000000101,652.9452470566822
-5.260000000000101,943.5969051760096
-5.250000000000101,327.3424307235135
-5.2400000000001015,202.121741899779
-5.230000000000102,420.50484622771194
-5.220000000000102,928.7258452122909
-5.210000000000102,870.8586739135701
-5.200000000000102,843.3336296536411
-5.1900000000001025,925.900151538578
-5.180000000000103,957.2320098065971
-5.170000000000103,482.46628957174937
-5.160000000000103,295.0115046906194
-5.150000000000103,398.0261850523165
-5.140000000000104,1097.2478618305636
-5.130000000000104,334.6691785517231
-5.120000000000104,1013.3542632082059
-5.110000000000104,1132.0359175790059
-5.1000000000001044,931.7293463746649
-5.090000000000105,796.2593042678438
-5.080000000000105,388.27111771184644
-5.070000000000105,939.0520057027545
-5.060000000000105,944.5235267507373
-5.0500000000001055,904.3978822528444
-5.040000000000106,533.165944188918
-5.030000000000106,879.8751506912677
-5.020000000000106,531.2527473215898
-5.010000000000106,1005.4587337395101
-5.000000000000107,240.55434691736477
-4.990000000000107,864.7204401735879
-4.980000000000107,529.5470873059759
-4.970000000000107,771.6652107180485
-4.960000000000107,623.0443128502316
-4.950000000000108,951.0125007550901
-4.940000000000108,413.15620288022615
-4.930000000000108,1050.5516864136544
-4.920000000000108,209.21192728908028
-4.9100000000001085,421.271217336097
-4.900000000000109,544.4717331289492
-4.890000000000109,254.28108569122236
-4.880000000000109,513.9034474706209
-4.870000000000109,973.1188994572608
-4.86000000000011,129.9917620468729
-4.85000000000011,245.8496355962141
-4.84000000000011,352.4948556022527
-4.83000000000011,603.4403300631109
-4.82000000000011,773.2582066704272
-4.810000000000111,929.2099901636709
-4.800000000000111,418.6400166074962
-4.790000000000111,1018.7268973818778
-4.780000000000111,769.7988545091404
-4.7700000000001115,1000.3441704747027
-4.760000000000112,895.0391209105549
-4.750000000000112,653.6360888508033
-4.740000000000112,538.6048085967412
-4.730000000000112,566.3173027290802
-4.7200000000001125,1116.7582618495055
-4.710000000000113,629.7974211251745
-4.700000000000113,834.6749664744912
-4.690000000000113,589.3438411824328
-4.680000000000113,556.6314927712281
-4.670000000000114,236.89642037642034
-4.660000000000114,637.1585819992783
-4.650000000000114,362.89689363822174
-4.640000000000114,652.2767423887994
-4.6300000000001145,768.0674959495075
-4.620000000000115,857.6272904198463
-4.610000000000115,476.89250770634726
-4.600000000000115,244.25667268413724
-4.590000000000115,791.6273290355573
-4.5800000000001155,263.0076828665839
-4.570000000000116,978.9799005970102
-4.560000000000116,644.9159100906843
-4.550000000000116,191.1795821770165
-4.540000000000116,257.7058628523167
-4.530000000000117,688.9687083507209
-4.520000000000117,607.4256522825344
-4.510000000000117,556.1227524269791
-4.500000000000117,419.45510818243133
-4.4900000000001175,873.424930177074
-4.480000000000118,714.5671781623349
-4.470000000000118,754.5918324189619
-4.460000000000118,933.4178846072543
-4.450000000000118,737.466412835182
-4.4400000000001185,956.7853155284336
-4.430000000000119,770.8655202123437
-4.420000000000119,319.0736251876637
-4.410000000000119,440.78933466155024
-4.400000000000119,519.0431630456047
-4.39000000000012,139.26985823660792
-4.38000000000012,1094.4232460353685
-4.37000000000012,594.9569588613775
-4.36000000000012,1046.0093519678217
-4.35000000000012,556.6097218246326
-4.340000000000121,272.041953959872
-4.330000000000121,448.98178039294254
-4.320000000000121,905.1091367868313
-4.310000000000121,505.15950704474864
-4.3000000000001215,831.511324134128
-4.290000000000122,220.23231370931322
-4.280000000000122,216.97036928699572
-4.270000000000122,968.2440732433543
-4.260000000000122,562.7621511568459
-4.250000000000123,277.6960852712992
-4.240000000000123,672.7958314446744
-4.230000000000123,570.441163347942
-4.220000000000123,924.8590441728722
-4.210000000000123,134.62948950001456
-4.200000000000124,408.19316791712606
-4.190000000000124,724.436871432388
-4.180000000000124,814.7583662871506
-4.170000000000124,457.62639245793673
-4.1600000000001245,452.9933943703049
-4.150000000000125,616.5649708124199
-4.140000000000125,390.57027286685445
-4.130000000000125,549.1362536855405
-4.120000000000125,526.5895278643313
-4.1100000000001256,113.0618584376368
-4.100000000000126,343.856739539832
-4.090000000000126,1010.4633748109056
-4.080000000000126,198.32660611865867
-4.070000000000126,919.0676531765105
-4.060000000000127,265.4962078240926
-4.050000000000127,542.2781422169305
-4.040000000000127,682.4739489717203
-4.030000000000127,572.4056433449964
-4.0200000000001275,999.6465380307961
-4.010000000000128,1089.6719543399345
-4.000000000000128,787.3114429471369
-3.990000000000128,104.17031560138298
-3.9800000000001283,130.33732205856822
-3.9700000000001285,788.7866487302147
-3.9600000000001288,787.8607692964968
-3.950000000000129,448.15613820626044
-3.940000000000129,995.2227018292193
-3.9300000000001294,422.05003749195726
-3.9200000000001296,241.79279763724236
-3.91000000000013,931.157591540564
-3.90000000000013,871.0263643808796
-3.8900000000001302,339.0486270033887
-3.8800000000001305,1018.0426392503832
-3.8700000000001307,426.1723283079257
-3.860000000000131,225.2093899820534
-3.850000000000131,1050.0686611479885
-3.8400000000001313,1057.6634256943742
-3.8300000000001315,1000.5381127764834
-3.8200000000001317,178.39269133782497
-3.810000000000132,949.3370780477102
-3.800000000000132,636.4500460295603
-3.7900000000001324,141.03535443115703
-3.7800000000001326,572.0649959232059
-3.770000000000133,874.9932885610336
-3.760000000000133,148.8642435856526
-3.7500000000001332,887.9860865572135
-3.7400000000001334,286.1077891398888
-3.7300000000001337,462.82313556879853
-3.720000000000134,682.7921938079268
-3.710000000000134,460.3807357395567
-3.7000000000001343,700.6683267935889
-3.6900000000001345,500.78645640070204
-3.6800000000001347,904.6658076524191
-3.670000000000135,204.06421080139688
-3.660000000000135,446.9121122364995
-3.6500000000001354,741.3691827423147
-3.6400000000001356,1024.4791726384526
-3.630000000000136,945.0119493615766
-3.620000000000136,841.1859988261026
-3.610000000000136,878.7915568376934
-3.6000000000001364,860.2310556538002
-3.5900000000001366,79.72789011846595
-3.580000000000137,647.1231267803503
-3.570000000000137,648.1033908768633
-3.5600000000001373,271.32524469927364
-3.5500000000001375,984.7951058972516
-3.5400000000001377,1060.2211456530988
-3.530000000000138,253.19794093266646
-3.520000000000138,480.45930349075064
-3.5100000000001383,577.6105514784704
-3.5000000000001386,1059.424626036007
-3.4900000000001388,580.775404292636
-3.480000000000139,1053.5335831606549
-3.470000000000139,110.3351157300269
-3.4600000000001394,520.24334267878
-3.4500000000001396,907.2872911754291
-3.44000000000014,557.1114598576784
-3.43000000000014,529.0903352030014
-3.4200000000001403,733.9372655787423
-3.4100000000001405,1055.8932682733428
-3.4000000000001407,162.9620240885642
-3.390000000000141,980.4328469547772
-3.380000000000141,227.29979967059455
-3.3700000000001413,210.46115141573995
-3.3600000000001415,719.2165854815162
-3.3500000000001418,297.1379899138551
-3.340000000000142,1027.5703853388156
-3.330000000000142,843.6417714547841
-3.3200000000001424,1057.6702411667925
-3.3100000000001426,545.323714506276
-3.300000000000143,767.0077694155667
-3.290000000000143,466.0498153513969
-3.2800000000001432,556.7595957825677
-3.2700000000001435,964.9460235934998
-3.2600000000001437,271.6550812383032
-3.250000000000144,153.58174816465203
-3.240000000000144,229.74811226962055
-3.2300000000001443,885.6974099154686
-3.2200000000001445,528.8282096944629
-3.2100000000001447,1059.9023575067768
-3.200000000000145,857.6502187158338
-3.190000000000145,450.3391182079296
-3.1800000000001454,177.8584444640856
-3.1700000000001456,371.13085480361445
-3.160000000000146,936.4253449402579
-3.150000000000146,227.4989877603888
-3.1400000000001462,918.6208103325039
-3.1300000000001464,409.758037669823
-3.1200000000001467,457.97333445269277
-3.110000000000147,1045.9657110343537
-3.100000000000147,482.37927385080025
-3.0900000000001473,844.8255892996899
-3.0800000000001475,794.4623086209898
-3.0700000000001477,632.5110480413955
-3.060000000000148,1059.480079852817
-3.050000000000148,215.39886272064626
-3.0400000000001484,205.52034672564272
-3.0300000000001486,885.2710034640453
-3.020000000000149,328.42464297556893
-3.010000000000149,224.36441207487889
-3.000000000000149,737.8221853937401
-2.9900000000001494,864.7174093615047
-2.9800000000001496,480.85279720643575
-2.97000000000015,509.5833878081205
-2.96000000000015,536.6020850250086
-2.9500000000001503,834.2510620042202
-2.9400000000001505,886.9682085835902
-2.9300000000001507,849.4322441955339
-2.920000000000151,838.6243572746661
-2.910000000000151,932.4476992171063
-2.9000000000001513,295.9367168201353
-2.8900000000001516,1009.7618537320278
-2.8800000000001518,166.14260434826286
-2.870000000000152,308.9881381388191
-2.860000000000152,715.7893141208631
-2.8500000000001524,689.3062607500829
-2.8400000000001526,491.3789779087182
-2.830000000000153,806.3035543030661
-2.820000000000153,367.36048970920064
-2.8100000000001533,270.57253387087644
-2.8000000000001535,391.05462010943717
-2.7900000000001537,518.9674976208316
-2.780000000000154,356.7937004873241
-2.770000000000154,333.2426888814606
-2.7600000000001543,460.5028553240367
-2.7500000000001545,812.8657379282131
-2.7400000000001548,961.1448379080333
-2.730000000000155,137.11922360017104
-2.720000000000155,506.89585550231004
-2.7100000000001554,636.1751109956556
-2.7000000000001556,671.6151907110507
-2.690000000000156,531.6451841689567
-2.680000000000156,291.1166233944424
-2.6700000000001562,204.1827929394042
-2.6600000000001565,388.9449896691736
-2.6500000000001567,999.0302372795811
-2.640000000000157,837.8069048143956
-2.630000000000157,389.9770025676112
-2.6200000000001573,415.49886263358775
-2.6100000000001575,788.0141371589656
-2.6000000000001577,583.1230157455074
-2.590000000000158,403.04076076758884
-2.580000000000158,138.57439778248315
-2.5700000000001584,345.2983391143037
-2.5600000000001586,879.7300837005139
-2.550000000000159,587.7794903998122
-2.540000000000159,549.465210417502
-2.5300000000001592,501.677558245153
-2.5200000000001594,628.5665773803318
-2.5100000000001597,424.0142124650311
-2.50000000000016,992.8095696511324
-2.49000000000016,119.90219648648657
-2.4800000000001603,56.90984011064653
-2.4700000000001605,61.47098044906316
-2.4600000000001607,790.7558536697045
-2.450000000000161,161.30292249984717
-2.440000000000161,912.2744638477391
-2.4300000000001614,970.2984948761442
-2.4200000000001616,636.4763593016812
-2.410000000000162,378.2088714689735
-2.400000000000162,591.6741074738903
-2.390000000000162,539.6446666352754
-2.3800000000001624,901.5602353870001
-2.3700000000001626,89.1903693374276
-2.360000000000163,975.7786185255343
-2.350000000000163,706.3233633052894
-2.3400000000001633,251.8173562498033
-2.3300000000001635,744.1577603033039
-2.3200000000001637,987.4971589320512
-2.310000000000164,945.6029489586815
-2.300000000000164,216.02376320927812
-2.2900000000001643,236.34727936145265
-2.2800000000001646,144.51908214966076
-2.2700000000001648,206.1475759984449
-2.260000000000165,602.1405574861715
-2.250000000000165,168.22560086235796
-2.2400000000001654,625.3434932363025
-2.2300000000001656,621.1425936387963
-2.220000000000166,905.5369990995734
-2.210000000000166,528.3438633170781
-2.2000000000001663,618.3286953595841
-2.1900000000001665,77.63511354042024
-2.1800000000001667,103.7493002307576
-2.170000000000167,486.17283867028726
-2.160000000000167,973.2931620888401
-2.1500000000001673,976.1214920918868
-2.1400000000001675,482.30633703525325
-2.1300000000001678,261.9501878318579
-2.120000000000168,425.1988589837691
-2.110000000000168,762.4123004612953
-2.1000000000001684,386.15347780729377
-2.0900000000001686,278.57123972102636
-2.080000000000169,909.4482781592134
-2.070000000000169,63.80659406386202
-2.0600000000001693,41.20577382955733
-2.0500000000001695,52.55442187809312
-2.0400000000001697,738.3267171437029
-2.03000000000017,511.60643254911486
-2.02000000000017,840.561911978021
-2.0100000000001703,531.1126830401562
-2.0000000000001705,658.1206367201067
-1.9900000000001705,582.0029776656763
-1.9800000000001705,739.9099146445235
-1.9700000000001705,832.362177296856
-1.9600000000001705,56.44357691194892
-1.9500000000001705,37.36547028458136
-1.9400000000001705,656.6560829044041
-1.9300000000001705,595.6992745511524
-1.9200000000001705,839.3008606845041
-1.9100000000001705,799.9642723780854
-1.9000000000001704,1017.3083249540077
-1.8900000000001704,399.37738296794623
-1.8800000000001704,747.424378259715
-1.8700000000001704,340.15917837735765
-1.8600000000001704,847.6450602716179
-1.8500000000001704,952.3146853884709
-1.8400000000001704,131.40852515185338
-1.8300000000001704,911.0843977728523
-1.8200000000001704,50.20108739576643
-1.8100000000001704,1017.164104029912
-1.8000000000001704,455.17874328516086
-1.7900000000001703,211.86127181972466
-1.7800000000001703,763.6016281262257
-1.7700000000001703,271.6767072068891
-1.7600000000001703,47.32376065213084
-1.7500000000001703,311.3702677731125
-1.7400000000001703,948.2756156666655
-1.7300000000001703,565.3898500425181
-1.7200000000001703,869.8229416207686
-1.7100000000001703,914.6130229430089
-1.7000000000001703,593.0798194938883
-1.6900000000001703,278.67116604813566
-1.6800000000001702,323.6998657012273
-1.6700000000001702,303.69618315922037
-1.6600000000001702,187.36467330695353
-1.6500000000001702,741.1499921120533
-1.6400000000001702,361.13337551680775
-1.6300000000001702,535.4679942006546
-1.6200000000001702,353.01346589632783
-1.6100000000001702,916.5669488956468
-1.6000000000001702,423.55744275771735
-1.5900000000001702,727.8390257009813
-1.5800000000001702,780.9856942311442
-1.5700000000001701,811.0734901451491
-1.5600000000001701,975.2811003131534
-1.5500000000001701,516.8181127447774
-1.5400000000001701,866.8962460552909
-1.5300000000001701,312.012299379644
-1.52000000000017,652.1595285897905
-1.51000000000017,1016.2950213260756
-1.50000000000017,690.1613677526059
-1.49000000000017,414.2098631758895
-1.48000000000017,294.84776027906975
-1.47000000000017,862.6008856305217
-1.46000000000017,231.24283890273432
-1.45000000000017,40.81255399588621
-1.44000000000017,386.16814373543656
-1.43000000000017,175.87764764157606
-1.42000000000017,971.5214359477972
-1.41000000000017,915.6973804144649
-1.40000000000017,662.12272375412
-1.39000000000017,520.2879717150623
-1.38000000000017,270.3312777547844
-1.37000000000017,194.4887898468725
-1.36000000000017,916.0820449890482
-1.35000000000017,195.09669325914226
-1.34000000000017,163.68571081072292
-1.33000000000017,811.2125251714384
-1.32000000000017,265.68136543614065
-1.31000000000017,438.6549686902162
-1.30000000000017,479.2267366174673
-1.29000000000017,747.6180768094936
-1.28000000000017,401.955688365023
-1.2700000000001699,377.31874459537306
-1.2600000000001699,411.92843785748744
-1.2500000000001699,682.2007540093643
-1.2400000000001699,590.2447714877603
-1.2300000000001698,801.3323481934399
-1.2200000000001698,955.0863984469213
-1.2100000000001698,725.9547157309397
-1.2000000000001698,442.3994695935882
-1.1900000000001698,99.7087946735128
-1.1800000000001698,831.123775212941
-1.1700000000001698,201.88837975840428
-1.1600000000001698,729.8205470864981
-1.1500000000001698,936.1378444710177
-1.1400000000001698,816.7456661344139
-1.1300000000001698,675.3329022371227
-1.1200000000001697,756.8612495994296
-1.1100000000001697,497.9531750921863
-1.1000000000001697,606.9727383567118
-1.0900000000001697,692.0758540674261
-1.0800000000001697,64.12497228760175
-1.0700000000001697,400.18990171266813
-1.0600000000001697,612.5855895562933
-1.0500000000001697,931.3504659763216
-1.0400000000001697,481.1890979079002
-1.0300000000001697,576.7636696001347
-1.0200000000001697,335.51106663623716
-1.0100000000001697,730.712233423745
-1.0000000000001696,798.2864093420766
-0.9900000000001696,740.8025004325341
-0.9800000000001696,216.68153104061213
-0.9700000000001696,189.83402057418198
-0.9600000000001696,576.4752465282256
-0.9500000000001696,246.16292103565473
-0.9400000000001696,100.89871935195126
-0.9300000000001696,310.2507913886055
-0.9200000000001696,865.8297901065531
-0.9100000000001696,432.1611319285603
-0.9000000000001696,713.2330916021729
-0.8900000000001695,878.0853231343888
-0.8800000000001695,851.18138097358
-0.8700000000001695,783.5510943778471
-0.8600000000001695,791.4902638071515
-0.8500000000001695,46.78612722569241
-0.8400000000001695,694.9426380304078
-0.8300000000001695,487.7801368870918
-0.8200000000001695,769.2753351988905
-0.8100000000001695,826.9088358344356
-0.8000000000001695,96.54509705467369
-0.7900000000001695,221.553818261407
-0.7800000000001694,154.18683332537609
-0.7700000000001694,939.9722717337702
-0.7600000000001694,338.02208082775564
-0.7500000000001694,248.74114736237615
-0.7400000000001694,995.6711694484449
-0.7300000000001694,743.4205268693921
-0.7200000000001694,835.26766500789
-0.7100000000001694,161.6512335916095
-0.7000000000001694,87.06908154058829
-0.6900000000001694,183.72218516422288
-0.6800000000001694,464.5032785174063
-0.6700000000001693,847.7129525059329
-0.6600000000001693,796.3850839708977
-0.6500000000001693,984.638007601216
-0.6400000000001693,183.4830190015792
-0.6300000000001693,513.5884994367746
-0.6200000000001693,670.3115129397767
-0.6100000000001693,527.6884609589787
-0.6000000000001693,716.9690060604651
-0.5900000000001693,848.7524676708252
-0.5800000000001693,206.0380153892774
-0.5700000000001693,131.85189415490345
-0.5600000000001693,326.008009273416
-0.5500000000001692,660.5673613174408
-0.5400000000001692,435.3780778992634
-0.5300000000001692,689.5253023640461
-0.5200000000001692,930.5405768600913
-0.5100000000001692,562.8870080565094
-0.5000000000001692,215.74356995612783
-0.4900000000001692,865.778281702766
-0.4800000000001692,104.8739094482382
-0.47000000000016917,550.2190724648923
-0.46000000000016916,372.4988906536885
-0.45000000000016915,317.93176446807956
-0.44000000000016914,715.5498463530956
-0.43000000000016914,539.4778445425219
-0.4200000000001691,87.22547714615162
-0.4100000000001691,642.4927263176082
-0.4000000000001691,221.13906727765885
-0.3900000000001691,211.3586158949721
-0.3800000000001691,176.42843527611933
-0.3700000000001691,1006.476120104945
-0.3600000000001691,903.492750178791
-0.35000000000016906,733.3649746557765
-0.34000000000016906,155.21619225856313
-0.33000000000016905,670.1452203047429
-0.32000000000016904,549.9830638799001
-0.31000000000016903,196.52001123034717
-0.300000000000169,230.4846710734192
-0.290000000000169,858.2016997975707
-0.280000000000169,356.26374362574757
-0.270000000000169,847.7931012208924
-0.260000000000169,618.1369237006302
-0.250000000000169,686.4566005971001
-0.24000000000016897,69.08179288398222
-0.23000000000016896,450.27301174502895
-0.22000000000016895,828.869804806675
-0.21000000000016894,101.01370655418542
-0.20000000000016893,638.6718352604455
-0.19000000000016892,353.1189900569064
-0.1800000000001689,817.0587496762814
-0.1700000000001689,36.99609964078637
-0.1600000000001689,900.2640778764569
-0.1500000000001689,103.32094576198782
-0.14000000000016888,137.27190272223834
-0.13000000000016887,253.84760901397328
-0.12000000000016887,54.23756653731639
-0.11000000000016888,681.2999012465652
-0.10000000000016888,502.9450403466114
-0.09000000000016889,554.2401803321259
-0.0800000000001689,964.4493587641077
-0.0700000000001689,692.3800078776693
-0.0600000000001689,391.7481247043438
-0.050000000000168895,343.6184349393074
-0.040000000000168894,544.2714961837147
-0.03000000000016889,96.16347395780735
-0.02000000000016889,592.1752376163547
-0.01000000000016889,737.4126773579248
-1.6888920817414999E-13,749.8666482182931
0.009999999999831111,305.8394859233477
0.01999999999983111,835.8888578429847
0.029999999999831113,672.9515983539163
0.039999999999831115,950.2337348744064
0.04999999999983112,739.4585954308584
0.05999999999983112,910.3496423690336
0.06999999999983111,733.1060288721218
0.07999999999983111,693.5548699596427
0.0899999999998311,155.2035271603471
0.0999999999998311,896.2633827163978
0.1099999999998311,638.6947909404042
0.11999999999983109,139.37485057053746
0.12999999999983108,352.68787252912784
0.1399999999998311,424.3757381420065
0.1499999999998311,616.684008290757
0.1599999999998311,676.1442883104596
0.16999999999983112,72.31398922371348
0.17999999999983113,96.14670730970852
0.18999999999983114,101.2112431709299
0.19999999999983115,493.6579731597303
0.20999999999983116,174.72099804875154
0.21999999999983116,462.83550734903264
0.22999999999983117,474.465427214039
0.23999999999983118,129.9192748839946
0.2499999999998312,432.3546216834968
0.2599999999998312,207.52750151451
0.2699999999998312,804.4541391042064
0.2799999999998312,261.96221015601594
0.2899999999998312,515.1896003826465
0.29999999999983123,424.6341796346064
0.30999999999983124,786.689293763245
0.31999999999983125,260.1622857507158
0.32999999999983126,1002.6364366626119
0.33999999999983127,141.39751218898763
0.3499999999998313,346.82243071798206
0.3599999999998313,275.5672020962494
0.3699999999998313,503.6632412629527
0.3799999999998313,475.9301217874211
0.3899999999998313,611.2611506609769
0.3999999999998313,879.7791012356419
0.40999999999983133,217.1643802699882
0.41999999999983134,76.32209370013825
0.42999999999983135,202.79764199506883
0.43999999999983136,526.9190187986834
0.44999999999983137,514.6067180440507
0.4599999999998314,735.346100180957
0.4699999999998314,68.28064520883166
0.4799999999998314,357.20536559964023
0.4899999999998314,376.98520799145854
0.4999999999998314,325.2919359044725
0.5099999999998314,295.36222155646476
0.5199999999998314,111.67726982383068
0.5299999999998314,768.1185736686125
0.5399999999998314,447.4615953662318
0.5499999999998314,625.3503684153955
0.5599999999998314,177.59428504366025
0.5699999999998314,276.31669069825944
0.5799999999998314,440.8562652386814
0.5899999999998314,619.1989148503457
0.5999999999998314,34.04352599516243
0.6099999999998315,606.4508366684228
0.6199999999998315,644.5865636974819
0.6299999999998315,683.6659260216528
0.6399999999998315,617.2856404980915
0.6499999999998315,754.4579352063033
0.6599999999998315,58.53703463252711
0.6699999999998315,414.67158058002144
0.6799999999998315,375.37083591280634
0.6899999999998315,946.3101327610048
0.6999999999998315,796.8163554181331
0.7099999999998315,964.8873233802005
0.7199999999998316,31.55603324086404
0.7299999999998316,673.4810801565459
0.7399999999998316,978.5244971247328
0.7499999999998316,392.5869968854415
0.7599999999998316,326.0546876375306
0.7699999999998316,406.9398774694058
0.7799999999998316,950.3678860646086
0.7899999999998316,198.79153752839628
0.7999999999998316,255.65034099254427
0.8099999999998316,821.704225655415
0.8199999999998316,985.6540812254815
0.8299999999998317,509.73826077527525
0.8399999999998317,580.7051100712117
0.8499999999998317,613.9838254366266
0.8599999999998317,854.197083539714
0.8699999999998317,611.7062988071815
0.8799999999998317,619.0945409506244
0.8899999999998317,242.94549981775538
0.8999999999998317,907.6643966621727
0.9099999999998317,795.2290581032514
0.9199999999998317,596.5999959901706
0.9299999999998317,179.13089447830404
0.9399999999998317,574.8975139980546
0.9499999999998318,715.7252682900958
0.9599999999998318,73.28965389384128
0.9699999999998318,491.55853788376874
0.9799999999998318,411.7365120694663
0.9899999999998318,727.5795863997199
0.9999999999998318,215.4197435889255
1.0099999999998317,855.541093010299
1.0199999999998317,99.88043241264161
1.0299999999998317,898.7043055486772
1.0399999999998317,932.3869360163965
1.0499999999998317,313.2491429419546
1.0599999999998317,39.314541876518675
1.0699999999998318,662.6132737416636
1.0799999999998318,148.26317928145988
1.0899999999998318,369.0529159296338
1.0999999999998318,428.8357884361127
1.1099999999998318,315.03908752456937
1.1199999999998318,727.4444898554324
1.1299999999998318,251.67307610398342
1.1399999999998318,979.2074902373446
1.1499999999998318,812.1252249837402
1.1599999999998318,823.9445903966491
1.1699999999998318,425.17175446336427
1.1799999999998319,653.4748655593984
1.1899999999998319,577.223951848466
1.1999999999998319,673.8649441344736
1.2099999999998319,680.8152965064701
1.2199999999998319,78.97225514675941
1.229999999999832,273.33155343474107
1.239999999999832,100.57215834049154
1.249999999999832,391.83974466848275
1.259999999999832,525.553771256873
1.269999999999832,748.1919571553105
1.279999999999832,252.1144036885134
1.289999999999832,763.1503903693275
1.299999999999832,594.5779641052537
1.309999999999832,609.1001120695333
1.319999999999832,340.4075463559831
1.329999999999832,157.98676401020467
1.339999999999832,1013.1785008243093
1.349999999999832,134.4362572533016
1.359999999999832,401.7227961306112
1.369999999999832,833.5841220554723
1.379999999999832,178.35146996944715
1.389999999999832,478.96245291312755
1.399999999999832,348.0067536393442
1.409999999999832,667.8627324808355
1.419999999999832,345.3910459184109
1.429999999999832,379.9126326845079
1.439999999999832,828.5652799838779
1.449999999999832,709.176397704528
1.459999999999832,605.2042975607645
1.469999999999832,820.9071263555819
1.4799999999998321,671.6423028678257
1.4899999999998321,631.1510915993437
1.4999999999998321,45.03688307405398
1.5099999999998321,360.72342554625584
1.5199999999998322,925.4250197526515
1.5299999999998322,424.6454104725275
1.5399999999998322,737.1405120411127
1.5499999999998322,83.95397022045488
1.5599999999998322,768.0065301710931
1.5699999999998322,908.8636475561582
1.5799999999998322,449.9135814289124
1.5899999999998322,380.58249759367743
1.5999999999998322,805.8372161741538
1.6099999999998322,893.6530642351605
1.6199999999998322,226.04618705839124
1.6299999999998322,1011.5100069849949
1.6399999999998323,530.1962532176743
1.6499999999998323,75.01650283170679
1.6599999999998323,222.20082022811397
1.6699999999998323,167.06169591115696
1.6799999999998323,951.2142798919219
1.6899999999998323,995.8715341935365
1.6999999999998323,454.7598989671318
1.7099999999998323,475.5062562480724
1.7199999999998323,678.9786460531127
1.7299999999998323,654.0874562683049
1.7399999999998323,346.17149573395926
1.7499999999998324,168.61837166726272
1.7599999999998324,971.2523646178475
1.7699999999998324,589.8312996585889
1.7799999999998324,216.42447809226437
1.7899999999998324,861.3160957452051
1.7999999999998324,517.3382685357668
1.8099999999998324,534.2543724064968
1.8199999999998324,114.18417831102555
1.8299999999998324,652.404197822319
1.8399999999998324,977.6191182217963
1.8499999999998324,951.5501498252221
1.8599999999998325,632.1201585970424
1.8699999999998325,503.45458231480785
1.8799999999998325,548.3055558440559
1.8899999999998325,56.41512358287622
1.8999999999998325,600.9568675325899
1.9099999999998325,102.855308140365
1.9199999999998325,70.92264429822606
1.9299999999998325,138.94372132974325
1.9399999999998325,806.7788661848049
1.9499999999998325,672.0592171034083
1.9599999999998325,456.06640297670594
1.9699999999998326,278.9885012923582
1.9799999999998326,126.12173983456913
1.9899999999998326,421.0636159444655
1.9999999999998326,440.96180086967235
2.0099999999998324,782.0170236981979
2.019999999999832,723.3797106897998
2.029999999999832,610.1519836464719
2.0399999999998317,950.3530007081871
2.0499999999998315,918.4964916956742
2.0599999999998313,205.06155181864847
2.069999999999831,424.92939457176215
2.079999999999831,580.2576350614263
2.0899999999998307,798.8374518745097
2.0999999999998304,875.4258549204277
2.1099999999998302,121.68242785684073
2.11999999999983,974.1159304499216
2.12999999999983,465.9278929203486
2.1399999999998296,488.02690199247473
2.1499999999998294,150.0951567811674
2.159999999999829,110.86616981424274
2.169999999999829,537.2888760464872
2.1799999999998287,137.7025585892219
2.1899999999998285,210.3522493073606
2.1999999999998283,774.4776297759762
2.209999999999828,978.8829984836739
2.219999999999828,187.53504385091045
2.2299999999998277,451.6606617503474
2.2399999999998275,724.472386172885
2.2499999999998272,842.6069950342186
2.259999999999827,375.31644948363555
2.269999999999827,269.22088971763776
2.2799999999998266,336.9669380405874
2.2899999999998264,1049.49965231149
2.299999999999826,494.04966170248133
2.309999999999826,406.67929553115385
2.3199999999998258,735.765423502248
2.3299999999998255,550.6961395053652
2.3399999999998253,291.0161634386636
2.349999999999825,321.0925880315018
2.359999999999825,683.0349828578508
2.3699999999998247,448.16053379173627
2.3799999999998245,479.94219783688413
2.3899999999998243,1017.4357281059567
2.399999999999824,749.0951838955767
2.409999999999824,907.2270109272928
2.4199999999998236,1010.7940774398194
2.4299999999998234,809.6845966113697
2.439999999999823,530.8522807836946
2.449999999999823,942.9817101156771
2.4599999999998228,991.734261646978
2.4699999999998226,715.5046011757186
2.4799999999998223,938.4099160916819
2.489999999999822,412.5159001484269
2.499999999999822,907.76933702214
2.5099999999998217,441.5765361977708
2.5199999999998215,819.3871490576923
2.5299999999998213,795.0822994446121
2.539999999999821,1030.6211579581607
2.549999999999821,166.590760769871
2.5599999999998206,440.4753823981867
2.5699999999998204,592.1851099373476
2.57999999999982,164.35227482277105
2.58999999999982,578.9412547124803
2.59999999999982,595.7652868436787
2.6099999999998196,429.63565468400134
2.6199999999998194,121.27709335867655
2.629999999999819,876.1505205879331
2.639999999999819,361.3749753214482
2.6499999999998187,193.60454422672098
2.6599999999998185,572.6898850110006
2.6699999999998183,683.0566907163624
2.679999999999818,765.9106824313637
2.689999999999818,782.7015239726223
2.6999999999998177,168.9410547024743
2.7099999999998174,95.79424664551381
2.7199999999998172,896.2912681908963
2.729999999999817,308.11466522774424
2.739999999999817,73.39262926722682
2.7499999999998166,308.5991364026939
2.7599999999998164,208.46767503559107
2.769999999999816,823.8396125698529
2.779999999999816,304.78449972344566
2.7899999999998157,530.4701961694735
2.7999999999998155,1062.5687390074684
2.8099999999998153,919.0306321505905
2.819999999999815,532.542537057956
2.829999999999815,148.71760955332593
2.8399999999998147,752.0043872600756
2.8499999999998145,754.5043598765656
2.8599999999998142,219.55985393266587
2.869999999999814,346.42970759979374
2.879999999999814,546.0577792748467
2.8899999999998136,375.4277034872363
2.8999999999998134,256.9824884481206
2.909999999999813,630.8897442396159
2.919999999999813,515.4972972576267
2.9299999999998128,382.2209837436975
2.9399999999998125,485.53058120843536
2.9499999999998123,979.9733617185419
2.959999999999812,160.7399505605978
2.969999999999812,291.7078209002897
2.9799999999998117,747.8867465059445
2.9899999999998115,563.5585520676176
2.9999999999998113,112.09715175252654
3.009999999999811,170.5426952109467
3.019999999999811,366.68223948325823
3.0299999999998106,246.97871740296196
3.0399999999998104,421.6344217319885
3.04999999999981,372.9476205869748
3.05999999999981,192.61282125674103
3.0699999999998098,333.55077667384865
3.0799999999998096,216.17600385823297
3.0899999999998093,464.7892550389514
3.099999999999809,617.2150207166535
3.109999999999809,253.2090334068227
3.1199999999998087,730.9857731309908
3.1299999999998085,666.0274921386655
3.1399999999998083,194.83447892112827
3.149999999999808,154.27631248041058
3.159999999999808,993.6556662630448
3.1699999999998076,393.5668347820457
3.1799999999998074,768.317335569549
3.189999999999807,605.4034902600846
3.199999999999807,677.7329516216424
3.209999999999807,736.5420350732533
3.2199999999998066,242.95605289985608
3.2299999999998064,864.7088739739793
3.239999999999806,895.6173339145734
3.249999999999806,946.0688769277909
3.2599999999998057,403.22082275986384
3.2699999999998055,423.1483832956636
3.2799999999998053,950.2595776754356
3.289999999999805,271.4916671711928
3.299999999999805,416.8080043511784
3.3099999999998047,779.1480421685335
3.3199999999998044,315.19238365359865
3.3299999999998042,725.1584979956623
3.339999999999804,920.5365372301222
3.349999999999804,651.529845596836
3.3599999999998036,362.4253288232529
3.3699999999998034,607.7555857808983
3.379999999999803,832.6237994159985
3.389999999999803,87.76241258034122
3.3999999999998027,607.7345370618275
3.4099999999998025,876.231980109479
3.4199999999998023,285.87226497303345
3.429999999999802,174.56755697290114
3.439999999999802,492.8788092557851
3.4499999999998017,686.3458511254944
3.4599999999998015,326.2978125181411
3.4699999999998012,307.91409058436153
3.479999999999801,974.2732151601963
3.489999999999801,691.8635373080876
3.4999999999998006,271.73135939581107
3.5099999999998004,229.42996795432452
3.5199999999998,437.6514361858503
3.5299999999998,932.4428076777571
3.5399999999997998,874.9247698298161
3.5499999999997995,286.264362788711
3.5599999999997993,708.2481669141087
3.569999999999799,392.23130444023957
3.579999999999799,685.6925553308448
3.5899999999997987,621.4304800138159
3.5999999999997985,176.03276765571007
3.6099999999997983,561.2117467456992
3.619999999999798,256.6202635156924
3.629999999999798,251.66073069170687
3.6399999999997976,305.52536409502545
3.6499999999997974,581.3247200070115
3.659999999999797,1086.8712151781456
3.669999999999797,239.80520041153238
3.6799999999997968,1049.7269216120956
3.6899999999997966,809.4008326205394
3.6999999999997963,448.62253792126114
3.709999999999796,418.8050458511674
3.719999999999796,937.6940656408595
3.7299999999997957,878.9329229721636
3.7399999999997955,490.6617613104001
3.7499999999997953,374.27165326621696
3.759999999999795,855.290391722744
3.769999999999795,592.7201507260262
3.7799999999997946,263.6755402549065
3.7899999999997944,642.7030520397741
3.799999999999794,788.6452079773686
3.809999999999794,228.4146329270082
3.819999999999794,561.761287290057
3.8299999999997936,332.3689162388504
3.8399999999997934,1049.8510140652918
3.849999999999793,1089.0022875510474
3.859999999999793,724.6933177200694
3.8699999999997927,623.8950289126906
3.8799999999997925,754.4310542453184
3.8899999999997923,380.2490740255367
3.899999999999792,795.4745937676037
3.909999999999792,857.5789667619779
3.9199999999997917,570.1081517437445
3.9299999999997914,747.1437643626916
3.9399999999997912,677.7054109202197
3.949999999999791,164.46778305659828
3.959999999999791,1006.4060204770342
3.9699999999997906,1051.3683971752198
3.9799999999997904,187.30023927909969
3.98999999999979,848.2292601664539
3.99999999999979,764.6143134993634
4.00999999999979,221.82809210956526
4.01999999999979,143.0838470336593
4.02999999999979,974.847844859118
4.0399999999997895,917.6488202833668
4.049999999999789,260.27101188761515
4.059999999999789,890.7981498353524
4.069999999999789,877.1765471561846
4.079999999999789,939.3377816328748
4.0899999999997885,734.0298887218157
4.099999999999788,905.0510100518454
4.109999999999788,531.3759978584856
4.119999999999788,852.6658162923678
4.129999999999788,337.91653559393797
4.139999999999787,363.7381092998982
4.149999999999787,1012.272012587256
4.159999999999787,1016.50662921761
4.169999999999787,357.30025997354153
4.1799999999997866,839.4691405898683
4.189999999999786,484.66287980316395
4.199999999999786,320.3756751972202
4.209999999999786,1114.401727126244
4.219999999999786,502.5298234597877
4.2299999999997855,437.60754928692984
4.239999999999785,806.734074449517
4.249999999999785,729.833421555845
4.259999999999785,479.91072766160744
4.269999999999785,1118.726035400999
4.279999999999784,990.3751997535543
4.289999999999784,781.4177992449964
4.299999999999784,264.9340884025939
4.309999999999784,375.5433829793485
4.319999999999784,394.42482195674904
4.329999999999783,692.3146741192369
4.339999999999783,322.01035121311054
4.349999999999783,360.9081301852782
4.359999999999783,1072.4864494848582
4.3699999999997825,930.4888941461813
4.379999999999782,281.0551004525495
4.389999999999782,809.516921658075
4.399999999999782,136.46286045541314
4.409999999999782,351.5495152185565
4.419999999999781,366.0978785566464
4.429999999999781,842.576288244786
4.439999999999781,559.585142645403
4.449999999999781,266.99192311364436
4.459999999999781,952.6143174477438
4.46999999999978,507.63280705373006
4.47999999999978,774.1805006846389
4.48999999999978,1069.874014820276
4.49999999999978,398.1125602200172
4.5099999999997795,510.6030232044392
4.519999999999779,833.7101978796495
4.529999999999779,499.95756915097473
4.539999999999779,540.5052827625144
4.549999999999779,847.0342948565919
4.5599999999997785,158.60860146690294
4.569999999999778,880.3464618227708
4.579999999999778,508.7987330162847
4.589999999999778,289.6279801455321
4.599999999999778,1135.4547657554256
4.609999999999777,907.6525047470017
4.619999999999777,740.6298069558006
4.629999999999777,939.0558072319711
4.639999999999777,1089.0079913441919
4.6499999999997765,827.7203784471037
4.659999999999776,351.18255663920627
4.669999999999776,295.1013005788835
4.679999999999776,396.6381168715244
4.689999999999776,1078.9430259405763
4.6999999999997755,248.01541018791914
4.709999999999775,555.1567991893883
4.719999999999775,764.6823167579996
4.729999999999775,735.1985076175489
4.739999999999775,636.3301339616681
4.749999999999774,1097.1080069738525
4.759999999999774,936.2592284553291
4.769999999999774,330.4397525073535
4.779999999999774,809.2140626586555
4.7899999999997736,353.6367674422018
4.799999999999773,350.0719963981943
4.809999999999773,896.9683321254058
4.819999999999773,367.38670956331015
4.829999999999773,534.9737272181908
4.8399999999997725,519.7312573371801
4.849999999999772,299.4236699400558
4.859999999999772,262.9820069998407
4.869999999999772,907.1317519349745
4.879999999999772,153.12943818294943
4.889999999999771,196.51865618951805
4.899999999999771,311.8973711704389
4.909999999999771,582.6517217558282
4.919999999999771,281.39748789735177
4.929999999999771,212.55335676002403
4.93999999999977,1069.2410575031822
4.94999999999977,1030.8917265415505
4.95999999999977,916.9755561226384
4.96999999999977,1150.7375250849861
4.9799999999997695,212.40875481932574
4.989999999999769,764.8909824345928
4.999999999999769,1010.3284197095115
5.009999999999769,330.3536430292187
5.019999999999769,826.3209216979328
5.029999999999768,911.8396165413201
5.039999999999768,724.8375051113087
5.049999999999768,379.79143068600524
5.059999999999768,235.35208901902018
5.069999999999768,624.1857979446374
5.079999999999767,299.40013644169346
5.089999999999767,1067.4852455772514
5.099999999999767,276.48299876381395
5.109999999999767,538.4112499696796
5.1199999999997665,1018.2677156021225
5.129999999999766,1002.785586855994
5.139999999999766,1158.2075704630945
5.149999999999766,738.5064207691225
5.159999999999766,1057.6539187618814
5.1699999999997654,288.79586423118826
5.179999999999765,299.72515559029364
5.189999999999765,931.1767569327449
5.199999999999765,228.64407170456798
5.209999999999765,459.20575897274966
5.219999999999764,794.9498999269683
5.229999999999764,789.8110070105113
5.239999999999764,885.9371385011083
5.249999999999764,281.15244847548087
5.2599999999997635,395.868098880409
5.269999999999763,674.2431710171605
5.279999999999763,521.9514487702822
5.289999999999763,256.1409546846381
5.299999999999763,1159.7750603072
5.3099999999997625,183.33891104885987
5.319999999999762,815.8253968211636
5.329999999999762,901.0547015972493
5.339999999999762,1154.9226205928146
5.349999999999762,247.43822534442324
5.359999999999761,1156.8444838076146
5.369999999999761,1141.2877582087772
5.379999999999761,869.1084038579666
5.389999999999761,717.6850295583024
5.3999999999997605,911.825824430528
5.40999999999976,398.0298893721436
5.41999999999976,215.73842452721414
5.42999999999976,659.2754699295897
5.43999999999976,955.9914520650583
5.4499999999997595,201.73561526722239
5.459999999999759,281.89393686602887
5.469999999999759,805.6556493671443
5.479999999999759,236.86168540956123
5.489999999999759,413.8088117297538
5.499999999999758,212.9339752596292
5.509999999999758,880.700613486822
5.519999999999758,390.69967446664805
5.529999999999758,388.5335678500496
5.539999999999758,878.1648688194018
5.549999999999757,745.9052850715036
5.559999999999757,681.03844110714
5.569999999999757,657.2831683665628
5.579999999999757,212.10771960479576
5.5899999999997565,579.6190673300273
5.599999999999756,778.8218673034523
5.609999999999756,967.0380290234073
5.619999999999756,375.89547822379825
5.629999999999756,545.3549608879173
5.639999999999755,1153.6905812047473
5.649999999999755,755.2439830303194
5.659999999999755,1133.330494341171
5.669999999999755,656.2048329296244
5.679999999999755,1095.9440078758696
5.689999999999754,393.042082070274
5.699999999999754,1086.1340790000058
5.709999999999754,792.3916908757521
5.719999999999754,638.7102128752356
5.7299999999997535,778.9014366531183
5.739999999999753,662.9192021549383
5.749999999999753,1078.990606465566
5.759999999999753,899.8542317989885
5.769999999999753,1114.6858047750204
5.7799999999997524,1006.4174227383256
5.789999999999752,1080.849135177678
5.799999999999752,613.1565959229742
5.809999999999752,946.1858932663478
5.819999999999752,1153.4917632535903
5.829999999999751,521.7390035190712
5.839999999999751,868.2930972471378
5.849999999999751,800.1478945232611
5.859999999999751,1152.4661866327847
5.8699999999997505,484.76957383923605
5.87999999999975,329.14701878615847
5.88999999999975,999.8301410492506
5.89999999999975,1012.3033351985111
5.90999999999975,301.09526898151216
5.9199999999997495,449.9851490824032
5.929999999999749,491.1186314698973
5.939999999999749,628.16177806312
5.949999999999749,583.9471758557601
5.959999999999749,459.0289036425668
5.969999999999748,761.2329751709642
5.979999999999748,1077.8636444943613
5.989999999999748,1115.0210922008525
5.999999999999748,1128.9515668002712
6.0099999999997475,1182.053978609672
6.019999999999747,933.8044334727907
6.029999999999747,540.252406984456
6.039999999999747,603.8332225751543
6.049999999999747,360.1039212603673
6.0599999999997465,484.8357503102373
6.069999999999746,1082.0096391243392
6.079999999999746,802.1042315685276
6.089999999999746,325.2110199159193
6.099999999999746,1012.6525295866371
6.109999999999745,724.7377178826746
6.119999999999745,1165.0090385329684
6.129999999999745,639.8892410647627
6.139999999999745,517.2159348587941
6.149999999999745,581.0819728008037
6.159999999999744,770.1209366879305
6.169999999999744,761.4645800853101
6.179999999999744,535.743084616438
6.189999999999744,395.5246094299223
6.1999999999997435,1079.4395063635118
6.209999999999743,238.9793022537824
6.219999999999743,949.794936500174
6.229999999999743,392.5645120652892
6.239999999999743,841.601853233363
6.249999999999742,576.9051525484671
6.259999999999742,924.993605916564
6.269999999999742,926.4717250563233
6.279999999999742,917.7388049253319
6.289999999999742,847.697006894713
6.299999999999741,377.9002946027396
6.309999999999741,639.6479977925715
6.319999999999741,1050.5073477330177
6.329999999999741,385.2180239877388
6.3399999999997405,614.585142528693
6.34999999999974,1086.6244096617877
6.35999999999974,845.8306782836707
6.36999999999974,1141.0676436776869
6.37999999999974,1035.4201265355782
6.389999999999739,1030.727571838813
6.399999999999739,486.87692091761005
6.409999999999739,535.8436773185213
6.419999999999739,1050.6265500661696
6.429999999999739,870.445384948598
6.439999999999738,949.8079675909839
6.449999999999738,887.3697988122937
6.459999999999738,601.1079717143277
6.469999999999738,902.5240059242449
6.4799999999997375,740.8294836064617
6.489999999999737,747.919480584704
6.499999999999737,929.1001542025216
6.509999999999737,378.8266976296074
6.519999999999737,424.0734838296207
6.5299999999997365,732.4678247845086
6.539999999999736,493.16906777877364
6.549999999999736,563.9864008318459
6.559999999999736,459.84476856477556
6.569999999999736,670.0025202072147
6.579999999999735,1172.088432784526
6.589999999999735,1250.8829032591434
6.599999999999735,1122.7621692625962
6.609999999999735,1159.9251293664622
6.6199999999997345,1152.127693823768
6.629999999999734,440.97597594240864
6.639999999999734,519.3262434105524
6.649999999999734,865.5738393559766
6.659999999999734,1142.2821263517546
6.6699999999997335,1146.525657049975
6.679999999999733,974.4444209325903
6.689999999999733,1126.899156596978
6.699999999999733,811.9759159595969
6.709999999999733,521.7311651728279
6.719999999999732,306.44492107412043
6.729999999999732,724.3237312679971
6.739999999999732,595.7696056992468
6.749999999999732,779.8193018944079
6.759999999999732,760.1107028690378
6.769999999999731,875.8172774219177
6.779999999999731,1259.6034297279916
6.789999999999731,603.1139671635492
6.799999999999731,617.2647011096293
6.8099999999997305,799.2184674911941
6.81999999999973,873.1072655153102
6.82999999999973,1003.1178335691188
6.83999999999973,754.4374991573816
6.84999999999973,421.83416368903715
6.859999999999729,1082.5088942545558
6.869999999999729,837.6374677587887
6.879999999999729,667.1488767800583
6.889999999999729,1069.3481853824778
6.899999999999729,828.6715475914802
6.909999999999728,441.9831909696644
6.919999999999728,730.3343172978367
6.929999999999728,1216.0701761107807
6.939999999999728,904.7921993440648
6.9499999999997275,1081.2748253521715
6.959999999999727,714.4478302674811
6.969999999999727,628.5560466188006
6.979999999999727,998.2917665901882
6.989999999999727,1180.884700011312
6.999999999999726,826.7721814379289
7.009999999999726,484.6313398897131
7.019999999999726,1111.4282839168234
7.029999999999726,542.0491603042376
7.039999999999726,797.468027767296
7.049999999999725,299.84858476478297
7.059999999999725,505.16465479155266
7.069999999999725,999.6797233502546
7.079999999999725,779.8930864875788
7.0899999999997245,743.4101554979533
7.099999999999724,560.8219469925406
7.109999999999724,1229.405086039302
7.119999999999724,1084.7223219170019
7.129999999999724,675.5874132602751
7.1399999999997235,1204.0496795955628
7.149999999999723,660.8756425850829
7.159999999999723,1017.4010315149251
7.169999999999723,988.6680269215728
7.179999999999723,785.6441206082982
7.189999999999722,704.3611591153441
7.199999999999722,338.4613603938448
7.209999999999722,1083.4621075633338
7.219999999999722,563.7460651022197
7.2299999999997215,747.6731952902544
7.239999999999721,1116.23407362934
7.249999999999721,1063.398748576411
7.259999999999721,1181.949254493324
7.269999999999721,630.4437325546701
7.2799999999997205,991.4864210562992
7.28999999999972,978.2443136026837
7.29999999999972,787.8507056563594
7.30999999999972,552.7907272973019
7.31999999999972,1123.5176780231213
7.329999999999719,699.4732371598242
7.339999999999719,686.5740434685682
7.349999999999719,625.4021751824428
7.359999999999719,337.2433383532586
7.3699999999997186,1259.3232539030123
7.379999999999718,673.7975003483728
7.389999999999718,518.0700680289453
7.399999999999718,1240.7993716224382
7.409999999999718,735.565620197078
7.4199999999997175,442.8172666030873
7.429999999999717,913.7050322899855
7.439999999999717,333.19775196893227
7.449999999999717,1014.0222514034908
7.459999999999717,710.1779669097973
7.469999999999716,724.8634402902313
7.479999999999716,371.56454388534087
7.489999999999716,1010.860435413222
7.499999999999716,954.4010883045187
7.509999999999716,1279.8177311198897
7.519999999999715,517.4916404505482
7.529999999999715,1186.6967403560989
7.539999999999715,912.3429785415826
7.549999999999715,935.2016503858663
7.5599999999997145,1032.033670418317
7.569999999999714,434.54123150308965
7.579999999999714,1227.7133817593951
7.589999999999714,822.2613319840232
7.599999999999714,538.8810578624713
7.609999999999713,673.6133098183348
7.619999999999713,896.2858993465153
7.629999999999713,683.7435958166428
7.639999999999713,1125.2406241352635
7.649999999999713,731.0602946279437
7.659999999999712,402.3315292087143
7.669999999999712,1008.4527049940522
7.679999999999712,799.9550660161608
7.689999999999712,343.610204423406
7.6999999999997115,690.8067532873526
7.709999999999711,920.5069340927685
7.719999999999711,1078.3922900257176
7.729999999999711,361.1897167056013
7.739999999999711,369.82719986986035
7.7499999999997105,530.3258567329963
7.75999999999971,713.6360932439611
7.76999999999971,484.53891734945216
7.77999999999971,787.9579854642109
7.78999999999971,704.3801138297722
7.799999999999709,843.5094313782758
7.809999999999709,1118.853634130688
7.819999999999709,880.8526493972668
7.829999999999709,460.7343994172294
7.8399999999997085,1072.9612950336366
7.849999999999708,1175.4870915546355
7.859999999999708,931.7710632025658
7.869999999999708,447.4154626531837
7.879999999999708,1261.3488149097882
7.8899999999997075,903.7417337825664
7.899999999999707,640.5081758033657
7.909999999999707,1210.6355723308682
7.919999999999707,1034.1454157125452
7.929999999999707,1084.7827069263585
7.939999999999706,1145.2646545593468
7.949999999999706,1209.903801298565
7.959999999999706,1288.6066469543869
7.969999999999706,1169.7041082773253
7.9799999999997056,891.9906498834416
7.989999999999705,787.0551822331894
7.999999999999705,1212.9246817948788
8.009999999999705,1193.7794415858993
8.019999999999705,495.73391486054544
8.029999999999704,546.2300251133472
8.039999999999704,588.403030139708
8.049999999999704,548.9272145946751
8.059999999999704,988.5236044321238
8.069999999999704,851.8339768291444
8.079999999999703,394.1821665762197
8.089999999999703,946.4233340083355
8.099999999999703,1098.3210079302103
8.109999999999703,401.5102117540188
8.119999999999703,984.0480440473358
8.129999999999702,1151.8911372454158
8.139999999999702,453.5683085568163
8.149999999999702,1081.1553097419312
8.159999999999702,1354.8541565888418
8.169999999999702,1324.6006938036903
8.179999999999701,857.8669439672112
8.189999999999701,559.0096664827977
8.1999999999997,1276.088667546505
8.2099999999997,1043.1081932323914
8.2199999999997,1029.3163113758012
8.2299999999997,1325.8538809207964
8.2399999999997,1300.1179296996831
8.2499999999997,1349.2672388075634
8.2599999999997,449.0446521133926
8.2699999999997,1138.3424638573315
8.2799999999997,922.6372953097006
8.289999999999699,392.6426329357623
8.299999999999699,1213.462955912114
8.309999999999699,1072.5058430567026
8.319999999999698,412.86087779577014
8.329999999999698,507.3584957341436
8.339999999999698,1034.7732355590426
8.349999999999698,644.4522250431073
8.359999999999697,1082.981259914293
8.369999999999697,803.4116678906
8.379999999999697,784.2624964825471
8.389999999999697,705.3002367529598
8.399999999999697,1016.4305195716715
8.409999999999696,604.481501644512
8.419999999999696,1222.9135656478811
8.429999999999696,1067.3739891875348
8.439999999999696,524.4737246086511
8.449999999999696,1314.2677882038977
8.459999999999695,813.8641266777795
8.469999999999695,1068.6914042735377
8.479999999999695,850.6662155322729
8.489999999999695,543.3875752622336
8.499999999999694,761.2450734205258
8.509999999999694,532.7774247248685
8.519999999999694,892.7058796875116
8.529999999999694,578.8623025557724
8.539999999999694,669.9295512329882
8.549999999999693,830.8330002672415
8.559999999999693,961.2117730975818
8.569999999999693,528.2266275228154
8.579999999999693,470.7238503551521
8.589999999999693,1003.2913731613836
8.599999999999692,844.9601668051229
8.609999999999692,720.2900039273134
8.619999999999692,505.5315280942326
8.629999999999692,1147.7929363660826
8.639999999999691,702.1094708007881
8.649999999999691,1194.582452563488
8.659999999999691,917.0218571396658
8.66999999999969,530.6095092739715
8.67999999999969,546.945045316224
8.68999999999969,1361.5153559358414
8.69999999999969,737.333894770675
8.70999999999969,1128.5498631548708
8.71999999999969,1351.6753749197098
8.72999999999969,1165.2893940340807
8.73999999999969,1320.3475608503588
8.74999999999969,558.377259283183
8.759999999999689,1032.810756752473
8.769999999999689,1331.5796260828834
8.779999999999688,1012.0527287953478
8.789999999999688,600.7706009161625
8.799999999999688,841.6557175736257
8.809999999999688,532.0302898714425
8.819999999999688,1203.5477546678842
8.829999999999687,775.8601036605928
8.839999999999687,928.4464972162609
8.849999999999687,547.5894800049128
8.859999999999687,1161.1987391520142
8.869999999999687,677.3691077464284
8.879999999999686,1099.664716265101
8.889999999999686,762.7156135810224
8.899999999999686,1278.4905526799726
8.909999999999686,1022.3929888990012
8.919999999999686,1038.0587518227499
8.929999999999685,572.4867312530605
8.939999999999685,644.1010451303205
8.949999999999685,623.8465156568677
8.959999999999685,504.9035740964958
8.969999999999684,534.6438045750305
8.979999999999684,1070.7297162330804
8.989999999999684,742.611049411149
8.999999999999684,1294.030962553489
9.009999999999684,1348.599417965142
9.019999999999683,979.2119626296185
9.029999999999683,526.4124507257034
9.039999999999683,957.1606830128833
9.049999999999683,993.4430036340127
9.059999999999683,782.4502298765852
9.069999999999682,492.4615576005601
9.079999999999682,570.0643432570928
9.089999999999682,606.973990363171
9.099999999999682,663.6933269026952
9.109999999999681,1260.8876447525388
9.119999999999681,1059.0930822254563
9.129999999999681,937.7939178203624
9.13999999999968,893.6951045477867
9.14999999999968,995.9971542585755
9.15999999999968,857.600057863822
9.16999999999968,1452.4889592536397
9.17999999999968,1081.2838376493337
9.18999999999968,1262.3878011618756
9.19999999999968,911.7893729810868
9.20999999999968,1429.933971305957
9.21999999999968,1001.8734154482909
9.229999999999679,1252.9503369358363
9.239999999999679,1305.522501043742
9.249999999999678,624.7495063416745
9.259999999999678,898.4477617358439
9.269999999999678,595.788573594756
9.279999999999678,1023.6134861810194
9.289999999999678,1331.9426899598573
9.299999999999677,1399.5496118646824
9.309999999999677,1197.089109430668
9.319999999999677,623.1440314857498
9.329999999999677,934.7636747572489
9.339999999999677,1448.804926485331
9.349999999999676,826.9720669704702
9.359999999999676,832.3300702584924
9.369999999999676,1267.8084016524579
9.379999999999676,890.514136186391
9.389999999999675,1405.3539786588851
9.399999999999675,1346.470718213213
9.409999999999675,1377.399506494106
9.419999999999675,605.8417427683819
9.429999999999675,1194.8542724224544
9.439999999999674,1340.5109852252303
9.449999999999674,511.2760660115689
9.459999999999674,1344.1350615481024
9.469999999999674,1357.7762020474581
9.479999999999674,1467.7495842239616
9.489999999999673,1419.623730258421
9.499999999999673,643.9038166877169
9.509999999999673,584.194024704249
9.519999999999673,1364.2229550408706
9.529999999999673,1299.4764944007552
9.539999999999672,1487.9914111983912
9.549999999999672,748.1771587921855
9.559999999999672,928.2968631668884
9.569999999999672,964.5213217243659
9.579999999999671,587.4695463597759
9.589999999999671,799.1829828766213
9.599999999999671,894.9966688779668
9.60999999999967,1072.3367142507705
9.61999999999967,1438.7871835685185
9.62999999999967,1345.6491653543276
9.63999999999967,1474.6077086394228
9.64999999999967,1491.0967483098632
9.65999999999967,548.7050539705268
9.66999999999967,637.8170738600996
9.67999999999967,1075.0769215006376
9.689999999999669,1137.771619305116
9.699999999999669,1471.547118672092
9.709999999999669,906.817355216594
9.719999999999668,1377.7469910274162
9.729999999999668,869.8560565569205
9.739999999999668,553.3003264456291
9.749999999999668,1267.049003972155
9.759999999999668,1285.9542323411133
9.769999999999667,1262.6568387245056
9.779999999999667,527.0934235246316
9.789999999999667,638.8830028780958
9.799999999999667,1516.021487361257
9.809999999999667,1354.170554625188
9.819999999999666,1354.5867957029468
9.829999999999666,1398.722114120508
9.839999999999666,850.177444085286
9.849999999999666,689.5829964135802
9.859999999999665,957.8038365626485
9.869999999999665,713.4477928993634
9.879999999999665,1320.9331885167212
9.889999999999665,1247.4214715005455
9.899999999999665,735.9357996938709
9.909999999999664,766.2854966961746
9.919999999999664,846.4478297584761
9.929999999999664,1079.3909805902708
9.939999999999664,1011.6508596988822
9.949999999999664,1331.1197716049069
9.959999999999663,1086.413924926242
9.969999999999663,745.9260325029807
9.979999999999663,801.4387363467296
9.989999999999663,1402.290307111029
9.999999999999662,1537.9942985294942
