x,y,y = 5x^2 + 2x + 20,salt range: [1;500]
-10.0,533.0052308604362
-9.99,895.0977863920953
-9.98,806.9308242279333
-9.97,706.0670322674459
-9.96,795.7852116403405
-9.950000000000001,778.0146741134151
-9.940000000000001,919.0509972510066
-9.930000000000001,979.0995311136679
-9.920000000000002,916.6992402302074
-9.910000000000002,504.3319349398821
-9.900000000000002,953.1327247587631
-9.890000000000002,866.5125189696657
-9.880000000000003,606.4216989279314
-9.870000000000003,626.4750684781784
-9.860000000000003,675.586744525552
-9.850000000000003,809.3040556427336
-9.840000000000003,926.6714041504908
-9.830000000000004,523.9978988837281
-9.820000000000004,976.9607686712818
-9.810000000000004,515.4754273682886
-9.800000000000004,485.9403810997639
-9.790000000000004,729.873114239265
-9.780000000000005,681.4529969718894
-9.770000000000005,966.7568771472999
-9.760000000000005,499.9992394377984
-9.750000000000005,825.1728512688923
-9.740000000000006,761.2413363600322
-9.730000000000006,924.3873675548396
-9.720000000000006,828.5073142326019
-9.710000000000006,794.7171417997195
-9.700000000000006,629.4565402371612
-9.690000000000007,889.0264057047111
-9.680000000000007,724.0556414406154
-9.670000000000007,861.2686203910913
-9.660000000000007,810.6270583976966
-9.650000000000007,594.8760587753017
-9.640000000000008,654.9709433628121
-9.630000000000008,940.8514175769166
-9.620000000000008,912.4241501878789
-9.610000000000008,743.0913350679396
-9.600000000000009,688.2087045164526
-9.590000000000009,486.7725152065317
-9.580000000000009,947.5349883700833
-9.57000000000001,804.5569658706411
-9.56000000000001,543.6635021835671
-9.55000000000001,614.9235442089598
-9.54000000000001,679.4922057323338
-9.53000000000001,847.1088413296266
-9.52000000000001,556.2246907046502
-9.51000000000001,527.9412975407105
-9.50000000000001,791.2877944530261
-9.49000000000001,467.278057370394
-9.480000000000011,906.9055478992825
-9.470000000000011,880.8049647190132
-9.460000000000012,800.5995308638254
-9.450000000000012,531.6358976512453
-9.440000000000012,609.3740981661621
-9.430000000000012,855.4482824695339
-9.420000000000012,770.4581597210049
-9.410000000000013,557.8176591622793
-9.400000000000013,863.2135753579407
-9.390000000000013,836.9646563192396
-9.380000000000013,489.18328338548093
-9.370000000000013,690.3036864309388
-9.360000000000014,510.24086291792986
-9.350000000000014,708.9835258945595
-9.340000000000014,918.4162459011656
-9.330000000000014,851.035481968936
-9.320000000000014,455.21079614296957
-9.310000000000015,910.7958760186045
-9.300000000000015,833.0780207018288
-9.290000000000015,769.9452169434467
-9.280000000000015,537.2346975871412
-9.270000000000016,523.8072296975247
-9.260000000000016,702.0803062544137
-9.250000000000016,725.4767145983653
-9.240000000000016,463.2410416464898
-9.230000000000016,779.89610332087
-9.220000000000017,483.6178718966083
-9.210000000000017,450.1759659129002
-9.200000000000017,539.8065485589167
-9.190000000000017,509.2561521326102
-9.180000000000017,633.8704215065535
-9.170000000000018,781.4293282543986
-9.160000000000018,564.6857491457341
-9.150000000000018,670.3000347264531
-9.140000000000018,752.9418496244289
-9.130000000000019,762.4276863048046
-9.120000000000019,864.3671528909766
-9.110000000000019,729.2032283474103
-9.10000000000002,416.86536255475863
-9.09000000000002,523.4343944668077
-9.08000000000002,588.9841389160576
-9.07000000000002,781.6657902256343
-9.06000000000002,869.5022235851835
-9.05000000000002,898.4354104142425
-9.04000000000002,500.90876577580246
-9.03000000000002,434.4703079003482
-9.020000000000021,873.1625613229266
-9.010000000000021,857.2496140814412
-9.000000000000021,618.3564743471213
-8.990000000000022,589.4141343427295
-8.980000000000022,641.7761306698594
-8.970000000000022,458.1774274581689
-8.960000000000022,700.3299877697771
-8.950000000000022,897.1939608457647
-8.940000000000023,405.4412679970109
-8.930000000000023,651.2659418263869
-8.920000000000023,684.2304162381183
-8.910000000000023,773.820946424514
-8.900000000000023,780.1802019856175
-8.890000000000024,887.2685374203147
-8.880000000000024,812.4637029651744
-8.870000000000024,497.14447532125854
-8.860000000000024,741.7287195516874
-8.850000000000025,612.3773325311964
-8.840000000000025,809.3705867560432
-8.830000000000025,526.0627054796097
-8.820000000000025,627.1883967499489
-8.810000000000025,853.806331554245
-8.800000000000026,594.8081616326132
-8.790000000000026,809.9979535050238
-8.780000000000026,713.369539360483
-8.770000000000026,726.3036425267792
-8.760000000000026,645.7111828695223
-8.750000000000027,481.21516465748016
-8.740000000000027,545.6528828664216
-8.730000000000027,814.6706522814791
-8.720000000000027,741.9612036086813
-8.710000000000027,447.56149476730957
-8.700000000000028,816.198230053626
-8.690000000000028,512.3665632913907
-8.680000000000028,457.8917547422017
-8.670000000000028,528.2051445865173
-8.660000000000029,715.3281243695038
-8.650000000000029,521.2761244512478
-8.640000000000029,385.75756654937857
-8.63000000000003,399.951596401165
-8.62000000000003,804.9147558983257
-8.61000000000003,842.7188443877429
-8.60000000000003,702.496093206341
-8.59000000000003,746.7154120436069
-8.58000000000003,587.5980453533012
-8.57000000000003,714.7778734458943
-8.56000000000003,816.1093498298933
-8.550000000000031,629.7255819426639
-8.540000000000031,570.6632929325799
-8.530000000000031,576.0264517886598
-8.520000000000032,452.9942523936432
-8.510000000000032,721.0427370874312
-8.500000000000032,748.4062815600798
-8.490000000000032,760.730336999653
-8.480000000000032,672.5495856619382
-8.470000000000033,667.9661949163509
-8.460000000000033,551.8140909731542
-8.450000000000033,755.604015493854
-8.440000000000033,420.38768144629006
-8.430000000000033,480.909050424411
-8.420000000000034,439.3896872666375
-8.410000000000034,473.19917445610486
-8.400000000000034,856.4789584068387
-8.390000000000034,462.319369181776
-8.380000000000035,427.9484661241868
-8.370000000000035,622.0032646893155
-8.360000000000035,819.5574913852138
-8.350000000000035,819.2257121831602
-8.340000000000035,487.2148180717528
-8.330000000000036,378.32638894830177
-8.320000000000036,414.1156087544405
-8.310000000000036,726.9849933418997
-8.300000000000036,847.0468977093827
-8.290000000000036,690.0547149449171
-8.280000000000037,831.3158534103152
-8.270000000000037,736.8109181744817
-8.260000000000037,391.1176242779984
-8.250000000000037,667.3484278082755
-8.240000000000038,640.1481233506704
-8.230000000000038,544.6609635112952
-8.220000000000038,435.880240803673
-8.210000000000038,640.3623876581137
-8.200000000000038,410.16051000617756
-8.190000000000039,764.0602473621991
-8.180000000000039,818.6462542850827
-8.170000000000039,589.0676002073458
-8.16000000000004,652.0915794885958
-8.15000000000004,470.4402003438978
-8.14000000000004,343.60415494717347
-8.13000000000004,775.2516921288941
-8.12000000000004,687.7324547326291
-8.11000000000004,409.570302116046
-8.10000000000004,759.606949368266
-8.09000000000004,531.7764134211678
-8.080000000000041,685.3467677975568
-8.070000000000041,387.66093951939047
-8.060000000000041,568.5565217987366
-8.050000000000042,789.1704143866318
-8.040000000000042,721.976598160931
-8.030000000000042,485.71551202713215
-8.020000000000042,588.213145325853
-8.010000000000042,544.6352263255784
-8.000000000000043,358.9625146992786
-7.990000000000043,365.7100162914593
-7.980000000000043,818.2581013235459
-7.970000000000043,603.5428686481871
-7.9600000000000435,342.00579620991
-7.950000000000044,561.1780156043076
-7.940000000000044,783.4375984565354
-7.930000000000044,548.5028662206655
-7.920000000000044,662.1011307079946
-7.9100000000000446,769.7793862417823
-7.900000000000045,652.6161992720447
-7.890000000000045,516.0771182750059
-7.880000000000045,338.6677305172656
-7.870000000000045,790.4307055331018
-7.860000000000046,557.5676886034864
-7.850000000000046,486.2204883798305
-7.840000000000046,411.2070181021933
-7.830000000000046,372.5756773487905
-7.8200000000000465,660.3316476987127
-7.810000000000047,414.52539661437334
-7.800000000000047,750.815158661403
-7.790000000000047,370.17339651904535
-7.780000000000047,642.9638657375963
-7.7700000000000475,662.3484883340409
-7.760000000000048,427.8783448357315
-7.750000000000048,717.9829410092601
-7.740000000000048,418.508662661729
-7.730000000000048,304.89753028443806
-7.720000000000049,497.2791281771476
-7.710000000000049,372.72208963834163
-7.700000000000049,487.02119165107354
-7.690000000000049,522.3565823752697
-7.6800000000000495,687.4418629194106
-7.67000000000005,486.6784865287399
-7.66000000000005,485.46802986364025
-7.65000000000005,404.12766665152003
-7.64000000000005,604.5453667068923
-7.6300000000000505,706.3513667235004
-7.620000000000051,605.333973036122
-7.610000000000051,621.2670003997704
-7.600000000000051,688.2309271523687
-7.590000000000051,613.7018326084246
-7.580000000000052,676.76332393511
-7.570000000000052,547.1939441465443
-7.560000000000052,780.1338222101407
-7.550000000000052,452.5899706632903
-7.540000000000052,343.0636312350154
-7.530000000000053,531.7507650141513
-7.520000000000053,291.56647951000247
-7.510000000000053,407.9768242572498
-7.500000000000053,374.4002470434168
-7.4900000000000535,658.6913848173708
-7.480000000000054,581.6812750003523
-7.470000000000054,330.46941888010326
-7.460000000000054,294.5095516165385
-7.450000000000054,441.6771649376724
-7.440000000000055,782.4413307392524
-7.430000000000055,423.7868667004313
-7.420000000000055,619.2591576062248
-7.410000000000055,538.8579308859278
-7.400000000000055,431.727151994251
-7.390000000000056,537.7258176228013
-7.380000000000056,630.8831845249874
-7.370000000000056,691.1163072167622
-7.360000000000056,400.9074746656431
-7.3500000000000565,334.20322785568004
-7.340000000000057,736.7206438242976
-7.330000000000057,714.0535396284672
-7.320000000000057,728.2023457332089
-7.310000000000057,718.9547243381351
-7.3000000000000576,586.2851854601814
-7.290000000000058,498.79481903227077
-7.280000000000058,594.1664985420109
-7.270000000000058,556.4665323116673
-7.260000000000058,745.4942500665818
-7.250000000000059,601.6924371617847
-7.240000000000059,300.6213026723182
-7.230000000000059,310.7192257588058
-7.220000000000059,351.8857397748074
-7.2100000000000595,628.0046208683652
-7.20000000000006,739.3632198240814
-7.19000000000006,379.3213536764863
-7.18000000000006,299.65040453642723
-7.17000000000006,739.628482706626
-7.1600000000000605,461.9771236921198
-7.150000000000061,513.6110715206809
-7.140000000000061,628.3079787568415
-7.130000000000061,741.9649088788038
-7.120000000000061,587.0823519325106
-7.110000000000062,342.30394627430167
-7.100000000000062,413.85530607507815
-7.090000000000062,329.9937215593807
-7.080000000000062,406.3398444710525
-7.0700000000000625,641.2649638920066
-7.060000000000063,586.2144833717546
-7.050000000000063,698.6371937136923
-7.040000000000063,675.5483442877103
-7.030000000000063,616.9830603108333
-7.0200000000000635,721.8091314555945
-7.010000000000064,347.489944232834
-7.000000000000064,702.1578249381073
-6.990000000000064,596.3259700870009
-6.980000000000064,485.0970284014068
-6.970000000000065,534.9934963895557
-6.960000000000065,465.52833328752314
-6.950000000000065,640.1539410905116
-6.940000000000065,517.8871869128817
-6.930000000000065,462.13347900868837
-6.920000000000066,631.2622589815562
-6.910000000000066,723.370031086798
-6.900000000000066,700.2693546380825
-6.890000000000066,390.7376825762758
-6.8800000000000665,445.9382452059425
-6.870000000000067,248.98541915304773
-6.860000000000067,331.98432801008425
-6.850000000000067,526.4530577143704
-6.840000000000067,623.5748304907897
-6.830000000000068,288.7776526494182
-6.820000000000068,408.06303246360073
-6.810000000000068,621.4798421686389
-6.800000000000068,460.1519653311967
-6.790000000000068,568.1201025052892
-6.780000000000069,287.5624354997999
-6.770000000000069,377.14081060347735
-6.760000000000069,537.5184673024887
-6.750000000000069,337.5606481236056
-6.7400000000000695,679.2266142538874
-6.73000000000007,351.36392648403705
-6.72000000000007,503.01367392603856
-6.71000000000007,398.72776408061844
-6.70000000000007,492.9009807077217
-6.690000000000071,701.1564015157352
-6.680000000000071,536.131241479902
-6.670000000000071,677.1421007045941
-6.660000000000071,230.5277291570116
-6.650000000000071,715.148378590714
-6.640000000000072,238.55333783436825
-6.630000000000072,359.5117716889914
-6.620000000000072,715.5508108238731
-6.610000000000072,716.2842697888549
-6.6000000000000725,308.88336749645964
-6.590000000000073,238.08932533967723
-6.580000000000073,584.5583996414584
-6.570000000000073,539.739984009264
-6.560000000000073,488.40522734902964
-6.5500000000000735,529.668698293359
-6.540000000000074,589.9910162656927
-6.530000000000074,416.14401990048
-6.520000000000074,389.19738400539677
-6.510000000000074,561.8000873286094
-6.500000000000075,387.74349413296
-6.490000000000075,715.1807741493196
-6.480000000000075,440.92968558348696
-6.470000000000075,343.8010567331144
-6.4600000000000755,608.4888540359357
-6.450000000000076,629.6539104114523
-6.440000000000076,317.6713515573232
-6.430000000000076,665.141857826713
-6.420000000000076,636.5522226076303
-6.4100000000000765,505.0881426689102
-6.400000000000077,331.0379007529333
-6.390000000000077,488.7831328175371
-6.380000000000077,645.1629170652009
-6.370000000000077,644.9474757380076
-6.360000000000078,401.00535311309534
-6.350000000000078,532.0442142841098
-6.340000000000078,561.9128576806246
-6.330000000000078,546.5479698655273
-6.320000000000078,340.7198862557967
-6.310000000000079,552.5799354156815
-6.300000000000079,263.2493595492737
-6.290000000000079,647.7432844781921
-6.280000000000079,316.6308689436023
-6.2700000000000795,482.04437464520436
-6.26000000000008,421.83050610168306
-6.25000000000008,289.4609897921834
-6.24000000000008,470.2755754233865
-6.23000000000008,675.0193343232302
-6.220000000000081,555.5712043583201
-6.210000000000081,224.16783801779036
-6.200000000000081,313.0435586329818
-6.190000000000081,665.7859062866144
-6.180000000000081,452.2080312403938
-6.170000000000082,625.3421877569178
-6.160000000000082,630.2489974100669
-6.150000000000082,450.51722571882453
-6.140000000000082,268.2109299583162
-6.1300000000000825,678.0315237340865
-6.120000000000083,255.8389249193322
-6.110000000000083,437.4704122531608
-6.100000000000083,225.87011538530624
-6.090000000000083,455.573388393233
-6.080000000000084,204.06561990563478
-6.070000000000084,332.75593010084276
-6.060000000000084,457.3859754915551
-6.050000000000084,412.5577680837821
-6.040000000000084,269.4512430778214
-6.030000000000085,354.26251144159517
-6.020000000000085,669.790420878701
-6.010000000000085,449.10896352094494
-6.000000000000085,331.37280279054823
-5.9900000000000855,291.31563271481735
-5.980000000000086,429.52754027055005
-5.970000000000086,626.5653038933921
-5.960000000000086,224.5956105598721
-5.950000000000086,552.6478482364496
-5.9400000000000865,490.5219059663699
-5.930000000000087,239.63458156635159
-5.920000000000087,662.0833739098751
-5.910000000000087,470.2589670543324
-5.900000000000087,214.56243554146693
-5.890000000000088,575.1035183245076
-5.880000000000088,321.41301630558416
-5.870000000000088,251.74425453259266
-5.860000000000088,257.8302022301504
-5.8500000000000885,312.1792183338471
-5.840000000000089,331.1223306912526
-5.830000000000089,598.6687749630115
-5.820000000000089,322.3980294952755
-5.810000000000089,644.5409522944406
-5.8000000000000895,518.3186644226835
-5.79000000000009,633.566023166296
-5.78000000000009,396.53022124127625
-5.77000000000009,329.18015718279037
-5.76000000000009,403.8766787827292
-5.750000000000091,403.1389129524367
-5.740000000000091,532.6104159117838
-5.730000000000091,492.1069550775396
-5.720000000000091,556.5533547916116
-5.7100000000000914,350.24131883184435
-5.700000000000092,336.5257929941593
-5.690000000000092,646.0012282040763
-5.680000000000092,542.3483816334567
-5.670000000000092,272.21824257174023
-5.6600000000000925,467.33563134790916
-5.650000000000093,499.8864158560836
-5.640000000000093,330.43799137727086
-5.630000000000093,408.18273020897834
-5.620000000000093,571.0524739563435
-5.610000000000094,265.904096406607
-5.600000000000094,642.0104247425219
-5.590000000000094,422.8077191471899
-5.580000000000094,197.36396929896088
-5.570000000000094,293.2676281001037
-5.560000000000095,353.33119962097555
-5.550000000000095,179.21087761949545
-5.540000000000095,373.12345395411535
-5.530000000000095,484.47269949649933
-5.5200000000000955,189.3660653564341
-5.510000000000096,318.5105975182229
-5.500000000000096,631.4375291686745
-5.490000000000096,573.8433054025886
-5.480000000000096,569.290160946025
-5.470000000000097,288.6312513016504
-5.460000000000097,420.17863267428646
-5.450000000000097,473.49083152373856
-5.440000000000097,590.2110999772055
-5.430000000000097,589.93582555044
-5.420000000000098,438.75079515703294
-5.410000000000098,516.7647375942007
-5.400000000000098,260.43442968361273
-5.390000000000098,630.264082861971
-5.3800000000000985,576.9367502981484
-5.370000000000099,554.2727941651823
-5.360000000000099,218.59934712141006
-5.350000000000099,206.95442798517809
-5.340000000000099,254.65438290161399
-5.3300000000000995,482.54897910408306
-5.3200000000001,300.01298946409906
-5.3100000000001,258.4273951908108
-5.3000000000001,586.4507548068259
-5.2900000000001,410.4472534796559
-5.280000000000101,436.51125219796177
-5.270000000000101,152.9091972753331
-5.260000000000101,419.5618756413685
-5.250000000000101,293.3392595565664
-5.2400000000001015,501.17441123790974
-5.230000000000102,406.87315261054096
-5.220000000000102,419.3661489129968
-5.210000000000102,490.19414194765625
-5.200000000000102,334.2255511746804
-5.1900000000001025,350.77734495543785
-5.180000000000103,501.0598355845061
-5.170000000000103,323.6185011197725
-5.160000000000103,311.4400570467029
-5.150000000000103,384.67652243225484
-5.140000000000104,531.382558762847
-5.130000000000104,347.93474363140444
-5.120000000000104,441.39410851764103
-5.110000000000104,591.2863780416048
-5.1000000000001044,349.22091969997325
-5.090000000000105,155.3758867267618
-5.080000000000105,602.8805344357727
-5.070000000000105,599.0783410532399
-5.060000000000105,278.91846107832856
-5.0500000000001055,175.47487677357162
-5.040000000000106,158.81990332627706
-5.030000000000106,212.9830551750125
-5.020000000000106,435.1200813060711
-5.010000000000106,547.7266915107728
-5.000000000000107,307.99519661672196
-4.990000000000107,455.28057970425266
-4.980000000000107,242.97891600281508
-4.970000000000107,272.60121481287075
-4.960000000000107,160.93805563081676
-4.950000000000108,284.2554932894517
-4.940000000000108,222.55397294021282
-4.930000000000108,470.98509805777815
-4.920000000000108,151.29475916092153
-4.9100000000001085,383.1950370893037
-4.900000000000109,211.2265030905429
-4.890000000000109,207.13069738773942
-4.880000000000109,519.0000753912796
-4.870000000000109,537.3083763741561
-4.86000000000011,322.96336797059695
-4.85000000000011,455.190215268489
-4.84000000000011,226.58708910310793
-4.83000000000011,241.14512853279246
-4.82000000000011,568.2553896593208
-4.810000000000111,414.41313936153415
-4.800000000000111,294.9611665599669
-4.790000000000111,304.09129985953234
-4.780000000000111,183.5588728959864
-4.7700000000001115,503.0852002469653
-4.760000000000112,169.96610312518644
-4.750000000000112,346.52075300754115
-4.740000000000112,344.06849052831615
-4.730000000000112,486.2868627805913
-4.7200000000001125,356.07069424086785
-4.710000000000113,204.1802469004964
-4.700000000000113,558.6495391781135
-4.690000000000113,317.5495241940286
-4.680000000000113,178.50375619378758
-4.670000000000114,383.38636842888707
-4.660000000000114,170.75776756969
-4.650000000000114,399.4875715572814
-4.640000000000114,160.165759066624
-4.6300000000001145,334.6122002827096
-4.620000000000115,514.174840267998
-4.610000000000115,593.484333876702
-4.600000000000115,124.64520633325347
-4.590000000000115,437.04214482967353
-4.5800000000001155,397.3876653487921
-4.570000000000116,433.510226734189
-4.560000000000116,261.6678899689244
-4.550000000000116,211.67280427003485
-4.540000000000116,215.43957051663122
-4.530000000000117,124.15096455303154
-4.520000000000117,516.3070847535384
-4.510000000000117,405.5381991414298
-4.500000000000117,613.08161952298
-4.4900000000001175,527.9241868250284
-4.480000000000118,288.2829037711059
-4.470000000000118,214.63728873476146
-4.460000000000118,248.05199752086583
-4.450000000000118,471.9625410223556
-4.4400000000001185,552.6788601571536
-4.430000000000119,538.1420792198029
-4.420000000000119,328.31178328538454
-4.410000000000119,329.1413040332002
-4.400000000000119,138.40382356953828
-4.39000000000012,281.4643612726647
-4.38000000000012,222.06507791470233
-4.37000000000012,453.7287524826962
-4.36000000000012,525.7273903574123
-4.35000000000012,350.7592177174695
-4.340000000000121,564.3917744132348
-4.330000000000121,176.63731534940678
-4.320000000000121,149.21697883837533
-4.310000000000121,106.44338395257515
-4.3000000000001215,409.3208520899745
-4.290000000000122,190.35373786534046
-4.280000000000122,317.404530822816
-4.270000000000122,168.30665010246122
-4.260000000000122,601.1726478117102
-4.250000000000123,278.62625658213364
-4.240000000000123,485.51120157599456
-4.230000000000123,589.7944882484609
-4.220000000000123,163.99788746127217
-4.210000000000123,470.98704066841674
-4.200000000000124,242.55793053274095
-4.190000000000124,544.0397621286145
-4.180000000000124,132.94190356351388
-4.170000000000124,327.1879775520947
-4.1600000000001245,499.19018182306075
-4.150000000000125,289.2220267600834
-4.140000000000125,376.3619155614224
-4.130000000000125,181.62780092752914
-4.120000000000125,487.54489220984675
-4.1100000000001256,305.83221204446625
-4.100000000000126,582.5256757704883
-4.090000000000126,302.8489335392833
-4.080000000000126,309.48785216705267
-4.070000000000126,123.4209854679076
-4.060000000000127,209.71953258237
-4.050000000000127,548.1819496301629
-4.040000000000127,394.54942731436597
-4.030000000000127,479.4089418589202
-4.0200000000001275,323.59402395617917
-4.010000000000128,218.61589908005237
-4.000000000000128,353.8870508277033
-3.990000000000128,577.536576314394
-3.9800000000001283,370.5751309995194
-3.9700000000001285,443.97259556366424
-3.9600000000001288,341.6023530633728
-3.950000000000129,338.53238569709947
-3.940000000000129,561.169375458118
-3.9300000000001294,553.4629580168014
-3.9200000000001296,159.7411839265808
-3.91000000000013,160.57698403464016
-3.90000000000013,161.9908052345083
-3.8900000000001302,511.70356361860223
-3.8800000000001305,468.3046065636762
-3.8700000000001307,332.14167780600303
-3.860000000000131,120.33804057873066
-3.850000000000131,125.27155000814284
-3.8400000000001313,586.5990396777129
-3.8300000000001315,364.7791890052751
-3.8200000000001317,570.149503302605
-3.810000000000132,349.87596161293266
-3.800000000000132,497.2535935191106
-3.7900000000001324,138.44513215615515
-3.7800000000001326,393.1649159788685
-3.770000000000133,153.22365918122406
-3.760000000000133,289.23278802686656
-3.7500000000001332,376.92794434270417
-3.7400000000001334,134.12126425724472
-3.7300000000001337,513.6579879785114
-3.720000000000134,401.1727391502898
-3.710000000000134,95.9657142424768
-3.7000000000001343,193.81126828054494
-3.6900000000001345,259.6481635526577
-3.6800000000001347,151.369005552002
-3.670000000000135,291.6278513713485
-3.660000000000135,348.8325600581593
-3.6500000000001354,580.2077754189897
-3.6400000000001356,165.74411094166172
-3.630000000000136,261.539747228248
-3.620000000000136,271.8556463076503
-3.610000000000136,161.32020738231807
-3.6000000000001364,440.12293051586414
-3.5900000000001366,576.5286414952985
-3.580000000000137,351.2387977424522
-3.570000000000137,528.4494009242534
-3.5600000000001373,398.1441690952203
-3.5500000000001375,345.2686698929369
-3.5400000000001377,233.8179703934203
-3.530000000000138,300.21382370271243
-3.520000000000138,431.13576553149096
-3.5100000000001383,539.5034372306724
-3.5000000000001386,139.69991856868575
-3.4900000000001388,183.3019988114686
-3.480000000000139,531.2827005702275
-3.470000000000139,272.423939516152
-3.4600000000001394,122.88663111659241
-3.4500000000001396,163.70757233063856
-3.44000000000014,254.41510607173115
-3.43000000000014,547.7802792460337
-3.4200000000001403,76.55914256275196
-3.4100000000001405,474.36204012267285
-3.4000000000001407,373.74481377436575
-3.390000000000141,122.30506852184827
-3.380000000000141,406.84888431360594
-3.3700000000001413,544.2433982520944
-3.3600000000001415,210.8785879550317
-3.3500000000001418,249.02671451990176
-3.340000000000142,423.9248025861761
-3.330000000000142,259.03867779606907
-3.3200000000001424,255.43606468683862
-3.3100000000001426,194.05079115749518
-3.300000000000143,124.22418101368406
-3.290000000000143,488.43856509411853
-3.2800000000001432,309.6005340153656
-3.2700000000001435,544.3874865935456
-3.2600000000001437,162.655390861429
-3.250000000000144,460.14226564444425
-3.240000000000144,518.9307479410286
-3.2300000000001443,449.40334158175625
-3.2200000000001445,438.6007638476369
-3.2100000000001447,185.65067485943246
-3.200000000000145,275.76179739668663
-3.190000000000145,563.4754061501616
-3.1800000000001454,344.54758326096197
-3.1700000000001456,267.92598781077663
-3.160000000000146,106.52327463561932
-3.150000000000146,82.42585453655059
-3.1400000000001462,351.17535484173953
-3.1300000000001464,545.9959043090449
-3.1200000000001467,279.3027232408144
-3.110000000000147,391.3153162387546
-3.100000000000147,227.72755055905816
-3.0900000000001473,156.5805800745801
-3.0800000000001475,492.9826927535344
-3.0700000000001477,466.17290722994807
-3.060000000000148,321.49589361849286
-3.050000000000148,217.82030525591603
-3.0400000000001484,134.2792324940402
-3.0300000000001486,297.24118567033713
-3.020000000000149,445.24529215088893
-3.010000000000149,465.1822510424036
-3.000000000000149,214.01033156224287
-2.9900000000001494,226.31415400112402
-2.9800000000001496,546.4075457963945
-2.97000000000015,294.6242246490357
-2.96000000000015,218.9220017554223
-2.9500000000001503,215.7463268611561
-2.9400000000001505,456.8720928216136
-2.9300000000001507,293.093657936166
-2.920000000000151,240.40056627013945
-2.910000000000151,191.71114689963144
-2.9000000000001513,147.20165003788406
-2.8900000000001516,461.4399003272712
-2.8800000000001518,366.39882484844543
-2.870000000000152,229.28673439765555
-2.860000000000152,534.1011733460388
-2.8500000000001524,459.81800775983925
-2.8400000000001526,447.90469921371084
-2.830000000000153,471.9472117938292
-2.820000000000153,514.9679799997805
-2.8100000000001533,330.66210205782255
-2.8000000000001535,476.280033181467
-2.7900000000001537,303.0375853013704
-2.780000000000154,528.3514194348365
-2.770000000000154,279.3063695261596
-2.7600000000001543,432.7980060042611
-2.7500000000001545,411.8104880418865
-2.7400000000001548,64.14998963537832
-2.730000000000155,217.33200784909235
-2.720000000000155,96.70709783152861
-2.7100000000001554,521.6027706085897
-2.7000000000001556,172.37421510435553
-2.690000000000156,398.71800755355906
-2.680000000000156,423.14983115019646
-2.6700000000001562,172.73009074716887
-2.6600000000001565,144.30324673916647
-2.6500000000001567,103.87409574584052
-2.640000000000157,227.26433512043707
-2.630000000000157,77.67768550749781
-2.6200000000001573,164.86345125053862
-2.6100000000001575,451.63385876789926
-2.6000000000001577,535.7969082435152
-2.590000000000158,191.16539187271562
-2.580000000000158,360.05699885481636
-2.5700000000001584,544.2861963929477
-2.5600000000001586,92.55372685898482
-2.550000000000159,262.66505079008516
-2.540000000000159,288.26864609701346
-2.5300000000001592,275.7232322401017
-2.5200000000001594,129.0197072701142
-2.5100000000001597,263.948431390681
-2.50000000000016,49.27882311766552
-2.49000000000016,257.78276224714
-2.4800000000001603,136.4728515340213
-2.4700000000001605,209.24384384992564
-2.4600000000001607,309.8111588909045
-2.450000000000161,444.86349626638764
-2.440000000000161,500.9219617808175
-2.4300000000001614,510.5794323897046
-2.4200000000001616,169.44245316395362
-2.410000000000162,161.8910591387429
-2.400000000000162,487.1960270212113
-2.390000000000162,135.89143980865725
-2.3800000000001624,415.7035303739776
-2.3700000000001626,365.7129727832542
-2.360000000000163,183.5133423955114
-2.350000000000163,462.4754685689876
-2.3400000000001633,342.19865272165066
-2.3300000000001635,95.00071604242783
-2.3200000000001637,142.8584524819354
-2.310000000000164,343.3588323860071
-2.300000000000164,428.572035710796
-2.2900000000001643,188.7369608860903
-2.2800000000001646,82.49516860696923
-2.2700000000001648,529.1722580420403
-2.260000000000165,306.14931097152186
-2.250000000000165,478.3662270003107
-2.2400000000001654,127.9435692364575
-2.2300000000001656,213.09893078806937
-2.220000000000166,58.082230081759064
-2.210000000000166,283.68684102265865
-2.2000000000001663,212.74934887417004
-2.1900000000001665,91.47906482365097
-2.1800000000001667,527.8245994909455
-2.170000000000167,167.56264734126944
-2.160000000000167,370.3734804258792
-2.1500000000001673,457.64810025190013
-2.1400000000001675,434.76771418373164
-2.1300000000001678,529.532300839638
-2.120000000000168,279.5303664658875
-2.110000000000168,471.5867117253658
-2.1000000000001684,220.86326156100006
-2.0900000000001686,243.3944357677097
-2.080000000000169,49.30258965036239
-2.070000000000169,372.9606743002371
-2.0600000000001693,177.06198180252437
-2.0500000000001695,168.84676836390076
-2.0400000000001697,355.3604414397081
-2.03000000000017,530.1287605388347
-2.02000000000017,523.3960375621109
-2.0100000000001703,492.2573417269368
-2.0000000000001705,163.6142611432344
-1.9900000000001705,342.6967479054394
-1.9800000000001705,241.53342023773897
-1.9700000000001705,476.64587742988425
-1.9600000000001705,402.6277905253843
-1.9500000000001705,140.1957812759264
-1.9400000000001705,83.63224508470756
-1.9300000000001705,325.95352805694336
-1.9200000000001705,71.12063931671696
-1.9100000000001705,344.462994517616
-1.9000000000001704,306.3234077006249
-1.8900000000001704,493.6790882876324
-1.8800000000001704,391.8879960883909
-1.8700000000001704,288.3027737955475
-1.8600000000001704,303.6493833697319
-1.8500000000001704,390.9597240156426
-1.8400000000001704,248.46566120689192
-1.8300000000001704,208.00660008920127
-1.8200000000001704,437.78754866314114
-1.8100000000001704,74.17447456738196
-1.8000000000001704,265.86857730594545
-1.7900000000001703,52.309678487231835
-1.7800000000001703,491.38599677228507
-1.7700000000001703,117.14853162812966
-1.7600000000001703,521.7310420257755
-1.7500000000001703,375.36243703055703
-1.7400000000001703,290.3400508835123
-1.7300000000001703,498.03653131436994
-1.7200000000001703,499.17656611510347
-1.7100000000001703,206.29506169317534
-1.7000000000001703,170.83757745628623
-1.6900000000001703,455.96288162667867
-1.6800000000001702,517.74558772308
-1.6700000000001702,412.9531986998279
-1.6600000000001702,89.5011956795056
-1.6500000000001702,397.4972760400533
-1.6400000000001702,503.709315175639
-1.6300000000001702,202.38286038471813
-1.6200000000001702,300.45558555123944
-1.6100000000001702,58.04361290644578
-1.6000000000001702,86.09745085276103
-1.5900000000001702,525.6428036261465
-1.5800000000001702,148.1479275264615
-1.5700000000001701,248.22027398600375
-1.5600000000001701,129.7683851108075
-1.5500000000001701,279.5223313795956
-1.5400000000001701,149.74966500220464
-1.5300000000001701,140.31010471635972
-1.52000000000017,441.8495793388032
-1.51000000000017,322.74283477289805
-1.50000000000017,165.96764866175363
-1.49000000000017,174.85795640421452
-1.48000000000017,512.8765445536035
-1.47000000000017,449.2210449124743
-1.46000000000017,84.09290982665057
-1.45000000000017,292.4941739267495
-1.44000000000017,278.95836186553043
-1.43000000000017,85.97215912736746
-1.42000000000017,62.115021255293144
-1.41000000000017,321.0619599076293
-1.40000000000017,516.2979537790293
-1.39000000000017,108.2310752956775
-1.38000000000017,507.7303037127712
-1.37000000000017,473.12691327345163
-1.36000000000017,104.39525755089699
-1.35000000000017,289.36962703392857
-1.34000000000017,91.0719820370437
-1.33000000000017,33.94665452895593
-1.32000000000017,519.2613493831493
-1.31000000000017,28.188258284936484
-1.30000000000017,214.99026962932865
-1.29000000000017,444.9788617338786
-1.28000000000017,42.97168184895052
-1.2700000000001699,121.1599146007137
-1.2600000000001699,491.7108315458057
-1.2500000000001699,113.00574500376553
-1.2400000000001699,300.88653175744554
-1.2300000000001698,472.204615733009
-1.2200000000001698,399.69931827115244
-1.2100000000001698,399.9530935278258
-1.2000000000001698,362.8669065375961
-1.1900000000001698,257.57251290505167
-1.1800000000001698,419.5605134832692
-1.1700000000001698,373.4820309595542
-1.1600000000001698,269.81381635705463
-1.1500000000001698,188.41386184948567
-1.1400000000001698,72.79988102197274
-1.1300000000001698,523.4316019973368
-1.1200000000001697,471.8592159355324
-1.1100000000001697,138.6137932171585
-1.1000000000001697,412.27590908469165
-1.0900000000001697,274.190299933735
-1.0800000000001697,289.53669090675913
-1.0700000000001697,30.470106550784607
-1.0600000000001697,138.17118959884533
-1.0500000000001697,248.0747064194352
-1.0400000000001697,134.2600101492651
-1.0300000000001697,495.7922637260816
-1.0200000000001697,138.31039610065082
-1.0100000000001697,359.79330479178697
-1.0000000000001696,349.43760776421436
-0.9900000000001696,454.9995957128515
-0.9800000000001696,376.65338491739334
-0.9700000000001696,447.0736270380447
-0.9600000000001696,158.55123160451615
-0.9500000000001696,381.7968948333161
-0.9400000000001696,178.7914004436793
-0.9300000000001696,267.5308814249142
-0.9200000000001696,331.526825758736
-0.9100000000001696,146.00561871172494
-0.9000000000001696,88.27462793515815
-0.8900000000001695,316.8561575345817
-0.8800000000001695,305.7257535088718
-0.8700000000001695,452.12857634402985
-0.8600000000001695,92.59914539074994
-0.8500000000001695,48.40225515599077
-0.8400000000001695,122.8844914954521
-0.8300000000001695,516.2265646255164
-0.8200000000001695,142.68142481460546
-0.8100000000001695,199.24549826715537
-0.8000000000001695,168.33097984011803
-0.7900000000001695,248.68473263292694
-0.7800000000001694,514.6485275610939
-0.7700000000001694,52.80134586398456
-0.7600000000001694,323.80570307979065
-0.7500000000001694,335.4470861196106
-0.7400000000001694,187.7720658229493
-0.7300000000001694,93.07218694844076
-0.7200000000001694,270.2155711785877
-0.7100000000001694,235.2970473559784
-0.7000000000001694,37.37410849348183
-0.6900000000001694,130.60530652015004
-0.6800000000001694,301.648858010815
-0.6700000000001693,235.76233748747433
-0.6600000000001693,266.53314444118064
-0.6500000000001693,105.23916028983669
-0.6400000000001693,136.97922560300265
-0.6300000000001693,335.22227163098665
-0.6200000000001693,125.4181882953548
-0.6100000000001693,395.7161498496673
-0.6000000000001693,340.38697604431377
-0.5900000000001693,343.79543958397574
-0.5800000000001693,92.07924236397818
-0.5700000000001693,91.23993543603808
-0.5600000000001693,87.1256673867132
-0.5500000000001692,220.58623117098261
-0.5400000000001692,313.5220768478051
-0.5300000000001692,305.0554891957609
-0.5200000000001692,135.8622615212559
-0.5100000000001692,289.86794440850565
-0.5000000000001692,230.8957245111464
-0.4900000000001692,235.12995216821616
-0.4800000000001692,493.9187503620786
-0.47000000000016917,103.78090198529625
-0.46000000000016916,437.62043963182634
-0.45000000000016915,302.01242711390927
-0.44000000000016914,386.7437226223863
-0.43000000000016914,344.1235489323513
-0.4200000000001691,444.2846701276125
-0.4100000000001691,318.9509603918067
-0.4000000000001691,267.94159027131025
-0.3900000000001691,280.81465523113724
-0.3800000000001691,149.13877405518693
-0.3700000000001691,274.34454326737244
-0.3600000000001691,231.18794813179966
-0.35000000000016906,429.6048607299362
-0.34000000000016906,438.0139064443708
-0.33000000000016905,431.6086428987121
-0.32000000000016904,310.3589533464865
-0.31000000000016903,176.61556318226837
-0.300000000000169,462.49404235696045
-0.290000000000169,76.53202260223053
-0.280000000000169,279.20299328071985
-0.270000000000169,262.2833085461845
-0.260000000000169,270.1692156808888
-0.250000000000169,367.2032610623701
-0.24000000000016897,186.88268877719213
-0.23000000000016896,142.28788179877012
-0.22000000000016895,85.79837540803474
-0.21000000000016894,366.5848977249014
-0.20000000000016893,490.7153932979347
-0.19000000000016892,368.0421344700733
-0.1800000000001689,167.20957010265494
-0.1700000000001689,462.81347620259095
-0.1600000000001689,272.4403056486204
-0.1500000000001689,254.3216763702836
-0.14000000000016888,284.76597779276074
-0.13000000000016887,507.3034613614915
-0.12000000000016887,149.3403158427584
-0.11000000000016888,226.61263535243734
-0.10000000000016888,498.22562237657405
-0.09000000000016889,125.73331309255119
-0.0800000000001689,116.54670552600828
-0.0700000000001689,365.7555120016368
-0.0600000000001689,29.823073984257835
-0.050000000000168895,281.99171851381925
-0.040000000000168894,181.85482624348887
-0.03000000000016889,292.4633517195128
-0.02000000000016889,157.4011941791823
-0.01000000000016889,300.1621799262663
-1.6888920817414999E-13,279.3789477508258
0.009999999999831111,159.2922722707874
0.01999999999983111,176.42103344911766
0.029999999999831113,174.62404595017568
0.039999999999831115,73.37425436548926
0.04999999999983112,142.64253573305396
0.05999999999983112,104.67801265212996
0.06999999999983111,123.348104934026
0.07999999999983111,388.55427469142654
0.0899999999998311,452.36820664192163
0.0999999999998311,428.55258899982823
0.1099999999998311,464.4649286456603
0.11999999999983109,128.23175624115078
0.12999999999983108,501.5736635037372
0.1399999999998311,314.62343765990187
0.1499999999998311,521.1840145571467
0.1599999999998311,166.61115480429163
0.16999999999983112,504.1749495886783
0.17999999999983113,335.47124897775757
0.18999999999983114,385.14186630435034
0.19999999999983115,326.56090282367404
0.20999999999983116,392.80409979126864
0.21999999999983116,383.5014443453873
0.22999999999983117,493.2571835672035
0.23999999999983118,179.1934813416058
0.2499999999998312,74.63476847252798
0.2599999999998312,71.6137132768907
0.2699999999998312,98.17128977582111
0.2799999999998312,26.581500755635197
0.2899999999998312,167.70687411300295
0.29999999999983123,44.546641191170494
0.30999999999983124,337.35180125038585
0.31999999999983125,53.93792297987794
0.32999999999983126,485.3289097911475
0.33999999999983127,249.72552790160984
0.3499999999998313,230.93780401569146
0.3599999999998313,262.5884551625305
0.3699999999998313,161.13557943694485
0.3799999999998313,341.44145397170365
0.3899999999998313,63.404649931686365
0.3999999999998313,420.06436303966865
0.40999999999983133,432.37909967614445
0.41999999999983134,517.1898104204529
0.42999999999983135,229.12635898413396
0.43999999999983136,388.6437676035591
0.44999999999983137,224.03240463500282
0.4599999999998314,209.99640481584578
0.4699999999998314,246.91393681711781
0.4799999999998314,318.6694831757813
0.4899999999998314,301.282060804389
0.4999999999998314,185.55912454694868
0.5099999999998314,273.6076353297017
0.5199999999998314,317.9717027072539
0.5299999999998314,382.9893267735282
0.5399999999998314,218.03355716028304
0.5499999999998314,71.80122327460184
0.5599999999998314,333.72345801030247
0.5699999999998314,233.69731021856728
0.5799999999998314,143.29041071526876
0.5899999999998314,511.7765666273755
0.5999999999998314,108.05708251376952
0.6099999999998315,376.76236265830175
0.6199999999998315,213.47304836273517
0.6299999999998315,312.72645527882054
0.6399999999998315,193.76981658784672
0.6499999999998315,196.18795866018087
0.6599999999998315,301.6831700910841
0.6699999999998315,353.34394974205867
0.6799999999998315,141.4466079409886
0.6899999999998315,319.73896531564304
0.6999999999998315,130.62278820604328
0.7099999999998315,506.8562328557724
0.7199999999998316,94.32833281726482
0.7299999999998316,300.91468650363765
0.7399999999998316,324.0206524231748
0.7499999999998316,80.58122154861435
0.7599999999998316,152.2534346171538
0.7699999999998316,242.3585765855155
0.7799999999998316,204.67120780914044
0.7899999999998316,65.0850316796792
0.7999999999998316,491.0011944942656
0.8099999999998316,128.28287766498343
0.8199999999998316,387.91423027501907
0.8299999999998317,523.0183014256074
0.8399999999998317,348.3647907384794
0.8499999999998317,258.48628739785204
0.8599999999998317,344.38324893470974
0.8699999999998317,72.7097083730792
0.8799999999998317,113.28211935411368
0.8899999999998317,301.5427736495316
0.8999999999998317,230.85090375700534
0.9099999999998317,46.59460010559066
0.9199999999998317,379.35273008400014
0.9299999999998317,109.7396020068112
0.9399999999998317,412.99934409908053
0.9499999999998318,29.557025014498528
0.9599999999998318,449.0687422546611
0.9699999999998318,63.342867530519946
0.9799999999998318,228.9438426270113
0.9899999999998318,107.26316135432036
0.9999999999998318,400.08807606701066
1.0099999999998317,336.76837696347934
1.0199999999998317,167.3376296282313
1.0299999999998317,279.5643604917608
1.0399999999998317,449.8780387964219
1.0499999999998317,104.23634786898779
1.0599999999998317,258.8862228043801
1.0699999999998318,119.04789550070927
1.0799999999998318,480.05736683329206
1.0899999999998318,327.48778954069815
1.0999999999998318,105.09924637357862
1.1099999999998318,379.81350811809887
1.1199999999998318,206.76491576485148
1.1299999999998318,393.140722960036
1.1399999999998318,93.10799594413443
1.1499999999998318,386.55396814745194
1.1599999999998318,108.38304354999237
1.1699999999998318,492.26457030330477
1.1799999999998319,470.37673181284157
1.1899999999998319,159.0176377421646
1.1999999999998319,346.9439125154758
1.2099999999998319,259.750517372049
1.2199999999998319,78.13593852342652
1.229999999999832,351.93129563354813
1.239999999999832,44.54672169768142
1.249999999999832,316.0562502293357
1.259999999999832,167.36560411882007
1.269999999999832,215.46131431851794
1.279999999999832,401.11406173064455
1.289999999999832,478.90309665823503
1.299999999999832,346.1567159446132
1.309999999999832,406.29117332575663
1.319999999999832,264.8155416402869
1.329999999999832,37.503567668516084
1.339999999999832,332.27900781092666
1.349999999999832,104.39372567549731
1.359999999999832,391.48676426158596
1.369999999999832,106.8976835704186
1.379999999999832,309.7831516447604
1.389999999999832,515.576025563109
1.399999999999832,254.37172885807354
1.409999999999832,204.97598670925913
1.419999999999832,313.46552157231025
1.429999999999832,464.8750114470528
1.439999999999832,390.51694255137534
1.449999999999832,319.7674353899252
1.459999999999832,190.02357827699788
1.469999999999832,410.8822586280305
1.4799999999998321,395.1451962056018
1.4899999999998321,359.57039028411333
1.4999999999998321,309.7300947049574
1.5099999999998321,336.07564473976896
1.5199999999998322,300.33723794552816
1.5299999999998322,503.5046457054932
1.5399999999998322,327.4542895901759
1.5499999999998322,93.23632477748829
1.5599999999998322,199.34937818447082
1.5699999999998322,95.06281762849369
1.5799999999998322,416.8580488928392
1.5899999999998322,413.0290267225582
1.5999999999998322,102.89529286841037
1.6099999999998322,346.2390892646646
1.6199999999998322,526.5952233919834
1.6299999999998322,402.8237775420388
1.6399999999998323,138.72001038349356
1.6499999999998323,244.81343608250597
1.6599999999998323,332.3423278123247
1.6699999999998323,491.83719355618945
1.6799999999998323,330.79424825062796
1.6899999999998323,182.3695434262669
1.6999999999998323,183.48861855049768
1.7099999999998323,402.67155298606224
1.7199999999998323,319.4572675935259
1.7299999999998323,445.62449764141
1.7399999999998323,468.3137151930914
1.7499999999998324,354.32959468445586
1.7599999999998324,508.83631092107214
1.7699999999998324,338.64831112534273
1.7799999999998324,446.4809179803577
1.7899999999998324,326.7833614451865
1.7999999999998324,252.870809836825
1.8099999999998324,328.5515447503366
1.8199999999998324,222.67430817688452
1.8299999999998324,342.1750579709833
1.8399999999998324,316.2694319418148
1.8499999999998324,232.21898004381532
1.8599999999998325,160.20776487665782
1.8699999999998325,342.7281636638673
1.8799999999998325,471.7281200158367
1.8899999999998325,86.66767535345079
1.8999999999998325,158.4340485337391
1.9099999999998325,370.44683364825914
1.9199999999998325,219.73720391927282
1.9299999999998325,470.6072727005687
1.9399999999998325,342.78206611953084
1.9499999999998325,378.6817872124787
1.9599999999998325,242.30583143289823
1.9699999999998326,169.78096778040066
1.9799999999998326,341.2503974173422
1.9899999999998326,130.64079530997913
1.9999999999998326,326.9317202466097
2.0099999999998324,203.6649986368132
2.019999999999832,446.1852755863218
2.029999999999832,264.921746513851
2.0399999999998317,122.144317127048
2.0499999999998315,356.1049872389541
2.0599999999998313,85.1711201319227
2.069999999999831,233.14674951793694
2.079999999999831,210.94972782821253
2.0899999999998307,477.46714222434906
2.0999999999998304,149.86172973328968
2.1099999999998302,439.7750094342226
2.11999999999983,113.50524673000837
2.12999999999983,450.88245959550227
2.1399999999998296,356.5802591417646
2.1499999999998294,539.1728726499092
2.159999999999829,455.3518162412117
2.169999999999829,340.16211217376053
2.1799999999998287,437.51614348025566
2.1899999999998285,470.0190866929288
2.1999999999998283,162.53244239217892
2.209999999999828,361.96204911349287
2.219999999999828,86.3470904323768
2.2299999999998277,432.12329361498684
2.2399999999998275,169.92473646630347
2.2499999999998272,449.77505961028226
2.259999999999827,207.11419561768167
2.269999999999827,135.73611253998865
2.2799999999998266,254.11568732664162
2.2899999999998264,302.32827367740674
2.299999999999826,140.17840222473865
2.309999999999826,278.42872930409527
2.3199999999998258,227.14681566025976
2.3299999999998255,433.9643653001769
2.3399999999998253,164.08631922017864
2.349999999999825,329.6201439442997
2.359999999999825,352.4577887196923
2.3699999999998247,369.5845090735045
2.3799999999998245,197.17370488713672
2.3899999999998243,327.8303702160894
2.399999999999824,469.3566356081913
2.409999999999824,251.73121779652703
2.4199999999998236,247.73448472489872
2.4299999999998234,520.737480852054
2.439999999999823,437.34474227099656
2.449999999999823,252.3891978113409
2.4599999999998228,286.58370359543255
2.4699999999998226,303.1167666649737
2.4799999999998223,136.62465075530602
2.489999999999822,307.08234583437667
2.499999999999822,340.84226252216206
2.5099999999998217,532.7401602522774
2.5199999999998215,386.1189275828538
2.5299999999998213,313.8450501445016
2.539999999999821,232.77183630137353
2.549999999999821,429.3138981074713
2.5599999999998206,265.32804011609784
2.5699999999998204,64.64584909586797
2.57999999999982,512.4878782109677
2.58999999999982,386.532672478267
2.59999999999982,451.35556164127854
2.6099999999998196,301.8415762919782
2.6199999999998194,258.3789403388825
2.629999999999819,152.32839206333017
2.639999999999819,307.42867012638476
2.6499999999998187,417.24019812588887
2.6599999999998185,544.0604579597718
2.6699999999998183,457.3916128975732
2.679999999999818,84.24218314618923
2.689999999999818,436.35046184715316
2.6999999999998177,495.6910439430363
2.7099999999998174,297.04380694668885
2.7199999999998172,220.45417216348784
2.729999999999817,555.3962953648127
2.739999999999817,488.4794378955046
2.7499999999998166,196.5386005413618
2.7599999999998164,353.6613278781892
2.769999999999816,123.67437124497144
2.779999999999816,156.21030875876397
2.7899999999998157,414.87007194075983
2.7999999999998155,278.18215336100104
2.8099999999998153,88.83272023290954
2.819999999999815,512.6169698827582
2.829999999999815,167.16628113393438
2.8399999999998147,210.97623491445603
2.8499999999998145,547.6486316696243
2.8599999999998142,108.42907491049343
2.869999999999814,70.74608019053974
2.879999999999814,352.02749228937967
2.8899999999998136,169.88402043068942
2.8999999999998134,272.9235807381798
2.909999999999813,144.917448050016
2.919999999999813,350.5198034858662
2.9299999999998128,387.796181107647
2.9399999999998125,113.8069900062913
2.9499999999998123,319.59534218128925
2.959999999999812,413.132842436926
2.969999999999812,368.8822915990447
2.9799999999998117,74.25692469258536
2.9899999999998115,532.8172923756847
2.9999999999998113,415.7865732326488
3.009999999999811,414.435605457786
3.019999999999811,470.9513822639821
3.0299999999998106,122.23480733620102
3.0399999999998104,505.16217585310886
3.04999999999981,551.4916392825513
3.05999999999981,561.9135881226011
3.0699999999998098,340.65876344648814
3.0799999999998096,301.3278731448878
3.0899999999998093,210.74226097234455
3.099999999999809,318.00063561537604
3.109999999999809,450.73682775622405
3.1199999999998087,437.79748988879817
3.1299999999998085,507.9960112089559
3.1399999999998083,196.8641141898957
3.149999999999808,478.8411106432658
3.159999999999808,300.35009820968116
3.1699999999998076,271.7626049645878
3.1799999999998074,343.21071952550693
3.189999999999807,333.2441858709476
3.199999999999807,450.9386658575417
3.209999999999807,84.53995657530572
3.2199999999998066,264.1911021016823
3.2299999999998064,116.66146860993324
3.239999999999806,348.01606533618167
3.249999999999806,230.38155969356274
3.2599999999998057,153.7449294062364
3.2699999999998055,88.23829403396387
3.2799999999998053,99.60636413388647
3.289999999999805,566.3226513421355
3.299999999999805,164.73045177300614
3.3099999999998047,355.0596162783911
3.3199999999998044,110.44959384484254
3.3299999999998042,460.2430696138158
3.339999999999804,552.6666029309341
3.349999999999804,498.26054743625775
3.3599999999998036,109.54819038203239
3.3699999999998034,562.7449920953284
3.379999999999803,239.91572036320352
3.389999999999803,463.81589107410525
3.3999999999998027,169.44309072873864
3.4099999999998025,305.6237439565894
3.4199999999998023,474.1351065481683
3.429999999999802,173.08670740304348
3.439999999999802,453.5478013639823
3.4499999999998017,144.50974729977793
3.4599999999998015,379.8255720600827
3.4699999999998012,433.202120466619
3.479999999999801,552.86833067677
3.489999999999801,188.25966287359404
3.4999999999998006,326.80486495169805
3.5099999999998004,352.3544529097897
3.5199999999998,398.43731913092745
3.5299999999998,482.6750006381412
3.5399999999997998,164.4344663981472
3.5499999999997995,590.0858055582847
3.5599999999997993,360.79036007823066
3.569999999999799,341.12624656051776
3.579999999999799,495.42751918844493
3.5899999999997987,397.6441710979486
3.5999999999997985,272.8127145964522
3.6099999999997983,239.6605623344263
3.619999999999798,288.0663057140888
3.629999999999798,528.4873592708298
3.6399999999997976,237.28450638229242
3.6499999999997974,419.17133264659435
3.659999999999797,250.65721712973294
3.669999999999797,224.01264778897118
3.6799999999997968,205.45245478949
3.6899999999997966,462.20756080396154
3.6999999999997963,517.0513732903881
3.709999999999796,104.59045500911097
3.719999999999796,437.95651888943496
3.7299999999997957,237.00128676158656
3.7399999999997955,317.05908473457214
3.7499999999997953,420.9800715038334
3.759999999999795,584.4391567420013
3.769999999999795,226.29118110213386
3.7799999999997946,430.58624553734626
3.7899999999997944,246.20557893431487
3.799999999999794,243.16583724953193
3.809999999999794,383.52033626998923
3.819999999999794,349.3207328186635
3.8299999999997936,312.97010884420183
3.8399999999997934,486.9844305505977
3.849999999999793,283.98651664428354
3.859999999999793,194.79697996206153
3.8699999999997927,326.6865958567997
3.8799999999997925,466.95199139188395
3.8899999999997923,463.5229073803255
3.899999999999792,566.6669148131235
3.909999999999792,209.20304005936902
3.9199999999997917,329.9568333810161
3.9299999999997914,462.2875006691424
3.9399999999997912,120.00526227467748
3.949999999999791,353.3005410901242
3.959999999999791,311.664091909005
3.9699999999997906,216.23923757572658
3.9799999999997904,295.47739139228554
3.98999999999979,593.0421149864422
3.99999999999979,491.11294559131306
4.00999999999979,563.8790701827179
4.01999999999979,251.19786653447852
4.02999999999979,220.0504929799431
4.0399999999997895,318.29350402641853
4.049999999999789,260.8339914196048
4.059999999999789,170.10778217844677
4.069999999999789,500.7929840774616
4.079999999999789,151.03160995197362
4.0899999999997885,519.8622978870121
4.099999999999788,241.6990520815147
4.109999999999788,274.95155218480113
4.119999999999788,162.5095971250471
4.129999999999788,218.85801757215927
4.139999999999787,241.91365411801405
4.149999999999787,339.95624549164296
4.159999999999787,605.7511961271935
4.169999999999787,544.4328087432501
4.1799999999997866,260.0462139034297
4.189999999999786,451.76000593992103
4.199999999999786,546.3986182449667
4.209999999999786,463.65331034765154
4.219999999999786,246.47767889098304
4.2299999999997855,396.93314923093834
4.239999999999785,300.1100953082996
4.249999999999785,541.5122166740091
4.259999999999785,180.06862625001017
4.269999999999785,216.1555171165038
4.279999999999784,435.9057678016238
4.289999999999784,246.711008174385
4.299999999999784,279.03994503542845
4.309999999999784,284.1844098901395
4.319999999999784,331.7903071635709
4.329999999999783,513.3327192399839
4.339999999999783,304.1692906713269
4.349999999999783,576.3765727698296
4.359999999999783,393.98025772238736
4.3699999999997825,450.982559342551
4.379999999999782,128.13133910532827
4.389999999999782,576.8421391973956
4.399999999999782,176.0641377309066
4.409999999999782,220.97482421436467
4.419999999999781,369.80990710591936
4.429999999999781,408.3089276805469
4.439999999999781,259.4236612025291
4.449999999999781,221.1439917100049
4.459999999999781,517.4101634997855
4.46999999999978,388.77490952101647
4.47999999999978,381.2439821763145
4.48999999999978,346.85821923068954
4.49999999999978,589.199016447797
4.5099999999997795,345.0272626812804
4.519999999999779,421.44123743095906
4.529999999999779,220.813357146489
4.539999999999779,505.70175627035894
4.549999999999779,138.10594461727123
4.5599999999997785,484.83536005627894
4.569999999999778,409.1856690201791
4.579999999999778,472.1831991082595
4.589999999999778,480.78992738339355
4.599999999999778,439.896488330745
4.609999999999777,266.72121288055985
4.619999999999777,295.2413028963065
4.629999999999777,252.18441899272938
4.639999999999777,400.39292368723875
4.6499999999997765,178.340189832999
4.659999999999776,182.34148230943612
4.669999999999776,139.48681573268317
4.679999999999776,261.26880202809446
4.689999999999776,589.834307387285
4.6999999999997755,198.1197468954868
4.709999999999775,562.0099366616615
4.719999999999775,525.0796966672037
4.729999999999775,345.23523654784174
4.739999999999775,176.2827661197412
4.749999999999774,457.5403557675516
4.759999999999774,280.3141644233493
4.769999999999774,473.4323851350312
4.779999999999774,510.93288495259276
4.7899999999997736,636.1100663639197
4.799999999999773,317.9294047137698
4.809999999999773,191.61803285498647
4.819999999999773,376.14648057279067
4.829999999999773,531.2596471072713
4.8399999999997725,497.4291437549575
4.849999999999772,518.1380319602478
4.859999999999772,547.6334714760749
4.869999999999772,303.8709965732314
4.879999999999772,598.8119248955653
4.889999999999771,512.3260631392895
4.899999999999771,625.306321132879
4.909999999999771,378.64772009330864
4.919999999999771,521.7178240561663
4.929999999999771,283.8997585106319
4.93999999999977,580.5865672770424
4.94999999999977,618.3214257799077
4.95999999999977,318.10183463067517
4.96999999999977,539.4966552825894
4.9799999999997695,177.27705878172495
4.989999999999769,465.66189795725535
4.999999999999769,169.76198180237193
5.009999999999769,558.9281615691921
5.019999999999769,439.82794238033745
5.029999999999768,508.3694384535148
5.039999999999768,547.0501908372056
5.049999999999768,618.7297177154602
5.059999999999768,467.82458491397085
5.069999999999768,546.9273029935623
5.079999999999767,410.0943381110609
5.089999999999767,505.5851595339199
5.099999999999767,520.5256111988787
5.109999999999767,370.49257902705597
5.1199999999997665,438.8592598392147
5.129999999999766,387.20355248722115
5.139999999999766,420.27900105162746
5.149999999999766,570.9034732094608
5.159999999999766,403.37500197834225
5.1699999999997654,433.22643988881066
5.179999999999765,448.6445634012081
5.189999999999765,349.8810978256326
5.199999999999765,410.46054448000905
5.209999999999765,203.74385238761468
5.219999999999764,534.0508316085634
5.229999999999764,399.504130430266
5.239999999999764,388.2708922105247
5.249999999999764,447.9969733799122
5.2599999999997635,654.8144781306959
5.269999999999763,561.0341565980361
5.279999999999763,294.9958513977738
5.289999999999763,580.8457815373213
5.299999999999763,506.3504081338109
5.3099999999997625,592.1700439807083
5.319999999999762,663.0384845027356
5.329999999999762,229.5796731274973
5.339999999999762,606.4007009731745
5.349999999999762,497.8093550044308
5.359999999999761,215.00146924405274
5.369999999999761,368.6492102278222
5.379999999999761,637.1103617037547
5.389999999999761,504.39503092048494
5.3999999999997605,412.8094776079391
5.40999999999976,184.89719494906933
5.41999999999976,447.7782787820359
5.42999999999976,382.9252912127738
5.43999999999976,426.2955286255942
5.4499999999997595,440.86704813125846
5.459999999999759,267.1112048367508
5.469999999999759,450.70511146048364
5.479999999999759,632.5797697518353
5.489999999999759,228.76680811268653
5.499999999999758,298.8091529436304
5.509999999999758,206.91718268100507
5.519999999999758,382.56843573614344
5.529999999999758,632.6667019573159
5.539999999999758,499.310103513014
5.549999999999757,682.0906891745183
5.559999999999757,395.9014211933854
5.569999999999757,441.50848180692503
5.579999999999757,461.5224030495468
5.5899999999997565,206.54575201597288
5.599999999999756,270.6764355575368
5.609999999999756,680.504698535332
5.619999999999756,453.37268656287256
5.629999999999756,427.8920130516074
5.639999999999755,219.27782272308716
5.649999999999755,353.50596753535433
5.659999999999755,284.99772351500144
5.669999999999755,532.6591283146456
5.679999999999755,266.63836050945145
5.689999999999754,413.914387639945
5.699999999999754,303.4080898637747
5.709999999999754,252.13761964027933
5.719999999999754,272.26194716442507
5.7299999999997535,606.7211717334579
5.739999999999753,438.45195805468893
5.749999999999753,357.5079167245116
5.759999999999753,262.3354490638123
5.769999999999753,449.24678043964286
5.7799999999997524,348.90702300450016
5.789999999999752,474.33598252761544
5.799999999999752,683.2577546590077
5.809999999999752,243.1614721560024
5.819999999999752,342.5287478954513
5.829999999999751,671.5133952449744
5.839999999999751,312.9142454997251
5.849999999999751,635.364534744079
5.859999999999751,368.88301860406045
5.8699999999997505,404.7202462184488
5.87999999999975,691.0246958560392
5.88999999999975,370.3003095856895
5.89999999999975,508.79136450628005
5.90999999999975,519.4888052421292
5.9199999999997495,554.892770788744
5.929999999999749,501.28904607196625
5.939999999999749,509.21680840593274
5.949999999999749,643.946137546977
5.959999999999749,391.88534653373756
5.969999999999748,453.45083507096626
5.979999999999748,537.4186039110721
5.989999999999748,426.31382880918034
5.999999999999748,344.9696256090532
6.0099999999997475,455.8006482648342
6.019999999999747,453.20378516943333
6.029999999999747,697.2429167850485
6.039999999999747,332.63622208147257
6.049999999999747,485.09267602292607
6.0599999999997465,523.1038506175569
6.069999999999746,262.06212258733734
6.079999999999746,369.53640919346606
6.089999999999746,488.99200187775153
6.099999999999746,625.3046136881677
6.109999999999745,653.017558436926
6.119999999999745,699.1615967539813
6.129999999999745,281.1518621494955
6.139999999999745,619.1572627336229
6.149999999999745,296.58200863002776
6.159999999999744,474.8931224604029
6.169999999999744,625.7745027089451
6.179999999999744,678.0989797596844
6.189999999999744,675.9119419284018
6.1999999999997435,350.7505847426892
6.209999999999743,654.2338329958087
6.219999999999743,509.8110223916873
6.229999999999743,693.5302887828165
6.239999999999743,468.1667528682349
6.249999999999742,381.3379377110269
6.259999999999742,512.4424584798816
6.269999999999742,564.3132719823898
6.279999999999742,450.11723346968984
6.289999999999742,713.8096202230297
6.299999999999741,540.7278116685915
6.309999999999741,693.8592086560591
6.319999999999741,638.9329851136397
6.329999999999741,468.56315359053974
6.3399999999997405,580.826475785136
6.34999999999974,622.3175908452557
6.35999999999974,439.123833995346
6.36999999999974,543.3551412956842
6.37999999999974,257.7123389123807
6.389999999999739,238.7564855086178
6.399999999999739,251.54104884983735
6.409999999999739,507.38794298678664
6.419999999999739,723.9414265720868
6.429999999999739,596.1463488362713
6.439999999999738,610.2072585497108
6.449999999999738,504.4435337969886
6.459999999999738,603.6259937070612
6.469999999999738,282.03850062547383
6.4799999999997375,258.1416326441942
6.489999999999737,486.12599549304355
6.499999999999737,290.4429084168821
6.509999999999737,425.01619340767564
6.519999999999737,523.5085449798935
6.5299999999997365,417.79079486778403
6.539999999999736,523.5046789041104
6.549999999999736,541.9966375627858
6.559999999999736,482.4179796591916
6.569999999999736,724.7389693995084
6.579999999999735,289.9210969709207
6.589999999999735,556.4618463301841
6.599999999999735,519.7054785189215
6.609999999999735,371.25433461359677
6.6199999999997345,727.8797191379019
6.629999999999734,442.69670293046136
6.639999999999734,524.0201240785668
6.649999999999734,590.0617698396643
6.659999999999734,329.07322950547666
6.6699999999997335,576.1121025315556
6.679999999999733,578.5483981188065
6.689999999999733,404.78484208588577
6.699999999999733,364.3019017043998
6.709999999999733,494.73150794333395
6.719999999999732,633.7021751463689
6.729999999999732,712.9808284490894
6.739999999999732,581.0791779787533
6.749999999999732,401.9189245111877
6.759999999999732,273.09903735800856
6.769999999999731,322.3311620889633
6.779999999999731,347.0686311766696
6.789999999999731,365.4265027075309
6.799999999999731,309.1627941052511
6.8099999999997305,457.5656192300047
6.81999999999973,538.1802420105284
6.82999999999973,292.8397552653196
6.83999999999973,569.672619715428
6.84999999999973,380.6982833954266
6.859999999999729,595.1542908894658
6.869999999999729,388.4986755835761
6.879999999999729,361.5887560005815
6.889999999999729,392.15324298349213
6.899999999999729,297.46094942284583
6.909999999999728,421.9728224801336
6.919999999999728,723.48292881415
6.929999999999728,605.3585613046807
6.939999999999728,428.34359895134526
6.9499999999997275,763.1684158777149
6.959999999999727,702.901674581466
6.969999999999727,512.3861212875806
6.979999999999727,629.8341064906167
6.989999999999727,764.1456984883666
6.999999999999726,519.990610679974
7.009999999999726,483.215969653586
7.019999999999726,371.5681860270203
7.029999999999726,692.7246192582329
7.039999999999726,603.7078269687527
7.049999999999725,466.20287080171306
7.059999999999725,582.2288557582679
7.069999999999725,547.9569036478852
7.079999999999725,611.9545478272457
7.0899999999997245,782.3235126643899
7.099999999999724,617.4462645047832
7.109999999999724,712.5428459069644
7.119999999999724,671.9511041670456
7.129999999999724,530.7822647653375
7.1399999999997235,362.98192396165825
7.149999999999723,522.2706462744818
7.159999999999723,702.186405754828
7.169999999999723,748.5537556517525
7.179999999999723,397.02543747778475
7.189999999999722,457.55668414289147
7.199999999999722,302.2690836954401
7.209999999999722,591.4403301193962
7.219999999999722,760.4319967253282
7.2299999999997215,787.1647103047612
7.239999999999721,322.0082363682126
7.249999999999721,429.22249321531257
7.259999999999721,508.7285916598043
7.269999999999721,619.182129528029
7.2799999999997205,346.0522206116878
7.28999999999972,372.4805541736823
7.29999999999972,344.7172014086314
7.30999999999972,439.3314571615077
7.31999999999972,455.41325381177194
7.329999999999719,373.66549903844486
7.339999999999719,755.5029822689369
7.349999999999719,341.6951694454016
7.359999999999719,752.2062351608898
7.3699999999997186,669.9972492488339
7.379999999999718,702.7757018260397
7.389999999999718,781.9319529974
7.399999999999718,758.9297566341183
7.409999999999718,460.76847277720395
7.4199999999997175,540.1723720434509
7.429999999999717,808.0625172697562
7.439999999999717,428.6175070589097
7.449999999999717,336.63200451245416
7.459999999999717,456.54943836923246
7.469999999999716,348.90321014120707
7.479999999999716,627.1881180554751
7.489999999999716,603.4500536542965
7.499999999999716,368.9923547749796
7.509999999999716,765.2253433941103
7.519999999999715,574.321658949734
7.529999999999715,768.2832883392903
7.539999999999715,814.3910023551005
7.549999999999715,493.71857627407417
7.5599999999997145,354.1909002164124
7.569999999999714,580.0979715385961
7.579999999999714,513.4087627762093
7.589999999999714,738.8362825089062
7.599999999999714,732.3753104103264
7.609999999999713,642.7691751184393
7.619999999999713,405.67361107205113
7.629999999999713,792.6012154565462
7.639999999999713,640.2861929907888
7.649999999999713,742.9583392354918
7.659999999999712,580.0192216129952
7.669999999999712,687.4494526381611
7.679999999999712,813.4308423154955
7.689999999999712,660.4431629799692
7.6999999999997115,648.6042245028091
7.709999999999711,512.1907666880061
7.719999999999711,694.8439426696074
7.729999999999711,353.47805246045885
7.739999999999711,738.7378185732974
7.7499999999997105,346.1636759224192
7.75999999999971,340.0143913548988
7.76999999999971,536.7631830237921
7.77999999999971,401.23976274551774
7.78999999999971,391.66306451452607
7.799999999999709,684.6355052090744
7.809999999999709,794.6003459246217
7.819999999999709,359.1629109499648
7.829999999999709,509.71877076334175
7.8399999999997085,661.5069368664487
7.849999999999708,496.8136771162096
7.859999999999708,645.7064874630779
7.869999999999708,489.3030297185542
7.879999999999708,777.9162489542202
7.8899999999997075,410.0134124000563
7.899999999999707,805.1480406097571
7.909999999999707,505.0450159127788
7.919999999999707,389.82844645850145
7.929999999999707,521.7807852323258
7.939999999999706,455.6224616790461
7.949999999999706,843.530644408756
7.959999999999706,534.2113595749811
7.969999999999706,720.3522002488287
7.9799999999997056,637.5759660244744
7.989999999999705,603.265648670576
7.999999999999705,805.8252853118004
8.009999999999705,597.3807652789045
8.019999999999705,496.72321830525266
8.029999999999704,698.3801269940127
8.039999999999704,389.80473173074427
8.049999999999704,766.3533558881568
8.059999999999704,475.3358676435489
8.069999999999704,621.1526616867309
8.079999999999703,486.3606172149771
8.089999999999703,714.2413734514814
8.099999999999703,810.6904176090133
8.109999999999703,543.4321543046723
8.119999999999703,488.9309362874844
8.129999999999702,828.9631808065353
8.139999999999702,764.5036409264221
8.149999999999702,462.0355146629977
8.159999999999702,402.1079947740014
8.169999999999702,870.2365143248252
8.179999999999701,632.1837432143823
8.189999999999701,718.1992314438933
8.1999999999997,610.6704307255573
8.2099999999997,776.3988601758563
8.2199999999997,705.7252658588379
8.2299999999997,846.1631223070981
8.2399999999997,736.0480754656403
8.2499999999997,824.7739706869413
8.2599999999997,489.0759062522892
8.2699999999997,830.9641907426269
8.2799999999997,441.5477780448577
8.289999999999699,788.1627134650721
8.299999999999699,589.8034354922725
8.309999999999699,480.5188987474117
8.319999999999698,672.6684225567358
8.329999999999698,855.0362093913309
8.339999999999698,835.8907390331044
8.349999999999698,742.0718384446932
8.359999999999697,443.83304180541006
8.369999999999697,706.0095974405634
8.379999999999697,791.4871864614754
8.389999999999697,418.08898879330616
8.399999999999697,407.8664840215576
8.409999999999696,764.174363810339
8.419999999999696,470.44441176924937
8.429999999999696,861.6737006931717
8.439999999999696,569.546346127516
8.449999999999696,761.8674578279214
8.459999999999695,671.4646767664397
8.469999999999695,856.5835109524628
8.479999999999695,629.5556861272962
8.489999999999695,891.4553370102412
8.499999999999694,483.6898356777854
8.509999999999694,511.92588744456464
8.519999999999694,570.1654404639798
8.529999999999694,432.71096630520896
8.539999999999694,636.5591592475757
8.549999999999693,626.6110617996491
8.559999999999693,718.9746007095027
8.569999999999693,874.3620219227766
8.579999999999693,492.7640922754971
8.589999999999693,603.6401003877592
8.599999999999692,652.0365336400208
8.609999999999692,672.3883136082172
8.619999999999692,608.1279831160272
8.629999999999692,619.3062395530648
8.639999999999691,422.6992941708946
8.649999999999691,412.6466347878365
8.659999999999691,907.2390937574381
8.66999999999969,877.3877587907596
8.67999999999969,727.4881773687459
8.68999999999969,770.401117769522
8.69999999999969,648.6648060783513
8.70999999999969,903.41033959517
8.71999999999969,745.3587576206879
8.72999999999969,784.3372028455033
8.73999999999969,478.57530682087656
8.74999999999969,459.05723209931756
8.759999999999689,511.6482402203752
8.769999999999689,587.637451216634
8.779999999999688,496.60484196692084
8.789999999999688,781.8051735092149
8.799999999999688,813.053541089039
8.809999999999688,863.6971429475038
8.819999999999688,882.7785809128303
8.829999999999687,479.86427241971893
8.839999999999687,714.9640800786397
8.849999999999687,919.0579904545297
8.859999999999687,759.3333487670136
8.869999999999687,537.5000079061863
8.879999999999686,457.47740182678507
8.889999999999686,891.1379720662701
8.899999999999686,586.2601889346147
8.909999999999686,510.81544199475843
8.919999999999686,581.4258219520932
8.929999999999685,733.3353367613386
8.939999999999685,514.397114896721
8.949999999999685,619.0716491191977
8.959999999999685,770.7421641308763
8.969999999999684,745.085175778641
8.979999999999684,744.8998755124334
8.989999999999684,561.6247852673555
8.999999999999684,522.4927374150491
9.009999999999684,539.4463626108649
9.019999999999683,568.9191635318012
9.029999999999683,515.5575731824911
9.039999999999683,880.905652859752
9.049999999999683,465.7971862954282
9.059999999999683,886.312147527302
9.069999999999682,894.0835778937442
9.079999999999682,596.7227145022689
9.089999999999682,630.2177887129101
9.099999999999682,627.2165743926425
9.109999999999681,570.8022910848498
9.119999999999681,698.2027863203425
9.129999999999681,781.1374216080767
9.13999999999968,625.3155945627582
9.14999999999968,899.883171332692
9.15999999999968,585.1050154977917
9.16999999999968,952.824816582751
9.17999999999968,616.6213373116547
9.18999999999968,487.2567742087823
9.19999999999968,881.9797949990805
9.20999999999968,884.2995831928002
9.21999999999968,662.6053994578403
9.229999999999679,792.8910484947447
9.239999999999679,912.0958942095168
9.249999999999678,856.2429693766796
9.259999999999678,921.5044573732214
9.269999999999678,769.2310181865707
9.279999999999678,778.3315102575705
9.289999999999678,713.4859328754258
9.299999999999677,816.6289383824962
9.309999999999677,865.8798855605312
9.319999999999677,662.3576352483772
9.329999999999677,965.6528764979862
9.339999999999677,775.5031141858251
9.349999999999676,855.5997265467352
9.359999999999676,578.4418459274935
9.369999999999676,483.5388059019711
9.379999999999676,838.6645114136174
9.389999999999675,561.7098546614177
9.399999999999675,943.2004527932669
9.409999999999675,933.7984527335216
9.419999999999675,561.9509609680208
9.429999999999675,691.96110297504
9.439999999999674,947.627379672492
9.449999999999674,719.5251776757358
9.459999999999674,761.1032222381464
9.469999999999674,608.9639625315451
9.479999999999674,842.72769215127
9.489999999999673,819.2979317537347
9.499999999999673,772.5115299206466
9.509999999999673,492.2488527728829
9.519999999999673,875.0840527434835
9.529999999999673,542.274384743741
9.539999999999672,528.9339362027457
9.549999999999672,972.0365853187302
9.559999999999672,733.6840994198988
9.569999999999672,841.9082419892247
9.579999999999671,874.0147997646277
9.589999999999671,939.7971737209366
9.599999999999671,994.3369844021163
9.60999999999967,955.8690186589711
9.61999999999967,664.4314023917036
9.62999999999967,865.6750617184937
9.63999999999967,673.0071629766367
9.64999999999967,764.7423411788983
9.65999999999967,833.4968621144347
9.66999999999967,577.8589933930764
9.67999999999967,624.3934568917188
9.689999999999669,887.0888250803519
9.699999999999669,715.0475062054619
9.709999999999669,583.9744897175319
9.719999999999668,647.0817018844236
9.729999999999668,653.4397964370906
9.739999999999668,551.4427276653926
9.749999999999668,639.5772629307859
9.759999999999668,781.5989554717444
9.769999999999667,726.8078428037559
9.779999999999667,734.5056040109959
9.789999999999667,893.8255369568308
9.799999999999667,912.69744416806
9.809999999999667,762.2904273004237
9.819999999999666,953.2322237660649
9.829999999999666,567.4094078608805
9.839999999999666,912.1963939008724
9.849999999999666,623.3446150859711
9.859999999999665,547.0980180951399
9.869999999999665,742.8154919571285
9.879999999999665,683.7098371053918
9.889999999999665,797.3110750843366
9.899999999999665,988.789069057392
9.909999999999664,972.0048502748716
9.919999999999664,595.5884694894102
9.929999999999664,777.7655067892454
9.939999999999664,545.1866509426646
9.949999999999664,1031.582381118083
9.959999999999663,913.4039069940593
9.969999999999663,806.2755246263199
9.979999999999663,790.4330394969038
9.989999999999663,780.5357774586149
9.999999999999662,968.3030694899003
