x,y,y = 5x^2 + 2x + 20,salt range: [1;1000],smooth window = 200
-10.0,976.8741181065087
-9.99,975.133868848608
-9.98,968.6793184211085
-9.97,961.2835528091193
-9.96,966.7051900245403
-9.950000000000001,966.0287597180151
-9.940000000000001,960.219422224275
-9.930000000000001,961.6032421377066
-9.920000000000002,963.920471966509
-9.910000000000002,963.2806420117528
-9.900000000000002,962.8662743056028
-9.890000000000002,960.1791054145777
-9.880000000000003,957.7748765641518
-9.870000000000003,952.3868061347952
-9.860000000000003,949.712780220394
-9.850000000000003,949.0892117272268
-9.840000000000003,950.5594067079091
-9.830000000000004,949.083673211604
-9.820000000000004,951.1983122615619
-9.810000000000004,954.2639758458429
-9.800000000000004,952.2783133706856
-9.790000000000004,949.5862783758498
-9.780000000000005,946.4995302298455
-9.770000000000005,945.6259636565899
-9.760000000000005,940.4726307600837
-9.750000000000005,942.9124130555894
-9.740000000000006,938.241171337715
-9.730000000000006,940.2016794295398
-9.720000000000006,945.0146913909488
-9.710000000000006,947.7185753920926
-9.700000000000006,941.0725082602943
-9.690000000000007,944.6269391902651
-9.680000000000007,943.340891206427
-9.670000000000007,940.0387317853729
-9.660000000000007,939.6653415355464
-9.650000000000007,935.8255373192342
-9.640000000000008,934.466747107589
-9.630000000000008,938.0581997795164
-9.620000000000008,937.711316240788
-9.610000000000008,939.0285669750909
-9.600000000000009,938.9012371010787
-9.590000000000009,933.3014893499025
-9.580000000000009,928.8396653650398
-9.57000000000001,922.6739806328345
-9.56000000000001,922.127495847211
-9.55000000000001,924.3535147946478
-9.54000000000001,923.2173902886522
-9.53000000000001,917.3574166088498
-9.52000000000001,922.2181136428895
-9.51000000000001,919.1785573608084
-9.50000000000001,919.641766608377
-9.49000000000001,921.0658486217837
-9.480000000000011,916.2354574509254
-9.470000000000011,916.7987162026787
-9.460000000000012,911.1398447064828
-9.450000000000012,909.0820658175257
-9.440000000000012,907.7789807410021
-9.430000000000012,908.107284018377
-9.420000000000012,905.2039894956109
-9.410000000000013,899.8614254733727
-9.400000000000013,899.4101418852333
-9.390000000000013,894.369644719503
-9.380000000000013,897.808457416418
-9.370000000000013,900.0294743971157
-9.360000000000014,902.6196841353192
-9.350000000000014,903.5390003599709
-9.340000000000014,902.0534818896812
-9.330000000000014,903.2420248466769
-9.320000000000014,903.0205248305894
-9.310000000000015,906.462909209666
-9.300000000000015,907.9789981901937
-9.290000000000015,902.9084227633259
-9.280000000000015,903.6264716831583
-9.270000000000016,904.9701783795838
-9.260000000000016,904.0099216620017
-9.250000000000016,900.2946679120399
-9.240000000000016,899.6184662980629
-9.230000000000016,896.2214717207073
-9.220000000000017,896.6464912019941
-9.210000000000017,895.4860848117139
-9.200000000000017,900.0724127155702
-9.190000000000017,899.495294275528
-9.180000000000017,899.3764021694134
-9.170000000000018,896.0157478868135
-9.160000000000018,892.6240507356723
-9.150000000000018,891.7455386811633
-9.140000000000018,892.3061044264139
-9.130000000000019,890.6109491746068
-9.120000000000019,886.514673167083
-9.110000000000019,883.7057863371393
-9.10000000000002,881.7362802228726
-9.09000000000002,877.5279160151484
-9.08000000000002,879.1058161432634
-9.07000000000002,875.4593431916437
-9.06000000000002,877.9142597228712
-9.05000000000002,876.0663338983773
-9.04000000000002,873.032746613722
-9.03000000000002,876.9295611673126
-9.020000000000021,876.2466402142023
-9.010000000000021,878.0540781918255
-9.000000000000021,877.592887697839
-8.990000000000022,875.8872378003068
-8.980000000000022,877.4138999024585
-8.970000000000022,877.8861654803486
-8.960000000000022,875.6904856903056
-8.950000000000022,875.7440143882008
-8.940000000000023,875.8147357535202
-8.930000000000023,875.1826043056922
-8.920000000000023,876.2749004155919
-8.910000000000023,877.9670259986066
-8.900000000000023,874.9079230744015
-8.890000000000024,874.3724744191219
-8.880000000000024,876.7707629383779
-8.870000000000024,879.053745475814
-8.860000000000024,878.6340296542114
-8.850000000000025,876.539683519852
-8.840000000000025,877.2080055781986
-8.830000000000025,874.8775944139599
-8.820000000000025,870.4043412809156
-8.810000000000025,867.5914991663279
-8.800000000000026,869.5002882904855
-8.790000000000026,866.1225407278855
-8.780000000000026,863.5346407804119
-8.770000000000026,863.1414119839533
-8.760000000000026,862.2267356740599
-8.750000000000027,861.076700805668
-8.740000000000027,864.2807692685832
-8.730000000000027,859.2690972885681
-8.720000000000027,858.5467038899701
-8.710000000000027,858.453686063411
-8.700000000000028,861.4959175579655
-8.690000000000028,861.3447923189251
-8.680000000000028,858.3137248327876
-8.670000000000028,859.4858382558083
-8.660000000000029,859.3180586920407
-8.650000000000029,858.3807640602528
-8.640000000000029,861.4447151591942
-8.63000000000003,860.6390010196307
-8.62000000000003,858.9132536285844
-8.61000000000003,859.1078403035045
-8.60000000000003,855.2775767913978
-8.59000000000003,857.1100340742721
-8.58000000000003,857.3899512673672
-8.57000000000003,860.3280928639113
-8.56000000000003,858.4733359468293
-8.550000000000031,856.2876638618834
-8.540000000000031,858.0301803705977
-8.530000000000031,857.241491526157
-8.520000000000032,855.9232727965097
-8.510000000000032,854.6565824273462
-8.500000000000032,852.0046231513552
-8.490000000000032,852.5153042412604
-8.480000000000032,854.6525017490491
-8.470000000000033,852.8629605056557
-8.460000000000033,852.859519030593
-8.450000000000033,856.6005572977789
-8.440000000000033,857.8449017308114
-8.430000000000033,858.8900886453877
-8.420000000000034,859.5249796914899
-8.410000000000034,860.7682401177942
-8.400000000000034,859.8629313830431
-8.390000000000034,860.6633956600418
-8.380000000000035,860.327795617072
-8.370000000000035,857.465025292771
-8.360000000000035,854.3693628352383
-8.350000000000035,855.6390908294279
-8.340000000000035,857.3501168870034
-8.330000000000036,857.9723604666259
-8.320000000000036,855.6609942115015
-8.310000000000036,854.1486206617524
-8.300000000000036,854.2296810015272
-8.290000000000036,857.0473732321701
-8.280000000000037,859.0911777986287
-8.270000000000037,857.6408651765477
-8.260000000000037,858.4392717133632
-8.250000000000037,856.4361522631956
-8.240000000000038,854.373590897998
-8.230000000000038,853.1664490935725
-8.220000000000038,852.3245923248662
-8.210000000000038,852.8769151001736
-8.200000000000038,848.2254531023735
-8.190000000000039,851.0172977815987
-8.180000000000039,850.2673883561808
-8.170000000000039,849.9418484402012
-8.16000000000004,852.0716856497335
-8.15000000000004,852.7916584528657
-8.14000000000004,850.6987117543514
-8.13000000000004,852.7286533843095
-8.12000000000004,855.1288406855899
-8.11000000000004,855.8777935455506
-8.10000000000004,854.5766238985236
-8.09000000000004,853.478033889688
-8.080000000000041,851.7880686305599
-8.070000000000041,850.64476841677
-8.060000000000041,848.953603400965
-8.050000000000042,848.3943624251089
-8.040000000000042,850.3827864367516
-8.030000000000042,847.675576012234
-8.020000000000042,848.4783110308566
-8.010000000000042,844.8019791263289
-8.000000000000043,848.7352104055074
-7.990000000000043,851.9457517971059
-7.980000000000043,853.1563899385504
-7.970000000000043,852.3262168606519
-7.9600000000000435,850.6963769906363
-7.950000000000044,849.8765681694393
-7.940000000000044,849.2676961823034
-7.930000000000044,847.2338980821787
-7.920000000000044,844.5397417827912
-7.9100000000000446,845.3775152422061
-7.900000000000045,846.6110622396822
-7.890000000000045,844.0274192762569
-7.880000000000045,839.1014106723835
-7.870000000000045,838.3780920365767
-7.860000000000046,840.9444216333483
-7.850000000000046,839.1086809276896
-7.840000000000046,837.5806627303394
-7.830000000000046,840.7035979289948
-7.8200000000000465,843.2352071284198
-7.810000000000047,845.0284134902478
-7.800000000000047,844.8385893549616
-7.790000000000047,847.2446964644456
-7.780000000000047,849.5419512027491
-7.7700000000000475,849.3415420515355
-7.760000000000048,852.3336358187668
-7.750000000000048,852.2284542910721
-7.740000000000048,848.0524799877513
-7.730000000000048,852.120825904215
-7.720000000000049,847.5207307275418
-7.710000000000049,844.3135279623299
-7.700000000000049,843.0066441523119
-7.690000000000049,842.4352550767878
-7.6800000000000495,842.7110804681768
-7.67000000000005,841.3762290094368
-7.66000000000005,842.678427995239
-7.65000000000005,841.8718771104758
-7.64000000000005,839.0243803028416
-7.6300000000000505,836.5620979511286
-7.620000000000051,838.843194732033
-7.610000000000051,834.383813408516
-7.600000000000051,834.481629560178
-7.590000000000051,831.5327492691254
-7.580000000000052,830.6386710128863
-7.570000000000052,826.5470338344777
-7.560000000000052,828.438771727595
-7.550000000000052,829.75642988189
-7.540000000000052,826.2864533609421
-7.530000000000053,827.639278481098
-7.520000000000053,826.4231305579
-7.510000000000053,826.0022673849018
-7.500000000000053,825.4974124694487
-7.4900000000000535,823.8277830076014
-7.480000000000054,821.4968857015384
-7.470000000000054,823.1431187086655
-7.460000000000054,824.6978410176713
-7.450000000000054,824.6568984548453
-7.440000000000055,822.017112976372
-7.430000000000055,818.7502646224963
-7.420000000000055,818.7722606515381
-7.410000000000055,817.2712531735039
-7.400000000000055,816.7478527123285
-7.390000000000056,817.6258244492248
-7.380000000000056,817.0928983203609
-7.370000000000056,816.9209006076975
-7.360000000000056,817.6903815094574
-7.3500000000000565,812.6303622053888
-7.340000000000057,811.7173182837095
-7.330000000000057,812.6726409020519
-7.320000000000057,810.0505794369907
-7.310000000000057,808.6211199999625
-7.3000000000000576,804.6098603751093
-7.290000000000058,802.251965932504
-7.280000000000058,800.7390693542885
-7.270000000000058,803.4741488448344
-7.260000000000058,798.6743144006
-7.250000000000059,801.3218068340441
-7.240000000000059,800.8273889520103
-7.230000000000059,801.4717538970523
-7.220000000000059,799.2989292681873
-7.2100000000000595,795.6112922902479
-7.20000000000006,796.9373784864291
-7.19000000000006,795.7750282207462
-7.18000000000006,793.9325686462461
-7.17000000000006,793.9140893602548
-7.1600000000000605,791.3267132090489
-7.150000000000061,791.6146162481544
-7.140000000000061,793.4969638859988
-7.130000000000061,788.3866762506357
-7.120000000000061,787.588024863245
-7.110000000000062,787.6501392718964
-7.100000000000062,788.3927863365718
-7.090000000000062,789.5599897309195
-7.080000000000062,791.421741285597
-7.0700000000000625,791.2111200542877
-7.060000000000063,791.659497263295
-7.050000000000063,791.2440750088167
-7.040000000000063,791.9867825000597
-7.030000000000063,789.3656354758439
-7.0200000000000635,786.9082588687653
-7.010000000000064,787.8188970488361
-7.000000000000064,783.3890796950309
-6.990000000000064,781.9974931667873
-6.980000000000064,779.4050899218626
-6.970000000000065,780.238759235729
-6.960000000000065,778.5985501514788
-6.950000000000065,779.8229453310737
-6.940000000000065,778.6702907054433
-6.930000000000065,778.8736962175813
-6.920000000000066,780.26284039002
-6.910000000000066,778.2832927127791
-6.900000000000066,779.6545968423744
-6.890000000000066,781.8677478127645
-6.8800000000000665,782.5706744382992
-6.870000000000067,782.6075149863824
-6.860000000000067,779.9451695318116
-6.850000000000067,778.4601488968684
-6.840000000000067,776.2839876855616
-6.830000000000068,772.8751356610975
-6.820000000000068,772.0515073742031
-6.810000000000068,771.556693797127
-6.800000000000068,771.3549670615954
-6.790000000000068,769.3383328419336
-6.780000000000069,768.4918380875309
-6.770000000000069,764.4413350162467
-6.760000000000069,763.8224018585112
-6.750000000000069,760.8604797656166
-6.7400000000000695,762.152420861321
-6.73000000000007,759.3801785232472
-6.72000000000007,760.4580085718472
-6.71000000000007,761.5249966821747
-6.70000000000007,759.8802972054872
-6.690000000000071,758.1195800352074
-6.680000000000071,758.0629086762459
-6.670000000000071,758.0742103878977
-6.660000000000071,756.7281510753351
-6.650000000000071,757.5482198777707
-6.640000000000072,756.2600954223761
-6.630000000000072,754.090125627438
-6.620000000000072,749.6848696219304
-6.610000000000072,750.9637866610312
-6.6000000000000725,751.4293066572029
-6.590000000000073,754.0065190667349
-6.580000000000073,753.5670124139185
-6.570000000000073,753.418313043748
-6.560000000000073,750.3803058222718
-6.5500000000000735,747.230334607129
-6.540000000000074,746.5363165695544
-6.530000000000074,744.8272800848129
-6.520000000000074,744.2210461364384
-6.510000000000074,743.7608291498111
-6.500000000000075,742.9578292909174
-6.490000000000075,740.781539707488
-6.480000000000075,739.2880287277629
-6.470000000000075,735.0274940361517
-6.4600000000000755,732.7827717547092
-6.450000000000076,729.9813937527738
-6.440000000000076,728.6118351179462
-6.430000000000076,728.7377501603906
-6.420000000000076,728.5286744903467
-6.4100000000000765,726.9522548308191
-6.400000000000077,725.8933785472414
-6.390000000000077,722.1150622625511
-6.380000000000077,719.5286003492967
-6.370000000000077,719.8732124088762
-6.360000000000078,716.0286203563243
-6.350000000000078,717.3835742558992
-6.340000000000078,714.3630519544436
-6.330000000000078,711.8972624901612
-6.320000000000078,713.8077839911463
-6.310000000000079,714.186337750597
-6.300000000000079,716.7109927993165
-6.290000000000079,716.1415340394963
-6.280000000000079,715.548669670082
-6.2700000000000795,712.9135516949051
-6.26000000000008,715.4464171661143
-6.25000000000008,712.3041414756806
-6.24000000000008,708.4839492170208
-6.23000000000008,706.6576799230645
-6.220000000000081,707.4595118760482
-6.210000000000081,709.4955968788951
-6.200000000000081,709.6212506639284
-6.190000000000081,709.3479621299879
-6.180000000000081,712.5590880003322
-6.170000000000082,710.8506490192207
-6.160000000000082,709.0796294360971
-6.150000000000082,705.2941181456375
-6.140000000000082,706.0040692185684
-6.1300000000000825,705.9270500913985
-6.120000000000083,706.7568088988163
-6.110000000000083,706.8033149356346
-6.100000000000083,707.9241693887719
-6.090000000000083,708.3338944183574
-6.080000000000084,705.2699798838815
-6.070000000000084,708.030597330896
-6.060000000000084,707.6022028324855
-6.050000000000084,710.3390360406197
-6.040000000000084,707.2525156761956
-6.030000000000085,709.8080302991594
-6.020000000000085,709.8772645984837
-6.010000000000085,710.3130207524207
-6.000000000000085,709.2808601678678
-5.9900000000000855,708.6403836546457
-5.980000000000086,707.0416517120877
-5.970000000000086,705.6573838358328
-5.960000000000086,706.111040390316
-5.950000000000086,705.1037522905295
-5.9400000000000865,703.4794418364843
-5.930000000000087,706.2096373103337
-5.920000000000087,701.7014745785473
-5.910000000000087,699.5338259445335
-5.900000000000087,696.9681968939275
-5.890000000000088,692.4807215394372
-5.880000000000088,692.3562282540146
-5.870000000000088,691.0438676550998
-5.860000000000088,688.637580064753
-5.8500000000000885,687.1414106511876
-5.840000000000089,687.250061340782
-5.830000000000089,686.849454456214
-5.820000000000089,685.4026741072092
-5.810000000000089,684.9493004086391
-5.8000000000000895,681.5314139890661
-5.79000000000009,682.8500282127657
-5.78000000000009,681.0755038033869
-5.77000000000009,683.2122945121221
-5.76000000000009,681.8352808577288
-5.750000000000091,682.414894168321
-5.740000000000091,680.8728520919957
-5.730000000000091,679.567907951796
-5.720000000000091,681.3304243259502
-5.7100000000000914,680.6663858100623
-5.700000000000092,681.1742834415971
-5.690000000000092,679.0517679357193
-5.680000000000092,677.784167346576
-5.670000000000092,674.976353953652
-5.6600000000000925,672.9868139486039
-5.650000000000093,671.1669394487782
-5.640000000000093,671.4436016879471
-5.630000000000093,674.0145784275675
-5.620000000000093,676.5369608485919
-5.610000000000094,675.1677463150368
-5.600000000000094,672.635746615493
-5.590000000000094,671.912920401247
-5.580000000000094,670.421360646536
-5.570000000000094,672.7430544358543
-5.560000000000095,673.5251814072249
-5.550000000000095,672.8129482467614
-5.540000000000095,671.9586377684233
-5.530000000000095,672.63758786574
-5.5200000000000955,671.5719863017772
-5.510000000000096,670.3253077450931
-5.500000000000096,668.7864940449911
-5.490000000000096,671.0168956199684
-5.480000000000096,672.5149467313088
-5.470000000000097,675.1305744384836
-5.460000000000097,677.2813001870401
-5.450000000000097,677.0852151604686
-5.440000000000097,680.7922128399821
-5.430000000000097,680.5059817196101
-5.420000000000098,677.5395493926471
-5.410000000000098,677.4889266699746
-5.400000000000098,675.3064761022442
-5.390000000000098,674.3147384891408
-5.3800000000000985,675.9286677996087
-5.370000000000099,674.0197731020879
-5.360000000000099,678.0722527519672
-5.350000000000099,677.5130303207109
-5.340000000000099,675.8932707757173
-5.3300000000000995,674.55279479679
-5.3200000000001,675.3380037082816
-5.3100000000001,672.8572635235845
-5.3000000000001,671.5944011468474
-5.2900000000001,669.3932221773024
-5.280000000000101,665.4673120727724
-5.270000000000101,666.7933994157191
-5.260000000000101,664.6586248842274
-5.250000000000101,664.1564541955569
-5.2400000000001015,666.2690862068807
-5.230000000000102,666.8076934774313
-5.220000000000102,666.589109540006
-5.210000000000102,662.7036116062579
-5.200000000000102,660.2939493712122
-5.1900000000001025,659.0399964642177
-5.180000000000103,658.0760884182916
-5.170000000000103,657.6794739348123
-5.160000000000103,658.2035275077887
-5.150000000000103,659.0418409269477
-5.140000000000104,655.2771915960357
-5.130000000000104,656.0958925835921
-5.120000000000104,653.4129131193338
-5.110000000000104,648.0513233447294
-5.1000000000001044,644.8182003526008
-5.090000000000105,645.5736908601352
-5.080000000000105,644.3101672843782
-5.070000000000105,643.9054464587495
-5.060000000000105,640.1896841097555
-5.0500000000001055,638.0420228159622
-5.040000000000106,638.427077773753
-5.030000000000106,636.5456030475094
-5.020000000000106,638.5212598647972
-5.010000000000106,638.5855459441309
-5.000000000000107,640.9606940502383
-4.990000000000107,636.8163425967891
-4.980000000000107,634.4611735652628
-4.970000000000107,634.1838783645895
-4.960000000000107,634.6505931194646
-4.950000000000108,631.7790090703662
-4.940000000000108,634.3227178490104
-4.930000000000108,630.8344259844646
-4.920000000000108,630.6204542795759
-4.9100000000001085,632.8144810491035
-4.900000000000109,634.113657480886
-4.890000000000109,634.2232224903815
-4.880000000000109,636.4526309540352
-4.870000000000109,633.4383801117885
-4.86000000000011,633.6264408137479
-4.85000000000011,637.3724802452517
-4.84000000000011,640.6494784436827
-4.83000000000011,642.401964442764
-4.82000000000011,639.2053994160337
-4.810000000000111,639.0750484819981
-4.800000000000111,639.9347273694752
-4.790000000000111,635.3382862216237
-4.780000000000111,634.1120582187383
-4.7700000000001115,633.2504865812467
-4.760000000000112,629.2698031549678
-4.750000000000112,630.1787257549861
-4.740000000000112,628.6550598156351
-4.730000000000112,627.8765000184519
-4.7200000000001125,625.4482126385773
-4.710000000000113,624.3217181532124
-4.700000000000113,623.3699616165236
-4.690000000000113,622.6381530834896
-4.680000000000113,624.0962565836344
-4.670000000000114,623.6636559819445
-4.660000000000114,622.455860143272
-4.650000000000114,624.0955668197658
-4.640000000000114,625.7212221078692
-4.6300000000001145,626.3773324770291
-4.620000000000115,626.0569397893076
-4.610000000000115,627.814034929668
-4.600000000000115,630.6571382875894
-4.590000000000115,626.8877480513645
-4.5800000000001155,628.5831994091839
-4.570000000000116,626.7196260543964
-4.560000000000116,624.6215555855321
-4.550000000000116,628.3451150750248
-4.540000000000116,632.13535232317
-4.530000000000117,629.7573820588534
-4.520000000000117,628.9081492858601
-4.510000000000117,628.802269096038
-4.500000000000117,631.7945014920606
-4.4900000000001175,630.1462938998737
-4.480000000000118,631.6367729162648
-4.470000000000118,628.211098463745
-4.460000000000118,625.9106283742288
-4.450000000000118,626.5028794068661
-4.4400000000001185,624.2515984497443
-4.430000000000119,622.7600194527464
-4.420000000000119,624.5456078433674
-4.410000000000119,627.35615780368
-4.400000000000119,625.3250882645633
-4.39000000000012,629.2809962689657
-4.38000000000012,624.7202103260411
-4.37000000000012,622.541689001445
-4.36000000000012,620.6503347485103
-4.35000000000012,619.065866498939
-4.340000000000121,622.5512728367249
-4.330000000000121,624.2578628023392
-4.320000000000121,624.7691936642667
-4.310000000000121,624.7171706513543
-4.3000000000001215,624.1539524134004
-4.290000000000122,625.1458376779435
-4.280000000000122,626.6235468879246
-4.270000000000122,626.4128378137511
-4.260000000000122,624.7553996561486
-4.250000000000123,623.9353118444749
-4.240000000000123,621.5189675368442
-4.230000000000123,622.8714981763317
-4.220000000000123,620.6716630274342
-4.210000000000123,625.0684401349051
-4.200000000000124,627.1275495315418
-4.190000000000124,625.5912287662212
-4.180000000000124,622.239485318616
-4.170000000000124,621.627824614846
-4.1600000000001245,623.8647261210958
-4.150000000000125,621.7477021989023
-4.140000000000125,624.2014841925902
-4.130000000000125,623.3492145754944
-4.120000000000125,622.8424002183957
-4.1100000000001256,627.3540669168747
-4.100000000000126,627.9431933062903
-4.090000000000126,627.0306293435026
-4.080000000000126,629.9185925484311
-4.070000000000126,628.4138516490758
-4.060000000000127,632.306313035171
-4.050000000000127,630.6324997823167
-4.040000000000127,628.2106841559181
-4.030000000000127,629.7239289884242
-4.0200000000001275,626.3337111428526
-4.010000000000128,621.9462356879176
-4.000000000000128,621.6155928488695
-3.990000000000128,625.3216028116633
-3.9800000000001283,627.016706488477
-3.9700000000001285,625.5834678484827
-3.9600000000001288,624.2841723745446
-3.950000000000129,626.1628148898099
-3.940000000000129,625.5934614526789
-3.9300000000001294,627.6867262042151
-3.9200000000001296,630.655145503501
-3.91000000000013,630.6617694980033
-3.90000000000013,627.7755577024441
-3.8900000000001302,631.0974333371951
-3.8800000000001305,626.8223042169186
-3.8700000000001307,626.1882316323874
-3.860000000000131,628.6048805106844
-3.850000000000131,626.7759607071796
-3.8400000000001313,623.891555870561
-3.8300000000001315,622.8365934653283
-3.8200000000001317,623.683605602298
-3.810000000000132,620.2121739123452
-3.800000000000132,618.8908824098962
-3.7900000000001324,620.6753239010468
-3.7800000000001326,619.5256526122645
-3.770000000000133,616.7439675858342
-3.760000000000133,618.2196280495491
-3.7500000000001332,617.788775430877
-3.7400000000001334,621.1020109230972
-3.7300000000001337,619.4357261187913
-3.720000000000134,618.5140405577649
-3.710000000000134,619.3583415736414
-3.7000000000001343,619.1882590103309
-3.6900000000001345,619.3216441361411
-3.6800000000001347,616.2373156701145
-3.670000000000135,616.198613876237
-3.660000000000135,615.8714530528717
-3.6500000000001354,617.1268362901061
-3.6400000000001356,616.1586312983376
-3.630000000000136,613.3356436103201
-3.620000000000136,611.1419994850239
-3.610000000000136,610.6135376851089
-3.6000000000001364,609.1419949993447
-3.5900000000001366,610.650983636149
-3.580000000000137,608.0270561690836
-3.570000000000137,606.4102501940703
-3.5600000000001373,609.3507275097749
-3.5500000000001375,607.2892952919088
-3.5400000000001377,604.6302365168153
-3.530000000000138,605.735109024346
-3.520000000000138,606.3555340286214
-3.5100000000001383,605.474789257268
-3.5000000000001386,605.0250765761498
-3.4900000000001388,602.5868634125394
-3.480000000000139,597.4659475448527
-3.470000000000139,597.0507727415909
-3.4600000000001394,598.2475336679347
-3.4500000000001396,594.3792963510253
-3.44000000000014,595.9944934556964
-3.43000000000014,598.0592487290919
-3.4200000000001403,597.4484403440883
-3.4100000000001405,593.9245325225701
-3.4000000000001407,595.9009348130911
-3.390000000000141,593.5498731442362
-3.380000000000141,596.7425197071947
-3.3700000000001413,595.9962773437088
-3.3600000000001415,597.1463604506403
-3.3500000000001418,599.0747674461081
-3.340000000000142,595.0960468053988
-3.330000000000142,594.4613506194848
-3.3200000000001424,593.9615026473969
-3.3100000000001426,595.8088603645746
-3.300000000000143,592.9093987821092
-3.290000000000143,591.604663334003
-3.2800000000001432,589.3757548941188
-3.2700000000001435,585.3955236961745
-3.2600000000001437,586.8428645068259
-3.250000000000144,586.7265210945678
-3.240000000000144,588.5184540456518
-3.2300000000001443,587.0306773968124
-3.2200000000001445,588.7350172399404
-3.2100000000001447,585.9175415400545
-3.200000000000145,584.5251794302989
-3.190000000000145,582.4486475564552
-3.1800000000001454,581.8623889292397
-3.1700000000001456,582.2357133666261
-3.160000000000146,582.2230918961279
-3.150000000000146,585.7579962466606
-3.1400000000001462,583.3964753504132
-3.1300000000001464,582.4534110570124
-3.1200000000001467,582.0850596620754
-3.110000000000147,580.4635059064285
-3.100000000000147,579.7479241211588
-3.0900000000001473,576.6756760273398
-3.0800000000001475,576.9988311084501
-3.0700000000001477,573.8907100313625
-3.060000000000148,568.5267227931577
-3.050000000000148,567.3936026377348
-3.0400000000001484,569.7414400041022
-3.0300000000001486,567.5807709287685
-3.020000000000149,569.8307414834825
-3.010000000000149,571.081967990012
-3.000000000000149,570.4291389081543
-2.9900000000001494,568.7596344799716
-2.9800000000001496,569.7721102255035
-2.97000000000015,571.0997811916324
-2.96000000000015,568.4265702177828
-2.9500000000001503,564.1628542484008
-2.9400000000001505,562.7012938167978
-2.9300000000001507,561.1181681303965
-2.920000000000151,560.7887078570766
-2.910000000000151,559.7769585346495
-2.9000000000001513,563.029392520502
-2.8900000000001516,559.6537393407718
-2.8800000000001518,562.202929740347
-2.870000000000152,562.0356880691569
-2.860000000000152,562.3742040820945
-2.8500000000001524,563.3580928231435
-2.8400000000001526,561.241151219939
-2.830000000000153,561.4518034140348
-2.820000000000153,559.5590824522111
-2.8100000000001533,562.9714176872559
-2.8000000000001535,563.0058345220091
-2.7900000000001537,561.1908781535641
-2.780000000000154,562.9274955630212
-2.770000000000154,562.3366748694021
-2.7600000000001543,559.9987429324605
-2.7500000000001545,557.2001611560995
-2.7400000000001548,556.8328719735188
-2.730000000000155,558.6528794109826
-2.720000000000155,560.1636006080358
-2.7100000000001554,561.264037968024
-2.7000000000001556,560.5808895939101
-2.690000000000156,559.0229826562238
-2.680000000000156,558.8844055603582
-2.6700000000001562,559.0952079609085
-2.6600000000001565,557.8017893495207
-2.6500000000001567,556.2220398051663
-2.640000000000157,553.5341481762537
-2.630000000000157,553.9484807188085
-2.6200000000001573,553.3391179206646
-2.6100000000001575,553.6928675715262
-2.6000000000001577,552.6104363560194
-2.590000000000158,553.9517698874697
-2.580000000000158,556.8803303009696
-2.5700000000001584,558.9534724267833
-2.5600000000001586,559.19394362101
-2.550000000000159,558.5883528132911
-2.540000000000159,559.9320032790869
-2.5300000000001592,558.7601858185708
-2.5200000000001594,558.6432759585891
-2.5100000000001597,561.3661187125442
-2.50000000000016,559.6323343503279
-2.49000000000016,560.8769089726459
-2.4800000000001603,561.8580488012885
-2.4700000000001605,565.685658833478
-2.4600000000001607,562.7312681901026
-2.450000000000161,561.9512350201936
-2.440000000000161,559.158563112978
-2.4300000000001614,555.0022792250915
-2.4200000000001616,556.4622197608021
-2.410000000000162,558.9447312026131
-2.400000000000162,559.1220752774145
-2.390000000000162,558.841397505135
-2.3800000000001624,555.5117103387785
-2.3700000000001626,555.8320483944835
-2.360000000000163,555.332744382055
-2.350000000000163,552.5675429514814
-2.3400000000001633,551.8943486018128
-2.3300000000001635,552.0136139351356
-2.3200000000001637,548.1922962842343
-2.310000000000164,545.4287103510761
-2.300000000000164,546.4928244680495
-2.2900000000001643,548.8170955837195
-2.2800000000001646,549.8903407760449
-2.2700000000001648,550.5487695484392
-2.260000000000165,549.423475179557
-2.250000000000165,551.8062539986557
-2.2400000000001654,551.4561590544334
-2.2300000000001656,552.1717963522506
-2.220000000000166,552.2452489437645
-2.210000000000166,553.050854364353
-2.2000000000001663,552.0068747996445
-2.1900000000001665,551.9546516821566
-2.1800000000001667,555.4390540776961
-2.170000000000167,553.885515108879
-2.160000000000167,552.5264010425785
-2.1500000000001673,552.1779993502064
-2.1400000000001675,553.6822960112199
-2.1300000000001678,555.6006386865503
-2.120000000000168,557.1246867777763
-2.110000000000168,555.6775892865093
-2.1000000000001684,556.6577560061568
-2.0900000000001686,558.6098282373138
-2.080000000000169,554.2928824690056
-2.070000000000169,555.8612692640523
-2.0600000000001693,558.6280211388495
-2.0500000000001695,562.972507851069
-2.0400000000001697,561.6647142809568
-2.03000000000017,561.9501168375962
-2.02000000000017,559.3967093404314
-2.0100000000001703,560.3425369316341
-2.0000000000001705,560.989668639452
-1.9900000000001705,561.7364689019428
-1.9800000000001705,559.0852111560331
-1.9700000000001705,555.8191358770723
-1.9600000000001705,558.342890998581
-1.9500000000001705,559.3364598562403
-1.9400000000001705,556.5335410665173
-1.9300000000001705,555.0754598869531
-1.9200000000001705,555.1778909928461
-1.9100000000001705,553.3108212062773
-1.9000000000001704,551.7581143528763
-1.8900000000001704,554.0952976628704
-1.8800000000001704,554.5862904680502
-1.8700000000001704,556.7651668516912
-1.8600000000001704,556.4580402632815
-1.8500000000001704,551.9008166533736
-1.8400000000001704,554.6612008369175
-1.8300000000001704,552.5117797805735
-1.8200000000001704,556.0624509014219
-1.8100000000001704,555.0936914026905
-1.8000000000001704,553.2611345401153
-1.7900000000001703,553.2608737724142
-1.7800000000001703,550.1741497765042
-1.7700000000001703,553.451860870206
-1.7600000000001703,554.8609284010882
-1.7500000000001703,554.5220937263776
-1.7400000000001703,554.7456811581379
-1.7300000000001703,555.6253985881954
-1.7200000000001703,555.437484801017
-1.7100000000001703,551.649045275225
-1.7000000000001703,549.0709166219945
-1.6900000000001703,548.5386218527153
-1.6800000000001702,549.1902171127787
-1.6700000000001702,551.8618300172743
-1.6600000000001702,554.8707651808759
-1.6500000000001702,556.0735501374785
-1.6400000000001702,555.1845559065639
-1.6300000000001702,555.0834104713961
-1.6200000000001702,556.6755753553763
-1.6100000000001702,554.7478652028665
-1.6000000000001702,556.220198007537
-1.5900000000001702,556.8428140256437
-1.5800000000001702,553.9825308521253
-1.5700000000001701,550.5719338749298
-1.5600000000001701,547.2836607269719
-1.5500000000001701,547.942855555365
-1.5400000000001701,545.7320372282952
-1.5300000000001701,547.5486024129633
-1.52000000000017,548.8844497372867
-1.51000000000017,546.5686155398324
-1.50000000000017,544.1225390349864
-1.49000000000017,546.3028321510441
-1.48000000000017,545.280092512782
-1.47000000000017,543.6352936655113
-1.46000000000017,544.2313220984262
-1.45000000000017,545.5244184203287
-1.44000000000017,547.0891928504177
-1.43000000000017,548.8468469836097
-1.42000000000017,544.3945900283941
-1.41000000000017,542.9682286092477
-1.40000000000017,540.6834278138986
-1.39000000000017,539.0465877974806
-1.38000000000017,538.4780995365489
-1.37000000000017,542.4528681338281
-1.36000000000017,542.3230257584736
-1.35000000000017,544.9493185723388
-1.34000000000017,544.8688798576824
-1.33000000000017,544.1284159896283
-1.32000000000017,545.5104984921195
-1.31000000000017,544.2864147158596
-1.30000000000017,543.0369929099633
-1.29000000000017,543.5726318671132
-1.28000000000017,543.3179498248338
-1.2700000000001699,545.6374596532054
-1.2600000000001699,546.6439455329448
-1.2500000000001699,546.6513271176505
-1.2400000000001699,544.0197375902266
-1.2300000000001698,542.2272588006635
-1.2200000000001698,541.5464531447043
-1.2100000000001698,538.3682541198252
-1.2000000000001698,539.2762029469369
-1.1900000000001698,540.4796005645903
-1.1800000000001698,540.3519001813193
-1.1700000000001698,539.4520030112492
-1.1600000000001698,540.2320531047109
-1.1500000000001698,536.0064968714764
-1.1400000000001698,532.5282705420219
-1.1300000000001698,530.3150739485601
-1.1200000000001697,526.6755277095597
-1.1100000000001697,527.4400155449904
-1.1000000000001697,526.7786891862323
-1.0900000000001697,525.9401154834562
-1.0800000000001697,530.2783888520695
-1.0700000000001697,531.6192669148098
-1.0600000000001697,530.3938695788038
-1.0500000000001697,527.3140386658185
-1.0400000000001697,527.4511583112713
-1.0300000000001697,524.8770895532112
-1.0200000000001697,525.97504527169
-1.0100000000001697,525.8414391710171
-1.0000000000001696,525.4268348765951
-0.9900000000001696,523.0742056352349
-0.9800000000001696,525.9769309529132
-0.9700000000001696,528.2269774407963
-0.9600000000001696,529.9578090903458
-0.9500000000001696,532.2823620527806
-0.9400000000001696,536.1943461788487
-0.9300000000001696,538.206926391828
-0.9200000000001696,537.2612091236178
-0.9100000000001696,535.7868376904306
-0.9000000000001696,536.6143692284226
-0.8900000000001695,535.3416978418303
-0.8800000000001695,531.6888971907099
-0.8700000000001695,529.4200941150796
-0.8600000000001695,527.4477961230708
-0.8500000000001695,530.1522343076952
-0.8400000000001695,529.949499647367
-0.8300000000001695,527.7486104031024
-0.8200000000001695,524.2591514167691
-0.8100000000001695,520.4716469560283
-0.8000000000001695,522.2841011143203
-0.7900000000001695,521.895051846128
-0.7800000000001694,523.2814661066149
-0.7700000000001694,520.8194684656668
-0.7600000000001694,519.6157924739252
-0.7500000000001694,520.357634165895
-0.7400000000001694,516.2460935284229
-0.7300000000001694,516.3587636514484
-0.7200000000001694,513.2959032025053
-0.7100000000001694,514.852887128468
-0.7000000000001694,516.3567318282043
-0.6900000000001694,519.2079964472305
-0.6800000000001694,518.0396383563696
-0.6700000000001693,518.6585028833709
-0.6600000000001693,515.2175483887918
-0.6500000000001693,511.8302044204152
-0.6400000000001693,512.0694086073033
-0.6300000000001693,511.80420657993784
-0.6200000000001693,510.61590360471877
-0.6100000000001693,510.8034686944755
-0.6000000000001693,511.39779718780943
-0.5900000000001693,508.0157447467066
-0.5800000000001693,507.1230297918662
-0.5700000000001693,507.2434610257658
-0.5600000000001693,508.03137370914624
-0.5500000000001692,507.1053090576902
-0.5400000000001692,508.40096143661026
-0.5300000000001692,505.1080827718758
-0.5200000000001692,502.02920411736807
-0.5100000000001692,500.8654188889433
-0.5000000000001692,501.18464473543054
-0.4900000000001692,498.11787496320125
-0.4800000000001692,497.91096697913997
-0.47000000000016917,498.76361885749037
-0.46000000000016916,498.91407400701297
-0.45000000000016915,500.2245807862925
-0.44000000000016914,497.30830379157516
-0.43000000000016914,495.7435935770596
-0.4200000000001691,497.2462312504895
-0.4100000000001691,496.8940203992637
-0.4000000000001691,495.7281716518013
-0.3900000000001691,497.47885647485805
-0.3800000000001691,499.6118084603517
-0.3700000000001691,497.80342603455426
-0.3600000000001691,496.1491432756544
-0.35000000000016906,496.02373866599294
-0.34000000000016906,495.2957149783311
-0.33000000000016905,493.7704809553107
-0.32000000000016904,492.64563014030364
-0.31000000000016903,496.1302564061979
-0.300000000000169,498.7211340363731
-0.290000000000169,499.0329828599183
-0.280000000000169,497.1867460629579
-0.270000000000169,496.0845299388268
-0.260000000000169,497.6387031573754
-0.250000000000169,495.92432892693927
-0.24000000000016897,496.95555840975345
-0.23000000000016896,496.503571842473
-0.22000000000016895,496.8824438139717
-0.21000000000016894,497.1480129221891
-0.20000000000016893,495.0268042448614
-0.19000000000016892,497.14848342934357
-0.1800000000001689,497.7748045014133
-0.1700000000001689,499.9256298286862
-0.1600000000001689,498.1302031237472
-0.1500000000001689,500.47300827221557
-0.14000000000016888,503.8799667333067
-0.13000000000016887,505.52601866322914
-0.12000000000016887,508.226358258869
-0.11000000000016888,505.9423404044715
-0.10000000000016888,507.8584488103467
-0.09000000000016889,508.9687919973229
-0.0800000000001689,507.04468856602256
-0.0700000000001689,504.36227449759554
-0.0600000000001689,505.141736481978
-0.050000000000168895,506.8760099832478
-0.040000000000168894,504.4189106283856
-0.03000000000016889,506.280724709601
-0.02000000000016889,505.2855492576485
-0.01000000000016889,505.13293632278726
-1.6888920817414999E-13,502.35715928539923
0.009999999999831111,504.99031894287805
0.01999999999983111,501.21985738226454
0.029999999999831113,502.2248355503851
0.039999999999831115,502.005590846643
0.04999999999983112,499.73478249297995
0.05999999999983112,495.21686909271835
0.06999999999983111,494.65951793163543
0.07999999999983111,491.71532243594356
0.0899999999998311,492.5568399463516
0.0999999999998311,490.0035519862298
0.1099999999998311,488.1522193829397
0.11999999999983109,490.85662018706967
0.12999999999983108,490.1473848199258
0.1399999999998311,492.7251800339267
0.1499999999998311,493.5287730369459
0.1599999999998311,494.0846572410231
0.16999999999983112,495.66962185518963
0.17999999999983113,498.2958677036985
0.18999999999983114,500.54611482852084
0.19999999999983115,501.347522022757
0.20999999999983116,503.7733106195878
0.21999999999983116,501.76338565244373
0.22999999999983117,500.6501258812764
0.23999999999983118,500.4025435856369
0.2499999999998312,500.1039029561204
0.2599999999998312,501.5927656487833
0.2699999999998312,501.23818809964064
0.2799999999998312,501.1133461895441
0.2899999999998312,502.2922373544127
0.29999999999983123,503.07915302789564
0.30999999999983124,502.12481922542554
0.31999999999983125,502.44062964234286
0.32999999999983126,498.1393862355107
0.33999999999983127,502.395695595448
0.3499999999998313,501.2696554641579
0.3599999999998313,501.8476306895484
0.3699999999998313,503.44612620392223
0.3799999999998313,501.91644254295227
0.3899999999998313,501.2114517489042
0.3999999999998313,498.50462992619487
0.40999999999983133,500.693655850941
0.41999999999983134,502.00239016755353
0.42999999999983135,502.8623619228792
0.43999999999983136,504.3486877332907
0.44999999999983137,505.30312270171385
0.4599999999998314,504.643402756833
0.4699999999998314,508.38774736916787
0.4799999999998314,509.9763303784952
0.4899999999998314,511.2868954278403
0.4999999999998314,509.9377275463827
0.5099999999998314,510.30829898038644
0.5199999999998314,514.4379898501164
0.5299999999998314,512.803259148491
0.5399999999998314,514.3218519333203
0.5499999999998314,511.6919088319771
0.5599999999998314,514.7013066978427
0.5699999999998314,517.9510064966636
0.5799999999998314,518.1073301422127
0.5899999999998314,517.018553550388
0.5999999999998314,520.9781446670386
0.6099999999998315,522.5404056699484
0.6199999999998315,520.5730115327285
0.6299999999998315,522.3170379529071
0.6399999999998315,522.0041590760967
0.6499999999998315,518.736226993226
0.6599999999998315,519.66810836284
0.6699999999998315,518.5519209064183
0.6799999999998315,521.5550453260694
0.6899999999998315,521.9473994091609
0.6999999999998315,520.3662028419207
0.7099999999998315,518.0275228502878
0.7199999999998316,521.3596086143009
0.7299999999998316,521.3835048076164
0.7399999999998316,518.3482346750064
0.7499999999998316,517.3319392065038
0.7599999999998316,520.6649656428032
0.7699999999998316,521.6979697899143
0.7799999999998316,518.1542247397898
0.7899999999998316,521.5732064355029
0.7999999999998316,523.0037720407856
0.8099999999998316,521.7064076135207
0.8199999999998316,517.4718477198693
0.8299999999998317,518.2836626211968
0.8399999999998317,520.3600228259122
0.8499999999998317,522.159003546366
0.8599999999998317,521.1570488980234
0.8699999999998317,520.7021757263851
0.8799999999998317,520.4241115861681
0.8899999999998317,519.5524484716302
0.8999999999998317,518.0869613663181
0.9099999999998317,514.6762351792835
0.9199999999998317,512.0763856367336
0.9299999999998317,511.9006082563443
0.9399999999998317,513.0977066860718
0.9499999999998318,512.9191562811588
0.9599999999998318,514.8632557580627
0.9699999999998318,513.8526273007541
0.9799999999998318,512.4624129525354
0.9899999999998318,510.9657174187335
0.9999999999998318,512.122591610617
1.0099999999998317,511.80379842568254
1.0199999999998317,514.9553622144823
1.0299999999998317,513.5812781291324
1.0399999999998317,513.7278906654851
1.0499999999998317,516.8127389083479
1.0599999999998317,517.7268637401354
1.0699999999998318,516.650994317523
1.0799999999998318,518.9209239783522
1.0899999999998318,521.2058746657887
1.0999999999998318,523.5820701718075
1.1099999999998318,522.7831794643967
1.1199999999998318,524.1896914677764
1.1299999999998318,525.4276309082618
1.1399999999998318,523.1481291974791
1.1499999999998318,519.990093602284
1.1599999999998318,516.5570081021987
1.1699999999998318,517.2299554644202
1.1799999999998319,514.7588955976154
1.1899999999998319,513.0068522243795
1.1999999999998319,513.5722193395662
1.2099999999998319,515.1236813360364
1.2199999999998319,515.7232471331394
1.229999999999832,516.6846919821209
1.239999999999832,519.884365951787
1.249999999999832,522.2356113154465
1.259999999999832,521.5950832483769
1.269999999999832,519.3002394991865
1.279999999999832,519.8148124279446
1.289999999999832,521.3400660688475
1.299999999999832,520.9326637004058
1.309999999999832,520.0098271710764
1.319999999999832,522.076041596536
1.329999999999832,524.1377655337827
1.339999999999832,520.6569457433459
1.349999999999832,521.6815336479764
1.359999999999832,523.1901539725317
1.369999999999832,521.369748647628
1.379999999999832,522.9673203991836
1.389999999999832,525.7649411644289
1.399999999999832,527.8931507627877
1.409999999999832,529.2369147592029
1.419999999999832,532.7066462113513
1.429999999999832,535.0090273112046
1.439999999999832,533.6811956421453
1.449999999999832,534.9968847437453
1.459999999999832,537.0780033743865
1.469999999999832,536.713163751575
1.4799999999998321,538.1886288996063
1.4899999999998321,537.2365144349573
1.4999999999998321,541.6799247997333
1.5099999999998321,542.2429013392576
1.5199999999998322,541.8723849975772
1.5299999999998322,543.8617414181749
1.5399999999998322,545.4844370591086
1.5499999999998322,546.0534339374846
1.5599999999998322,544.5875858241476
1.5699999999998322,543.1536245316851
1.5799999999998322,541.8518310888295
1.5899999999998322,542.9623473791565
1.5999999999998322,542.0417067016481
1.6099999999998322,539.8269374640653
1.6199999999998322,539.3895246545374
1.6299999999998322,538.806809788161
1.6399999999998323,538.0451522578562
1.6499999999998323,538.7182974307401
1.6599999999998323,540.5706531068421
1.6699999999998323,543.2551408045881
1.6799999999998323,542.4521389167761
1.6899999999998323,541.4907743336252
1.6999999999998323,540.1593969869241
1.7099999999998323,538.3598029096364
1.7199999999998323,539.548027420622
1.7299999999998323,537.9091055594508
1.7399999999998323,536.6278392308764
1.7499999999998324,537.4191410773328
1.7599999999998324,533.7056536387757
1.7699999999998324,534.9408986433119
1.7799999999998324,535.4489133957347
1.7899999999998324,533.8811573411359
1.7999999999998324,536.6688494480226
1.8099999999998324,538.6610561337792
1.8199999999998324,540.8376211701151
1.8299999999998324,538.4360170960214
1.8399999999998324,537.4087052135869
1.8499999999998324,536.508719675782
1.8599999999998325,534.5176667331071
1.8699999999998325,533.7993454487075
1.8799999999998325,533.8535924144732
1.8899999999998325,535.5158027181365
1.8999999999998325,533.8757475939466
1.9099999999998325,536.594863705581
1.9199999999998325,538.9273301130095
1.9299999999998325,540.2779711474607
1.9399999999998325,538.8136165370344
1.9499999999998325,540.4817668093649
1.9599999999998325,539.1429475999254
1.9699999999998326,539.3279426571744
1.9799999999998326,542.5641442673133
1.9899999999998326,543.427127604503
1.9999999999998326,541.945111409846
2.0099999999998324,539.0368523664059
2.019999999999832,537.3895302800769
2.029999999999832,535.6858347891873
2.0399999999998317,533.1527646776066
2.0499999999998315,530.5221446921237
2.0599999999998313,530.528448068233
2.069999999999831,530.135562900384
2.079999999999831,528.3825775872823
2.0899999999998307,526.7596448711491
2.0999999999998304,525.4963595511571
2.1099999999998302,526.1635640258038
2.11999999999983,524.9648151620162
2.12999999999983,525.9691887765789
2.1399999999998296,524.5059344505638
2.1499999999998294,524.5336292553254
2.159999999999829,528.9702944158346
2.169999999999829,528.3137506410806
2.1799999999998287,531.5222435018655
2.1899999999998285,533.5813164461504
2.1999999999998283,533.2004653764876
2.209999999999828,532.0869017896201
2.219999999999828,532.4488229371327
2.2299999999998277,534.5976918772709
2.2399999999998275,535.542981615455
2.2499999999998272,536.1385841032412
2.259999999999827,536.3476208335613
2.269999999999827,537.1910209893774
2.2799999999998266,540.3469380950027
2.2899999999998264,536.5595587976364
2.299999999999826,536.2494479745238
2.309999999999826,538.1883756290813
2.3199999999998258,536.1764031721282
2.3299999999998255,537.1192167724575
2.3399999999998253,540.3317258976083
2.349999999999825,542.0822860862062
2.359999999999825,540.5812415782244
2.3699999999998247,541.4661722761987
2.3799999999998245,543.3300624022371
2.3899999999998243,538.7835095346243
2.399999999999824,538.1417991423065
2.409999999999824,538.0380672301151
2.4199999999998236,534.4574639301356
2.4299999999998234,531.2906328205372
2.439999999999823,531.0821734904443
2.449999999999823,529.785999084735
2.4599999999998228,526.4327624107957
2.4699999999998226,524.341583653021
2.4799999999998223,524.4590422478708
2.489999999999822,525.7871325004104
2.499999999999822,522.549695702606
2.5099999999998217,521.3933117159031
2.5199999999998215,519.3803852034272
2.5299999999998213,519.9547277456221
2.539999999999821,519.0567107366177
2.549999999999821,519.5229401150993
2.5599999999998206,520.7291515685671
2.5699999999998204,519.6100903698036
2.57999999999982,522.0990741015346
2.58999999999982,522.2127564431048
2.59999999999982,520.0103458924847
2.6099999999998196,520.5580695487473
2.6199999999998194,521.1384410599559
2.629999999999819,517.9247366925018
2.639999999999819,517.5410782708914
2.6499999999998187,519.3771587798581
2.6599999999998185,521.8513597374393
2.6699999999998183,519.5415058190682
2.679999999999818,520.8420188400443
2.689999999999818,520.8674647829001
2.6999999999998177,522.1627556512404
2.7099999999998174,523.6878264405904
2.7199999999998172,523.8214805454949
2.729999999999817,526.5969390998414
2.739999999999817,528.6267239277591
2.7499999999998166,528.9150809355613
2.7599999999998164,532.1066742182882
2.769999999999816,530.9430820119666
2.779999999999816,530.7175481314671
2.7899999999998157,531.2550555844973
2.7999999999998155,529.8723074205636
2.8099999999998153,526.3852447143084
2.819999999999815,526.4699594083716
2.829999999999815,527.3163776329905
2.8399999999998147,528.7500125697014
2.8499999999998145,530.3792087448544
2.8599999999998142,532.8742285091367
2.869999999999814,534.2533379245814
2.879999999999814,535.2974742618131
2.8899999999998136,535.3288005237413
2.8999999999998134,538.0203260393668
2.909999999999813,539.1744950442056
2.919999999999813,539.4604474733294
2.9299999999998128,541.287726963226
2.9399999999998125,542.2536498908637
2.9499999999998123,538.1933221643231
2.959999999999812,542.4102102906801
2.969999999999812,546.2248494855086
2.9799999999998117,543.456401483516
2.9899999999998115,544.8842163100911
2.9999999999998113,548.1540875623533
3.009999999999811,548.4415594276089
3.019999999999811,547.3705910006669
3.0299999999998106,551.0598419415506
3.0399999999998104,553.6167839700694
3.04999999999981,553.1557210230349
3.05999999999981,556.7598155475825
3.0699999999998098,559.609101237391
3.0799999999998096,563.3722778179491
3.0899999999998093,564.8934294875169
3.099999999999809,566.5232783572746
3.109999999999809,568.1192477735635
3.1199999999998087,568.9374264081092
3.1299999999998085,567.5167346816161
3.1399999999998083,568.5689905630351
3.149999999999808,573.0792843441317
3.159999999999808,573.4362674343486
3.1699999999998076,573.4772644253985
3.1799999999998074,574.0588410194217
3.189999999999807,573.6678209547249
3.199999999999807,572.0814670951456
3.209999999999807,574.1651705640039
3.2199999999998066,575.6734307606755
3.2299999999998064,573.754047176358
3.239999999999806,573.5054126555282
3.249999999999806,572.6140475338688
3.2599999999998057,573.1798743755306
3.2699999999998055,576.8419239037671
3.2799999999998053,577.2407565287297
3.289999999999805,579.9748562812673
3.299999999999805,579.4325631889426
3.3099999999998047,577.6304554690687
3.3199999999998044,578.2238280597844
3.3299999999998042,578.2698460648406
3.339999999999804,575.4829682812174
3.349999999999804,574.2056159160777
3.3599999999998036,577.9165381685351
3.3699999999998034,579.716881193313
3.379999999999803,577.1502912430814
3.389999999999803,580.9281649326742
3.3999999999998027,578.7825298266324
3.4099999999998025,576.3623211555995
3.4199999999998023,576.955070493145
3.429999999999802,580.5076021823194
3.439999999999802,581.0872186960764
3.4499999999998017,579.2404742820454
3.4599999999998015,582.6193291826798
3.4699999999998012,583.8988555988861
3.479999999999801,583.1961783862378
3.489999999999801,585.3799164544905
3.4999999999998006,586.3097863783819
3.5099999999998004,588.0344521080114
3.5199999999998,590.3479516184409
3.5299999999998,588.5403632578821
3.5399999999997998,587.2111940001068
3.5499999999997995,590.3558160767637
3.5599999999997993,587.961782629336
3.569999999999799,590.7385215715525
3.579999999999799,590.2096946159885
3.5899999999997987,588.8912352192193
3.5999999999997985,594.0217376035985
3.6099999999997983,596.1239983521605
3.619999999999798,598.9218757133781
3.629999999999798,602.7477682693466
3.6399999999997976,607.0892965634766
3.6499999999997974,608.76901594714
3.659999999999797,605.5375319402817
3.669999999999797,606.2324433021327
3.6799999999997968,603.4004539658451
3.6899999999997966,605.1609571080743
3.6999999999997963,604.5793889310335
3.709999999999796,605.6732308641235
3.719999999999796,605.2180991418269
3.7299999999997957,604.9064101580356
3.7399999999997955,606.0262993765829
3.7499999999997953,610.0274790223651
3.759999999999795,610.837885196462
3.769999999999795,609.9201392602596
3.7799999999997946,613.0427171585197
3.7899999999997944,612.0090115806672
3.799999999999794,610.2199153027522
3.809999999999794,613.9644218381551
3.819999999999794,613.4304448351406
3.8299999999997936,614.8782713171711
3.8399999999997934,612.6654820019514
3.849999999999793,609.1371662610578
3.859999999999793,607.2223994950376
3.8699999999997927,609.0103239650786
3.8799999999997925,606.3776008149692
3.8899999999997923,605.8143493585549
3.899999999999792,603.7488909897431
3.909999999999792,602.7028975894643
3.9199999999997917,601.5769862829586
3.9299999999997914,599.2146169389935
3.9399999999997912,601.461929621787
3.949999999999791,606.0900907378665
3.959999999999791,605.9824222589622
3.9699999999997906,606.7971289583525
3.9799999999997904,607.2255329334178
3.98999999999979,607.127687202008
3.99999999999979,608.6674750875183
4.00999999999979,609.5126697797424
4.01999999999979,613.2342107048245
4.02999999999979,613.2484876617563
4.0399999999997895,612.595374314497
4.049999999999789,613.4878693602111
4.059999999999789,610.5122997978153
4.069999999999789,609.5161084730087
4.079999999999789,606.5659552832309
4.0899999999997885,608.4492004548345
4.099999999999788,605.5241392532309
4.109999999999788,605.7543198182667
4.119999999999788,606.770504675039
4.129999999999788,610.2840153226839
4.139999999999787,614.4701990317052
4.149999999999787,613.3308771149578
4.159999999999787,613.7378715265334
4.169999999999787,613.5968575682825
4.1799999999997866,611.098735608999
4.189999999999786,613.5165044675948
4.199999999999786,613.257089867696
4.209999999999786,610.1869881407912
4.219999999999786,611.8291976110111
4.2299999999997855,613.7709937338807
4.239999999999785,614.3670937869263
4.249999999999785,612.3279973271814
4.259999999999785,612.106353932242
4.269999999999785,610.0785720081063
4.279999999999784,607.9026364937116
4.289999999999784,605.4295616707348
4.299999999999784,610.0310400572051
4.309999999999784,609.223010081894
4.319999999999784,611.4879757292803
4.329999999999783,612.6979966050178
4.339999999999783,617.0346987046172
4.349999999999783,616.6751078325299
4.359999999999783,617.3092454637259
4.3699999999997825,618.5602033205149
4.379999999999782,621.694686448178
4.389999999999782,621.4582489637046
4.399999999999782,625.5377142037353
4.409999999999782,626.0038919963888
4.419999999999781,625.5003025804456
4.429999999999781,624.8265246493061
4.439999999999781,627.0301508087392
4.449999999999781,626.9335839300704
4.459999999999781,623.818447575402
4.46999999999978,625.5145573789327
4.47999999999978,623.0360418114576
4.48999999999978,619.954915113131
4.49999999999978,619.2018971816223
4.5099999999997795,621.2168456870504
4.519999999999779,619.1677050378806
4.529999999999779,618.7546837984731
4.539999999999779,620.5940533314606
4.549999999999779,620.2553225791919
4.5599999999997785,623.0169693099052
4.569999999999778,622.076928776027
4.579999999999778,620.7501657449919
4.589999999999778,622.3528235365594
4.599999999999778,620.7369669858863
4.609999999999777,621.1674707541797
4.619999999999777,619.4690164725298
4.629999999999777,617.6032479446053
4.639999999999777,618.0009382922844
4.6499999999997765,617.6931145238445
4.659999999999776,621.6484747052378
4.669999999999776,623.5345470808163
4.679999999999776,627.1175870547315
4.689999999999776,623.8066680008244
4.6999999999997755,628.0904898993487
4.709999999999775,629.394219862622
4.719999999999775,628.8829642882007
4.729999999999775,629.2198032591103
4.739999999999775,629.4743155655821
4.749999999999774,629.5009686439856
4.759999999999774,629.4163111088121
4.769999999999774,633.4304334997122
4.779999999999774,634.5340017713078
4.7899999999997736,638.2775200330491
4.799999999999773,639.724285572935
4.809999999999773,640.1178952299905
4.819999999999773,644.1791878654011
4.829999999999773,644.2667579620568
4.8399999999997725,646.156509594831
4.849999999999772,648.8275858557115
4.859999999999772,653.4734588518494
4.869999999999772,651.5929032581548
4.879999999999772,652.6859040576362
4.889999999999771,656.9340029981482
4.899999999999771,660.6916310864866
4.909999999999771,659.5685625230986
4.919999999999771,660.6958291536921
4.929999999999771,662.3842497415951
4.93999999999977,660.4947015084078
4.94999999999977,658.555142614412
4.95999999999977,656.5277346113944
4.96999999999977,654.8329384235864
4.9799999999997695,659.4003919192878
4.989999999999769,661.4119167630485
4.999999999999769,662.2764536463075
5.009999999999769,666.8030002170036
5.019999999999769,667.6268694280642
5.029999999999768,666.0408966738961
5.039999999999768,665.699837306276
5.049999999999768,665.8669220741067
5.059999999999768,667.3762356441323
5.069999999999768,669.9496745292624
5.079999999999767,672.7653628351778
5.089999999999767,669.384988744631
5.099999999999767,673.370515340194
5.109999999999767,674.6413795601939
5.1199999999997665,675.7195214735576
5.129999999999766,674.2497848285941
5.139999999999766,671.3646554981021
5.149999999999766,670.8620055405926
5.159999999999766,669.7119962723509
5.1699999999997654,672.3552104753506
5.179999999999765,673.8290918850167
5.189999999999765,671.4644829288827
5.199999999999765,676.0081999944838
5.209999999999765,675.2208232615229
5.219999999999764,676.3202176199926
5.229999999999764,674.6564402453114
5.239999999999764,674.7391910515298
5.249999999999764,676.5198150582178
5.2599999999997635,679.4864016820537
5.269999999999763,681.0844446909987
5.279999999999763,683.4184108351883
5.289999999999763,686.7537699679461
5.299999999999763,683.2510171809099
5.3099999999997625,685.8986625002469
5.319999999999762,687.4554505168979
5.329999999999762,685.2561045027885
5.339999999999762,682.9172076519568
5.349999999999762,687.4425511182803
5.359999999999761,686.2413193070893
5.369999999999761,686.5848791036507
5.379999999999761,687.7565610959545
5.389999999999761,689.6520831805958
5.3999999999997605,687.8683078341157
5.40999999999976,688.8690297419995
5.41999999999976,693.3577960584223
5.42999999999976,694.7529331009073
5.43999999999976,695.0716477207949
5.4499999999997595,698.8400261230805
5.459999999999759,700.7956285082871
5.469999999999759,701.664856195737
5.479999999999759,704.5654466808055
5.489999999999759,706.643647049427
5.499999999999758,710.657921603823
5.509999999999758,708.6058321466479
5.519999999999758,709.2096461257607
5.529999999999758,711.3795271158724
5.539999999999758,709.9176723272564
5.549999999999757,709.454696001037
5.559999999999757,708.7947245054344
5.569999999999757,709.2872100406153
5.579999999999757,714.5231650128369
5.5899999999997565,718.3483491888217
5.599999999999756,720.5480283268787
5.609999999999756,722.011519135299
5.619999999999756,726.3969004552044
5.629999999999756,726.4096449503902
5.639999999999755,723.7818552464482
5.649999999999755,724.8624091128473
5.659999999999755,725.4430137458453
5.669999999999755,728.41359056165
5.679999999999755,728.3304878443378
5.689999999999754,732.5058377209193
5.699999999999754,731.6785427543177
5.709999999999754,730.8431803900779
5.719999999999754,729.6890987337097
5.7299999999997535,729.9202408790117
5.739999999999753,730.0879950848326
5.749999999999753,729.0952069595731
5.759999999999753,728.8944605065013
5.769999999999753,728.1975086167242
5.7799999999997524,729.9372740272577
5.789999999999752,728.0256145484667
5.799999999999752,728.4948955469771
5.809999999999752,728.2039114679716
5.819999999999752,727.2424190604701
5.829999999999751,730.0646293666956
5.839999999999751,729.9243407332701
5.849999999999751,728.4516112347911
5.859999999999751,728.4999448997954
5.8699999999997505,730.6394167996328
5.87999999999975,732.7246586573098
5.88999999999975,733.4724426519742
5.89999999999975,732.9369759122083
5.90999999999975,734.0026422462777
5.9199999999997495,735.7765584859707
5.929999999999749,739.7767198558365
5.939999999999749,741.5468343128124
5.949999999999749,744.4387332243165
5.959999999999749,746.1452458104906
5.969999999999748,745.9299487237253
5.979999999999748,745.9875743857051
5.989999999999748,746.7498283370895
5.999999999999748,745.665620968148
6.0099999999997475,742.5954536111574
6.019999999999747,743.8625351303483
6.029999999999747,744.2526972254586
6.039999999999747,745.6119302541772
6.049999999999747,745.7102140364387
6.0599999999997465,746.211075018657
6.069999999999746,746.1935996366592
6.079999999999746,746.4637635367914
6.089999999999746,748.9232512182097
6.099999999999746,747.061789617607
6.109999999999745,749.9535828297772
6.119999999999745,749.9287102630453
6.129999999999745,750.4782470679703
6.139999999999745,754.2935581028511
6.149999999999745,755.1071709647962
6.159999999999744,756.7647972660523
6.169999999999744,758.3360785052021
6.179999999999744,760.0154880253106
6.189999999999744,761.9906027544391
6.1999999999997435,758.7383426237186
6.209999999999743,763.3744073634126
6.219999999999743,761.8849309269323
6.229999999999743,764.0882979095918
6.239999999999743,765.9086182998931
6.249999999999742,768.7969334162746
6.259999999999742,770.5430972509487
6.269999999999742,769.5182407662849
6.279999999999742,770.3291478273161
6.289999999999742,771.4164380458166
6.299999999999741,773.8895034414741
6.309999999999741,773.9084095203006
6.319999999999741,774.7135099068513
6.329999999999741,776.7210762696615
6.3399999999997405,777.5383456331953
6.34999999999974,775.7053401507047
6.35999999999974,773.6037173962148
6.36999999999974,774.6318074377871
6.37999999999974,773.2639289485217
6.389999999999739,771.1281782687352
6.399999999999739,775.3051709977001
6.409999999999739,776.7409650279108
6.419999999999739,774.1412782870249
6.429999999999739,774.7614939348748
6.439999999999738,772.0784856609345
6.449999999999738,773.0967821135911
6.459999999999738,774.013415869521
6.469999999999738,773.4912019781572
6.4799999999997375,772.0040090084636
6.489999999999737,773.6559065942445
6.499999999999737,774.1174725624786
6.509999999999737,778.9397254847232
6.519999999999737,779.7584857345183
6.5299999999997365,782.38237451042
6.539999999999736,784.8332583012068
6.549999999999736,787.0639124788466
6.559999999999736,790.3129030705034
6.569999999999736,789.5431875198082
6.579999999999735,790.2225921520784
6.589999999999735,788.457981431399
6.599999999999735,785.8891240356113
6.609999999999735,783.7842704164143
6.6199999999997345,782.8139252004337
6.629999999999734,784.309848423531
6.639999999999734,787.6289213445202
6.649999999999734,787.2755889513704
6.659999999999734,783.8879018648478
6.6699999999997335,783.4897615451632
6.679999999999733,782.8926956254986
6.689999999999733,779.2490619035366
6.699999999999733,778.8769322110885
6.709999999999733,781.106803002972
6.719999999999732,785.2178579607945
6.729999999999732,783.6798316841179
6.739999999999732,782.8189176089965
6.749999999999732,781.8351049958103
6.759999999999732,781.866431437866
6.769999999999731,780.1748994921605
6.779999999999731,778.0765592252188
6.789999999999731,778.8235863845398
6.799999999999731,780.2087998950634
6.8099999999997305,782.0655452500013
6.81999999999973,782.3735803383212
6.82999999999973,779.937318973951
6.83999999999973,781.7793014013686
6.84999999999973,785.8068408440371
6.859999999999729,785.3399278368233
6.869999999999729,783.6730177259805
6.879999999999729,786.9091854212608
6.889999999999729,786.352075797081
6.899999999999729,785.675657103866
6.909999999999728,789.7826124166303
6.919999999999728,791.5805677595556
6.929999999999728,791.2031504600014
6.939999999999728,792.6626448890986
6.9499999999997275,793.561368821712
6.959999999999727,796.6777760831335
6.969999999999727,799.6361790427894
6.979999999999727,799.373204610851
6.989999999999727,797.670985173086
6.999999999999726,799.8563534590509
7.009999999999726,803.6730476299863
7.019999999999726,800.899963754799
7.029999999999726,801.2060552219668
7.039999999999726,800.4454970238114
7.049999999999725,801.965058006809
7.059999999999725,804.6631269748638
7.069999999999725,804.2161585020392
7.079999999999725,802.5777166968094
7.0899999999997245,803.8733523551614
7.099999999999724,806.8355981655344
7.109999999999724,802.9949928368477
7.119999999999724,802.7568284975347
7.129999999999724,805.4024877086329
7.1399999999997235,801.9247020566424
7.149999999999723,804.2642561121957
7.159999999999723,806.1973071633022
7.169999999999723,808.124133047199
7.179999999999723,808.7341874367036
7.189999999999722,808.2510234705978
7.199999999999722,813.1704621099419
7.209999999999722,813.2408531357183
7.219999999999722,815.8180365959478
7.2299999999997215,818.9786055524455
7.239999999999721,820.1724763710115
7.249999999999721,821.873138112523
7.259999999999721,818.4739961241045
7.269999999999721,821.2531442749836
7.2799999999997205,821.167573163794
7.28999999999972,818.4937568871418
7.29999999999972,820.8572047326272
7.30999999999972,823.69061881788
7.31999999999972,820.3862458632311
7.329999999999719,819.6540358358847
7.339999999999719,821.6096965941682
7.349999999999719,821.9253035982763
7.359999999999719,825.8850930233193
7.3699999999997186,823.8669419713929
7.379999999999718,824.6654426247318
7.389999999999718,825.8586010367328
7.399999999999718,825.010408890319
7.409999999999718,824.6035144870192
7.4199999999997175,828.7433087295387
7.429999999999717,829.7846636662391
7.439999999999717,831.0161593780945
7.449999999999717,832.8120754306824
7.459999999999717,833.6290826961077
7.469999999999716,835.6463008501571
7.479999999999716,838.3525847027519
7.489999999999716,836.3469632804683
7.499999999999716,835.6946384894794
7.509999999999716,832.2673227871394
7.519999999999715,834.4100319698363
7.529999999999715,831.6441175120112
7.539999999999715,830.6783590904762
7.549999999999715,830.3857413438294
7.5599999999997145,830.2482410015507
7.569999999999714,830.9163446713046
7.579999999999714,827.3382628000409
7.589999999999714,828.4289913591674
7.599999999999714,830.1592419535195
7.609999999999713,830.613976013654
7.619999999999713,828.8943526853787
7.629999999999713,831.4450015255507
7.639999999999713,829.5650215243884
7.649999999999713,832.0923128149655
7.659999999999712,834.8898480739382
7.669999999999712,832.7556418263832
7.679999999999712,831.7369211242897
7.689999999999712,837.0706680093458
7.6999999999997115,837.5924117472914
7.709999999999711,838.926203790283
7.719999999999711,840.5817162186895
7.729999999999711,844.8790338966213
7.739999999999711,849.9376317125864
7.7499999999997105,850.4134822958553
7.75999999999971,852.352247499898
7.76999999999971,856.9398801238754
7.77999999999971,858.4441787436896
7.78999999999971,858.3279692767139
7.799999999999709,858.7162226221516
7.809999999999709,856.1746430144907
7.819999999999709,858.1586640296663
7.829999999999709,860.1132179693399
7.8399999999997085,859.7915234752298
7.849999999999708,857.0420965278506
7.859999999999708,858.5454111860168
7.869999999999708,860.061206828229
7.879999999999708,859.6347272805169
7.8899999999997075,859.2932243888055
7.899999999999707,862.8478420161471
7.909999999999707,862.2924900235491
7.919999999999707,862.6746060921348
7.929999999999707,860.4685964054312
7.939999999999706,858.3091055880133
7.949999999999706,855.7070514632993
7.959999999999706,852.0992645122178
7.969999999999706,849.2010704358518
7.9799999999997056,850.3425902245652
7.989999999999705,850.3752164885236
7.999999999999705,851.0442690488939
8.009999999999705,852.0743085087393
8.019999999999705,854.7337050519784
8.029999999999704,854.9037858865261
8.039999999999704,857.0160628042148
8.049999999999704,859.5214945783134
8.059999999999704,858.7789098883933
8.069999999999704,857.252626706818
8.079999999999703,858.3972199312462
8.089999999999703,856.9790707291927
8.099999999999703,855.0714609159252
8.109999999999703,859.6095273946697
8.119999999999703,860.2678252583495
8.129999999999702,859.4848941450283
8.139999999999702,861.9559401571652
8.149999999999702,861.830305570251
8.159999999999702,859.6318653239161
8.169999999999702,860.538479441969
8.179999999999701,861.9176356423534
8.189999999999701,865.700443556777
8.1999999999997,864.1661941843809
8.2099999999997,866.3553017351209
8.2199999999997,866.4836594984804
8.2299999999997,866.3724698930682
8.2399999999997,866.6364620714916
8.2499999999997,863.2461933376645
8.2599999999997,865.7000741619025
8.2699999999997,863.2234351007786
8.2799999999997,863.9381675092642
8.289999999999699,868.8485207661121
8.299999999999699,870.0307278652698
8.309999999999699,870.8995118128028
8.319999999999698,872.1869720462273
8.329999999999698,874.5830015722578
8.339999999999698,876.9278048555711
8.349999999999698,878.1169946065149
8.359999999999697,877.1446971132771
8.369999999999697,879.7229788025362
8.379999999999697,880.5335171852112
8.389999999999697,884.3131262675431
8.399999999999697,886.255599886905
8.409999999999696,890.4264158661358
8.419999999999696,887.6701712586339
8.429999999999696,888.602206987454
8.439999999999696,892.976481007143
8.449999999999696,889.2713240043265
8.459999999999695,892.2049749215464
8.469999999999695,893.9432783715432
8.479999999999695,897.3201801026086
8.489999999999695,901.9961988545888
8.499999999999694,901.7377387487953
8.509999999999694,902.3250372499888
8.519999999999694,905.0329111990699
8.529999999999694,908.989096554441
8.539999999999694,913.4661307494802
8.549999999999693,913.4667904003999
8.559999999999693,913.7176210960292
8.569999999999693,916.3164414675093
8.579999999999693,917.3271704315135
8.589999999999693,916.7565730182471
8.599999999999692,917.4483934369067
8.609999999999692,919.6450727459409
8.619999999999692,924.7565065069738
8.629999999999692,926.225098421023
8.639999999999691,930.5614900946936
8.649999999999691,932.5490439162769
8.659999999999691,931.2097435559377
8.66999999999969,932.2273808562784
8.67999999999969,935.36539893235
8.68999999999969,934.7648226382366
8.69999999999969,938.9243595308882
8.70999999999969,938.3223567301147
8.71999999999969,938.9496955753525
8.72999999999969,937.9643687847499
8.73999999999969,934.5945592871669
8.74999999999969,938.5612026484847
8.759999999999689,940.267658628191
8.769999999999689,940.3626217470406
8.779999999999688,938.3549389288029
8.789999999999688,938.9450547395381
8.799999999999688,942.7199690157904
8.809999999999688,947.2506890715273
8.819999999999688,948.4612645069878
8.829999999999687,952.027087561674
8.839999999999687,952.0953116439808
8.849999999999687,953.2667981668679
8.859999999999687,952.7309471621162
8.869999999999687,953.3822682677613
8.879999999999686,954.9552159362171
8.889999999999686,957.8553476690932
8.899999999999686,955.6353845205641
8.909999999999686,954.818784772072
8.919999999999686,954.3233616354934
8.929999999999685,957.3161266598962
8.939999999999685,959.6381133840113
8.949999999999685,963.6811247027315
8.959999999999685,967.1285468230774
8.969999999999684,968.7601043742715
8.979999999999684,968.0114446445318
8.989999999999684,971.898185205131
8.999999999999684,973.7256167285941
9.009999999999684,972.4583179670019
9.019999999999683,973.0322086982931
9.029999999999683,975.8998140872214
9.039999999999683,976.6127485733186
9.049999999999683,977.1397559102847
9.059999999999683,978.7495898657779
9.069999999999682,981.8908267167759
9.079999999999682,984.684913609847
9.089999999999682,987.3236498241154
9.099999999999682,989.7129914136751
9.109999999999681,988.9905939383252
9.119999999999681,989.3059055247961
9.129999999999681,990.2714139096671
9.13999999999968,991.4937947114227
9.14999999999968,992.1696568465962
9.15999999999968,993.6093794023523
9.16999999999968,991.8339582779105
9.17999999999968,992.0638791540891
9.18999999999968,991.2894168419563
9.19999999999968,992.4288002705455
9.20999999999968,990.7011881758568
9.21999999999968,991.3369952498361
9.229999999999679,990.5643398490754
9.239999999999679,989.4804404670376
9.249999999999678,992.2665828242999
9.259999999999678,993.5472679425476
9.269999999999678,996.5854522669894
9.279999999999678,997.2036730998509
9.289999999999678,996.0254654316087
9.299999999999677,994.3998936565054
9.309999999999677,993.9364614080856
9.319999999999677,996.8759220004524
9.329999999999677,997.9944920435507
9.339999999999677,996.0222092485478
9.349999999999676,997.768539834433
9.359999999999676,999.506893583237
9.369999999999676,998.6115603832416
9.379999999999676,1000.0127085670537
9.389999999999675,998.237167705501
9.399999999999675,996.772733273815
9.409999999999675,995.0739305075673
9.419999999999675,998.1997514087104
9.429999999999675,997.6511849063941
9.439999999999674,996.1523975833178
9.449999999999674,999.9462830552399
9.459999999999674,998.4299595523701
9.469999999999674,996.7755722460677
9.479999999999674,994.3535872585455
9.489999999999673,992.179834041036
9.499999999999673,995.1028983913011
9.509999999999673,998.4872878767344
9.519999999999673,996.6658458731033
9.529999999999673,995.2292627856638
9.539999999999672,992.4448656474343
9.549999999999672,994.6741514526287
9.559999999999672,995.6990448508092
9.569999999999672,996.4903675562723
9.579999999999671,999.9354009878585
9.589999999999671,1001.9450509784089
9.599999999999671,1003.3174571216988
9.60999999999967,1003.4386787515962
9.61999999999967,1000.8911794848477
9.62999999999967,998.93042537615
9.63999999999967,995.9673962856489
9.64999999999967,992.784259649847
9.65999999999967,996.547800108152
9.66999999999967,999.7362871968759
9.67999999999967,999.6769559244277
9.689999999999669,999.1137261046673
9.699999999999669,995.9746146500443
9.709999999999669,997.1080062357235
9.719999999999668,994.5935270538008
9.729999999999668,996.013852266205
9.739999999999668,999.9881618638402
9.749999999999668,998.3748239475871
9.759999999999668,996.5380030839224
9.769999999999667,994.8319177897365
9.779999999999667,999.112309513571
9.789999999999667,1002.5915382509284
9.799999999999667,998.8433427042705
9.809999999999667,996.3290247359307
9.819999999999666,993.7088600299764
9.829999999999666,990.6339398712795
9.839999999999666,992.1775894238277
9.849999999999666,995.1573883002633
9.859999999999665,995.8525123517634
9.869999999999665,998.7332759326665
9.879999999999665,996.2614107101741
9.889999999999665,994.3708353406569
9.899999999999665,997.05220373446
9.909999999999664,999.5493003055809
9.919999999999664,1001.3810779544755
9.929999999999664,1001.0918051851595
9.939999999999664,1001.4051695626268
9.949999999999664,998.6628119829729
9.959999999999663,998.1554136592899
9.969999999999663,1000.9054743194115
9.979999999999663,1003.1761812597823
9.989999999999663,999.5727219604161
9.999999999999662,994.4652515622781
