x,y,y = 5x^2 + 2x + 20,salt range: [1;500],smooth window = 2000
-10.0,430.3748600337413
-9.99,429.63978959006374
-9.98,429.0105383018614
-9.97,428.4806848758221
-9.96,427.76115204985115
-9.950000000000001,427.12894096688575
-9.940000000000001,426.31942507762244
-9.930000000000001,425.4696222710885
-9.920000000000002,424.9456689322602
-9.910000000000002,424.8941687059986
-9.900000000000002,424.37478243297005
-9.890000000000002,423.9771092476842
-9.880000000000003,423.5045895414719
-9.870000000000003,423.3812910173116
-9.860000000000003,423.025311424742
-9.850000000000003,422.741449315298
-9.840000000000003,421.9933585186975
-9.830000000000004,421.9738669264701
-9.820000000000004,421.34372005054325
-9.810000000000004,421.2158166540135
-9.800000000000004,421.05956226354687
-9.790000000000004,420.72942610835764
-9.780000000000005,420.4378883856312
-9.770000000000005,419.9750343352108
-9.760000000000005,419.66174746206997
-9.750000000000005,418.92951518617105
-9.740000000000006,418.2573635067527
-9.730000000000006,417.45286878642264
-9.720000000000006,416.6727853102777
-9.710000000000006,416.063445885898
-9.700000000000006,415.49557219750386
-9.690000000000007,414.96048528726703
-9.680000000000007,414.31114641278964
-9.670000000000007,413.94721639284757
-9.660000000000007,413.40475843298674
-9.650000000000007,413.0531272689678
-9.640000000000008,412.6743796934851
-9.630000000000008,411.9224839961464
-9.620000000000008,411.3724043273448
-9.610000000000008,410.7182304244226
-9.600000000000009,410.4603993268488
-9.590000000000009,410.408148207223
-9.580000000000009,409.99514899613877
-9.57000000000001,409.4434417987405
-9.56000000000001,409.29495546293583
-9.55000000000001,408.92089695616653
-9.54000000000001,408.4720481981201
-9.53000000000001,407.898796140324
-9.52000000000001,407.67212132397964
-9.51000000000001,407.45604960163814
-9.50000000000001,406.8791651541085
-9.49000000000001,406.69489263075866
-9.480000000000011,406.13506958399824
-9.470000000000011,405.6623101937365
-9.460000000000012,405.10959105360035
-9.450000000000012,404.67372880300655
-9.440000000000012,404.4126959998286
-9.430000000000012,403.82447369873955
-9.420000000000012,403.2316875465603
-9.410000000000013,403.1882115385008
-9.400000000000013,402.47579975279876
-9.390000000000013,402.0420558379441
-9.380000000000013,401.78244168067215
-9.370000000000013,401.42724202765976
-9.360000000000014,401.12980683374053
-9.350000000000014,400.64830864854395
-9.340000000000014,400.06975979693976
-9.330000000000014,399.6033197479924
-9.320000000000014,399.3095330549194
-9.310000000000015,398.7566266838221
-9.300000000000015,398.1001264665363
-9.290000000000015,397.8544784888633
-9.280000000000015,397.4413195665034
-9.270000000000016,397.2335911944681
-9.260000000000016,396.881580343601
-9.250000000000016,396.2816775593688
-9.240000000000016,395.9926556197504
-9.230000000000016,395.4935492810919
-9.220000000000017,395.2347861418641
-9.210000000000017,394.8778900026303
-9.200000000000017,394.8326998599778
-9.190000000000017,394.48027314909194
-9.180000000000017,394.25295689102217
-9.170000000000018,394.01435021805
-9.160000000000018,393.81479213833853
-9.150000000000018,393.4352402974827
-9.140000000000018,393.05903532447206
-9.130000000000019,392.42452016538107
-9.120000000000019,391.73418465661564
-9.110000000000019,391.3414753318242
-9.10000000000002,391.1708198650372
-9.09000000000002,390.733753142433
-9.08000000000002,390.5417829878249
-9.07000000000002,389.9270289272405
-9.06000000000002,389.5097502439807
-9.05000000000002,388.7162540016065
-9.04000000000002,388.6689547100727
-9.03000000000002,388.33064346087497
-9.020000000000021,387.74392331634317
-9.010000000000021,387.0614970627244
-9.000000000000021,386.8630712461061
-8.990000000000022,386.63360189335475
-8.980000000000022,386.2030769377815
-8.970000000000022,386.04114306020557
-8.960000000000022,385.8142844107731
-8.950000000000022,385.0966757112465
-8.940000000000023,384.9641666287939
-8.930000000000023,384.4833915191954
-8.920000000000023,384.2991198139563
-8.910000000000023,383.8966552901657
-8.900000000000023,383.28847424907383
-8.890000000000024,382.83171904718165
-8.880000000000024,382.2870258932245
-8.870000000000024,382.19358137178574
-8.860000000000024,381.6113365570573
-8.850000000000025,381.40880439169064
-8.840000000000025,380.78067935297565
-8.830000000000025,380.7504213984758
-8.820000000000025,380.61016051749453
-8.810000000000025,379.98925909317614
-8.800000000000026,379.767951727893
-8.790000000000026,379.2770976367843
-8.780000000000026,378.71093578220587
-8.770000000000026,378.3775677083917
-8.760000000000026,377.84272388172644
-8.750000000000027,377.69591595779025
-8.740000000000027,377.35995922710856
-8.730000000000027,376.82827392279347
-8.720000000000027,376.5261044707741
-8.710000000000027,376.5538649684631
-8.700000000000028,376.1378990267737
-8.690000000000028,376.0441099993947
-8.680000000000028,375.8735479736863
-8.670000000000028,375.44044861188746
-8.660000000000029,375.1026627948165
-8.650000000000029,374.7353655271726
-8.640000000000029,374.74040883501794
-8.63000000000003,374.48266572786673
-8.62000000000003,374.0475764446915
-8.61000000000003,373.76035711297544
-8.60000000000003,373.3672655653015
-8.59000000000003,372.8924720286368
-8.58000000000003,372.6524260358338
-8.57000000000003,372.4337883612942
-8.56000000000003,372.0617670262606
-8.550000000000031,371.79106122141087
-8.540000000000031,371.458914873544
-8.530000000000031,371.3149356292888
-8.520000000000032,371.264544465362
-8.510000000000032,370.94994712262627
-8.500000000000032,370.56848956883914
-8.490000000000032,370.1995454400295
-8.480000000000032,369.8764444437479
-8.470000000000033,369.7338064999397
-8.460000000000033,369.5393872613063
-8.450000000000033,368.9659087412055
-8.440000000000033,368.7746991363078
-8.430000000000033,368.4412106032084
-8.420000000000034,368.4217532298287
-8.410000000000034,368.36983765801364
-8.400000000000034,367.7201965670323
-8.390000000000034,367.6202135524612
-8.380000000000035,367.7051074915901
-8.370000000000035,367.516647055522
-8.360000000000035,366.9317351302628
-8.350000000000035,366.43867738253675
-8.340000000000035,366.30585363445846
-8.330000000000036,366.4031208192125
-8.320000000000036,366.33178403795904
-8.310000000000036,365.86590255813394
-8.300000000000036,365.2987587297931
-8.290000000000036,365.053341853654
-8.280000000000037,364.61660244596044
-8.270000000000037,364.3683616782425
-8.260000000000037,364.43411644052117
-8.250000000000037,364.1677174336072
-8.240000000000038,364.05605772916033
-8.230000000000038,363.88102573902785
-8.220000000000038,363.8900246160879
-8.210000000000038,363.62405428002927
-8.200000000000038,363.49075792395377
-8.190000000000039,363.12199526297843
-8.180000000000039,362.617788878792
-8.170000000000039,362.4090885049658
-8.16000000000004,362.12545493440274
-8.15000000000004,361.9244243687486
-8.14000000000004,361.7697899757719
-8.13000000000004,361.40540621126877
-8.12000000000004,361.22358438069904
-8.11000000000004,360.9520094212688
-8.10000000000004,360.4468221096433
-8.09000000000004,360.31136486382206
-8.080000000000041,359.92075281358865
-8.070000000000041,359.99028033511524
-8.060000000000041,359.80118950121306
-8.050000000000042,359.45768437387073
-8.040000000000042,359.05662185988405
-8.030000000000042,358.7926832264281
-8.020000000000042,358.5865373600603
-8.010000000000042,358.2412542649681
-8.000000000000043,358.21456193625767
-7.990000000000043,358.0796368591096
-7.980000000000043,357.7700920789622
-7.970000000000043,357.4886115119345
-7.9600000000000435,357.30600231003837
-7.950000000000044,357.1358172242581
-7.940000000000044,356.55682346113656
-7.930000000000044,356.29555078781186
-7.920000000000044,355.92208108344136
-7.9100000000000446,355.6803008981497
-7.900000000000045,355.2648013365475
-7.890000000000045,355.20179381479613
-7.880000000000045,355.01601618790903
-7.870000000000045,354.73609183016987
-7.860000000000046,354.57053381578623
-7.850000000000046,354.61411602506195
-7.840000000000046,354.6504193130054
-7.830000000000046,354.6237853235435
-7.8200000000000465,354.4408497699979
-7.810000000000047,354.4863737159198
-7.800000000000047,354.00417476815807
-7.790000000000047,353.99744966790786
-7.780000000000047,353.5419531251049
-7.7700000000000475,353.35370684978255
-7.760000000000048,353.1429604377161
-7.750000000000048,352.9240152284107
-7.740000000000048,352.7515890725836
-7.730000000000048,352.61372320645137
-7.720000000000049,352.41570737513973
-7.710000000000049,352.3584300635362
-7.700000000000049,352.07644405587246
-7.690000000000049,351.8782898291696
-7.6800000000000495,351.50467371938134
-7.67000000000005,351.46192098521385
-7.66000000000005,351.20148199765833
-7.65000000000005,351.14115201975767
-7.64000000000005,350.93719766863535
-7.6300000000000505,350.6649528362587
-7.620000000000051,350.33525956634844
-7.610000000000051,350.09842612794347
-7.600000000000051,349.92191460250456
-7.590000000000051,349.6302380394008
-7.580000000000052,349.2848041914054
-7.570000000000052,349.26351982833654
-7.560000000000052,348.98796590555594
-7.550000000000052,348.82716207193994
-7.540000000000052,348.78183307704455
-7.530000000000053,348.5984858450083
-7.520000000000053,348.47433373863447
-7.510000000000053,348.3935535317307
-7.500000000000053,348.36670714411355
-7.4900000000000535,348.2660267088098
-7.480000000000054,348.1098267508086
-7.470000000000054,348.0965590981863
-7.460000000000054,348.04732647034336
-7.450000000000054,348.03747526171367
-7.440000000000055,347.6257608583513
-7.430000000000055,347.3400480360724
-7.420000000000055,347.25517420507464
-7.410000000000055,347.1341851197626
-7.400000000000055,347.1497632226572
-7.390000000000056,346.9627019686279
-7.380000000000056,346.6675322030289
-7.370000000000056,346.24093844597945
-7.360000000000056,346.16698369555274
-7.3500000000000565,346.23262556928427
-7.340000000000057,346.08044532768497
-7.330000000000057,345.8778707998784
-7.320000000000057,345.37001578206537
-7.310000000000057,345.1473173876675
-7.3000000000000576,345.07598341796887
-7.290000000000058,344.9172493407969
-7.280000000000058,344.6234503420717
-7.270000000000058,344.6226096217678
-7.260000000000058,344.4208711506759
-7.250000000000059,344.1031034356795
-7.240000000000059,344.14467085355244
-7.230000000000059,343.9981987670106
-7.220000000000059,343.8450881011139
-7.2100000000000595,343.67844654604926
-7.20000000000006,343.318148837875
-7.19000000000006,343.0913817547809
-7.18000000000006,343.25750232057374
-7.17000000000006,342.8113119841959
-7.1600000000000605,342.6158284259578
-7.150000000000061,342.6423167996146
-7.140000000000061,342.23805637671705
-7.130000000000061,341.71651882528863
-7.120000000000061,341.5340228162489
-7.110000000000062,341.4002602671073
-7.100000000000062,341.29101086762137
-7.090000000000062,341.1476520190471
-7.080000000000062,341.1044476529595
-7.0700000000000625,340.90841611174955
-7.060000000000063,340.54334076911783
-7.050000000000063,340.2506443586681
-7.040000000000063,340.048163261561
-7.030000000000063,339.8568750821379
-7.0200000000000635,339.357990485248
-7.010000000000064,339.5006597293919
-7.000000000000064,339.28037415115693
-6.990000000000064,339.14056603076557
-6.980000000000064,339.1297014792007
-6.970000000000065,338.81292581607454
-6.960000000000065,338.8433198671218
-6.950000000000065,338.77537940596625
-6.940000000000065,338.8090902797869
-6.930000000000065,338.71614864584484
-6.920000000000066,338.4639052315967
-6.910000000000066,338.0722873781861
-6.900000000000066,337.780479195726
-6.890000000000066,337.82624513407836
-6.8800000000000665,337.82004029008664
-6.870000000000067,338.0173065445085
-6.860000000000067,337.91447533155554
-6.850000000000067,337.8782685276992
-6.840000000000067,337.6326570290053
-6.830000000000068,337.61973747875106
-6.820000000000068,337.57053238547485
-6.810000000000068,337.3520064898739
-6.800000000000068,337.34502671754535
-6.790000000000068,336.97895544886256
-6.780000000000069,336.96127667927243
-6.770000000000069,336.7643913111745
-6.760000000000069,336.621262608783
-6.750000000000069,336.54037273072265
-6.7400000000000695,336.1440818673383
-6.73000000000007,335.94579578410537
-6.72000000000007,335.64202521950284
-6.71000000000007,335.7681312294814
-6.70000000000007,335.5213864708839
-6.690000000000071,335.26135883359063
-6.680000000000071,334.9417780170478
-6.670000000000071,334.7790630649917
-6.660000000000071,335.0205464786153
-6.650000000000071,334.8580836837431
-6.640000000000072,334.761522944632
-6.630000000000072,334.9135298409719
-6.620000000000072,334.5580477105827
-6.610000000000072,334.3694977638204
-6.6000000000000725,334.26543785578474
-6.590000000000073,334.3157990926356
-6.580000000000073,334.2335164599282
-6.570000000000073,333.9605058295438
-6.560000000000073,333.9345702447335
-6.5500000000000735,333.6482067123963
-6.540000000000074,333.49206596632973
-6.530000000000074,333.5047297380937
-6.520000000000074,333.62614735431885
-6.510000000000074,333.3492456312239
-6.500000000000075,333.3041059059044
-6.490000000000075,333.03554460224825
-6.480000000000075,333.0041153371206
-6.470000000000075,333.10675683298535
-6.4600000000000755,332.77879938273594
-6.450000000000076,332.7495978293387
-6.440000000000076,332.78139650818895
-6.430000000000076,332.542623028995
-6.420000000000076,332.438702039732
-6.4100000000000765,332.3596409863317
-6.400000000000077,332.3168283494519
-6.390000000000077,332.1337845798097
-6.380000000000077,331.87159910892046
-6.370000000000077,331.78615514966356
-6.360000000000078,331.66612520338
-6.350000000000078,331.5834344476016
-6.340000000000078,331.3555752671104
-6.330000000000078,331.11963135922707
-6.320000000000078,331.0207516578628
-6.310000000000079,330.95473823594045
-6.300000000000079,331.139995180277
-6.290000000000079,330.74382243814057
-6.280000000000079,330.83225221215355
-6.2700000000000795,330.6537794605996
-6.26000000000008,330.5775266066206
-6.25000000000008,330.6731768478655
-6.24000000000008,330.75614456684696
-6.23000000000008,330.43027081723113
-6.220000000000081,330.3395705568385
-6.210000000000081,330.3555515147185
-6.200000000000081,330.30491548473054
-6.190000000000081,330.10052332686183
-6.180000000000081,330.02607520933526
-6.170000000000082,329.80020964251474
-6.160000000000082,329.6966947820672
-6.150000000000082,329.57645600295206
-6.140000000000082,329.5234877850615
-6.1300000000000825,329.270174931509
-6.120000000000083,329.42227368256994
-6.110000000000083,329.4410299785578
-6.100000000000083,329.686207532103
-6.090000000000083,329.50909009979966
-6.080000000000084,329.5995291899401
-6.070000000000084,329.69251667778525
-6.060000000000084,329.4504932106282
-6.050000000000084,329.40801491170805
-6.040000000000084,329.4382533421029
-6.030000000000085,329.3394535755561
-6.020000000000085,329.07170462742556
-6.010000000000085,329.17458750910214
-6.000000000000085,329.2886876111027
-5.9900000000000855,329.4832368170041
-5.980000000000086,329.3560401880911
-5.970000000000086,329.0662933520872
-5.960000000000086,329.13302974344515
-5.950000000000086,328.9253330482018
-5.9400000000000865,328.69744249074245
-5.930000000000087,328.88305613858256
-5.920000000000087,328.5200932380443
-5.910000000000087,328.5552978731278
-5.900000000000087,328.57454370046116
-5.890000000000088,328.3618208328923
-5.880000000000088,328.24928300061146
-5.870000000000088,328.2260089475609
-5.860000000000088,328.21475254861315
-5.8500000000000885,328.2343829564985
-5.840000000000089,328.4283298953657
-5.830000000000089,328.39005468984715
-5.820000000000089,328.34608302863995
-5.810000000000089,328.210226124937
-5.8000000000000895,328.2300007403048
-5.79000000000009,328.1104281063719
-5.78000000000009,328.00490592469095
-5.77000000000009,328.0525187089834
-5.76000000000009,327.9796489172177
-5.750000000000091,328.0767529900047
-5.740000000000091,327.82952873357993
-5.730000000000091,327.6361500104117
-5.720000000000091,327.5516629046764
-5.7100000000000914,327.4792134220609
-5.700000000000092,327.43901352838355
-5.690000000000092,327.18617158686436
-5.680000000000092,327.0391338253631
-5.670000000000092,327.20739235758094
-5.6600000000000925,327.09360829853176
-5.650000000000093,327.14691154376777
-5.640000000000093,327.19116103286603
-5.630000000000093,327.22094518675163
-5.620000000000093,326.9129332709999
-5.610000000000094,327.12901252241807
-5.600000000000094,326.80543871199336
-5.590000000000094,326.66537424639114
-5.580000000000094,326.78496227538346
-5.570000000000094,326.8646859757164
-5.560000000000095,326.799653054374
-5.550000000000095,326.828672510492
-5.540000000000095,326.92845585042676
-5.530000000000095,326.8623205429109
-5.5200000000000955,326.99483291640524
-5.510000000000096,327.0143964924663
-5.500000000000096,326.9852664836933
-5.490000000000096,326.8275710717558
-5.480000000000096,326.7257467442661
-5.470000000000097,326.679072350491
-5.460000000000097,326.73789155516505
-5.450000000000097,326.5073864782534
-5.440000000000097,326.43501303050556
-5.430000000000097,326.3109566430448
-5.420000000000098,326.33388696125553
-5.410000000000098,326.309229791817
-5.400000000000098,326.4321490100685
-5.390000000000098,326.1833174768847
-5.3800000000000985,325.990639332287
-5.370000000000099,325.78415377167704
-5.360000000000099,325.90832971195425
-5.350000000000099,325.8887978087787
-5.340000000000099,325.8394711371605
-5.3300000000000995,325.6056182650601
-5.3200000000001,325.57922576680664
-5.3100000000001,325.8048261154768
-5.3000000000001,325.54065536179564
-5.2900000000001,325.64368913690237
-5.280000000000101,325.7038579171125
-5.270000000000101,325.8344254929934
-5.260000000000101,325.6693786072934
-5.250000000000101,325.7807013843857
-5.2400000000001015,325.6310670708256
-5.230000000000102,325.67613087077456
-5.220000000000102,325.7380840074725
-5.210000000000102,325.83674250944426
-5.200000000000102,325.8257315996734
-5.1900000000001025,325.71826413708027
-5.180000000000103,325.6339771229023
-5.170000000000103,325.77399138182847
-5.160000000000103,325.899320955082
-5.150000000000103,325.98919402547125
-5.140000000000104,326.00013003671836
-5.130000000000104,325.97049738906657
-5.120000000000104,326.0762889323313
-5.110000000000104,326.0232598424036
-5.1000000000001044,326.2085520581304
-5.090000000000105,326.35829842524413
-5.080000000000105,326.30389982579396
-5.070000000000105,326.09279561779493
-5.060000000000105,326.29471536759326
-5.0500000000001055,326.5909337950222
-5.040000000000106,326.69740567423645
-5.030000000000106,326.91551763155616
-5.020000000000106,326.743392783409
-5.010000000000106,326.6886464234667
-5.000000000000107,326.59649094692384
-4.990000000000107,326.66554329993176
-4.980000000000107,326.79660124026304
-4.970000000000107,326.9534663258522
-4.960000000000107,327.21018982000544
-4.950000000000108,327.4324318295908
-4.940000000000108,327.5952941217381
-4.930000000000108,327.6456870911712
-4.920000000000108,327.8173048490957
-4.9100000000001085,327.8984116234129
-4.900000000000109,328.10324546984225
-4.890000000000109,328.2113605470357
-4.880000000000109,328.15835736214683
-4.870000000000109,328.05914730009334
-4.86000000000011,328.12342446857485
-4.85000000000011,328.1998028566546
-4.84000000000011,328.31641757491013
-4.83000000000011,328.4430367649932
-4.82000000000011,328.36424175428294
-4.810000000000111,328.32175851429884
-4.800000000000111,328.39774494714095
-4.790000000000111,328.33177029397075
-4.780000000000111,328.56205410390015
-4.7700000000001115,328.49404289587864
-4.760000000000112,328.6372875081394
-4.750000000000112,328.70382929199013
-4.740000000000112,328.9074636220048
-4.730000000000112,328.9564140436272
-4.7200000000001125,328.9164435967404
-4.710000000000113,329.1627912322125
-4.700000000000113,329.1286087936214
-4.690000000000113,329.3079820919798
-4.680000000000113,329.62425802429635
-4.670000000000114,329.5239274989856
-4.660000000000114,329.8079189809957
-4.650000000000114,329.8719722601144
-4.640000000000114,329.90767259226106
-4.6300000000001145,329.92981768656506
-4.620000000000115,330.00974975511883
-4.610000000000115,329.95186196892246
-4.600000000000115,330.13898162559434
-4.590000000000115,329.97535738816373
-4.5800000000001155,330.00803612579875
-4.570000000000116,329.9752526290253
-4.560000000000116,330.0818767473263
-4.550000000000116,330.2302225362332
-4.540000000000116,330.26364532686716
-4.530000000000117,330.4747339803303
-4.520000000000117,330.5498455339468
-4.510000000000117,330.4357258496158
-4.500000000000117,330.2329694195646
-4.4900000000001175,330.026001654159
-4.480000000000118,330.08675264124986
-4.470000000000118,330.35592805221097
-4.460000000000118,330.5176128051017
-4.450000000000118,330.65274344700015
-4.4400000000001185,330.55198673815454
-4.430000000000119,330.4899227706447
-4.420000000000119,330.5754238102879
-4.410000000000119,330.496786509443
-4.400000000000119,330.5815766453327
-4.39000000000012,330.8372078671538
-4.38000000000012,330.9852921236507
-4.37000000000012,330.96876190008635
-4.36000000000012,330.77282227883677
-4.35000000000012,330.7745773905415
-4.340000000000121,330.5961648420752
-4.330000000000121,330.8233644674519
-4.320000000000121,330.89825055270126
-4.310000000000121,331.094216775574
-4.3000000000001215,331.02675641746816
-4.290000000000122,331.06608415889076
-4.280000000000122,331.03736750261953
-4.270000000000122,331.3160798494924
-4.260000000000122,331.2126994875121
-4.250000000000123,331.26278308125325
-4.240000000000123,331.12117410123284
-4.230000000000123,331.032050634011
-4.220000000000123,331.1492300608445
-4.210000000000123,331.1513509866578
-4.200000000000124,331.4302749259782
-4.190000000000124,331.2399660771657
-4.180000000000124,331.3724482796511
-4.170000000000124,331.58996275703134
-4.1600000000001245,331.47236431238275
-4.150000000000125,331.6907507527512
-4.140000000000125,331.6860351808992
-4.130000000000125,331.82661013067286
-4.120000000000125,331.95474602717553
-4.1100000000001256,331.99531751713226
-4.100000000000126,331.948943736463
-4.090000000000126,332.08510958919885
-4.080000000000126,332.23925840742857
-4.070000000000126,332.4764637185422
-4.060000000000127,332.6643541048807
-4.050000000000127,332.7243943480887
-4.040000000000127,332.722725124542
-4.030000000000127,332.70647083099914
-4.0200000000001275,332.8402784529984
-4.010000000000128,332.97017084182215
-4.000000000000128,332.9645974510605
-3.990000000000128,332.8885600194243
-3.9800000000001283,332.94013845523574
-3.9700000000001285,333.0981361603021
-3.9600000000001288,333.09254630308146
-3.950000000000129,333.1838611257144
-3.940000000000129,333.1601590554525
-3.9300000000001294,332.97882686165696
-3.9200000000001296,333.1092965291115
-3.91000000000013,333.31340778942416
-3.90000000000013,333.6011803412587
-3.8900000000001302,333.6888985255035
-3.8800000000001305,333.8321100578796
-3.8700000000001307,333.80049826887995
-3.860000000000131,334.1095560273402
-3.850000000000131,334.21563061472216
-3.8400000000001313,334.1465056659491
-3.8300000000001315,334.3079127863595
-3.8200000000001317,334.37463063336634
-3.810000000000132,334.57601172065205
-3.800000000000132,334.48557776461723
-3.7900000000001324,334.8037694369427
-3.7800000000001326,334.87568442240064
-3.770000000000133,335.2085905404547
-3.760000000000133,335.318771553288
-3.7500000000001332,335.3214853953608
-3.7400000000001334,335.55415525650636
-3.7300000000001337,335.5852894199998
-3.720000000000134,335.6153536056997
-3.710000000000134,335.99463163269814
-3.7000000000001343,336.2074638679056
-3.6900000000001345,336.4736876846459
-3.6800000000001347,336.77244012310274
-3.670000000000135,336.8807899713692
-3.660000000000135,337.02276911196105
-3.6500000000001354,337.04852435075384
-3.6400000000001356,337.21562687095786
-3.630000000000136,337.387780440944
-3.620000000000136,337.3791459431447
-3.610000000000136,337.42639199447257
-3.6000000000001364,337.31140304223715
-3.5900000000001366,337.2692697707512
-3.580000000000137,337.4962506652881
-3.570000000000137,337.53745392025587
-3.5600000000001373,337.666446067126
-3.5500000000001375,337.76320890232597
-3.5400000000001377,337.98787963337924
-3.530000000000138,337.9768442216748
-3.520000000000138,337.87187205366064
-3.5100000000001383,337.83950247104235
-3.5000000000001386,337.9308618588291
-3.4900000000001388,338.07726657996557
-3.480000000000139,338.07256067464454
-3.470000000000139,338.16050190595223
-3.4600000000001394,338.4027135430668
-3.4500000000001396,338.6312869963793
-3.44000000000014,338.7689698910577
-3.43000000000014,338.8757645139626
-3.4200000000001403,339.0044508555839
-3.4100000000001405,339.05393838192964
-3.4000000000001407,339.1418664932215
-3.390000000000141,339.29174564198235
-3.380000000000141,339.48490498904874
-3.3700000000001413,339.42384263467613
-3.3600000000001415,339.61202865398116
-3.3500000000001418,339.81685451303207
-3.340000000000142,339.7599207956967
-3.330000000000142,339.9501268093353
-3.3200000000001424,340.14383923945036
-3.3100000000001426,340.2701029008814
-3.300000000000143,340.4138620150674
-3.290000000000143,340.4176279892441
-3.2800000000001432,340.6114686837005
-3.2700000000001435,340.7122417511574
-3.2600000000001437,340.96219622374844
-3.250000000000144,340.92743602008676
-3.240000000000144,340.780758388474
-3.2300000000001443,340.70498487655226
-3.2200000000001445,340.65043652573524
-3.2100000000001447,340.7575096810944
-3.200000000000145,340.7773912267543
-3.190000000000145,340.7143871893241
-3.1800000000001454,340.82950767609555
-3.1700000000001456,340.84431086531396
-3.160000000000146,341.11934016761785
-3.150000000000146,341.2963564458724
-3.1400000000001462,341.4410651861142
-3.1300000000001464,341.34770583298706
-3.1200000000001467,341.39645348272626
-3.110000000000147,341.39694959092327
-3.100000000000147,341.4382119571149
-3.0900000000001473,341.59515592069
-3.0800000000001475,341.73138537462654
-3.0700000000001477,341.81359781058325
-3.060000000000148,341.876672016801
-3.050000000000148,342.19841131510293
-3.0400000000001484,342.5336839814281
-3.0300000000001486,342.6604635545673
-3.020000000000149,342.7691731036484
-3.010000000000149,342.9451374635342
-3.000000000000149,343.12512586301517
-2.9900000000001494,343.27615573700257
-2.9800000000001496,343.1734299087009
-2.97000000000015,343.4071940863928
-2.96000000000015,343.6330073641001
-2.9500000000001503,343.77990269778957
-2.9400000000001505,343.85338262917094
-2.9300000000001507,344.00268740111693
-2.920000000000151,344.220224861045
-2.910000000000151,344.56581430853754
-2.9000000000001513,344.84081115910294
-2.8900000000001516,344.9875691635329
-2.8800000000001518,345.1660459622003
-2.870000000000152,345.3420503582118
-2.860000000000152,345.242214156704
-2.8500000000001524,345.27862968936563
-2.8400000000001526,345.42681250203526
-2.830000000000153,345.587911246274
-2.820000000000153,345.5192601737932
-2.8100000000001533,345.59307901153903
-2.8000000000001535,345.4919098548611
-2.7900000000001537,345.6594884398803
-2.780000000000154,345.7942622942883
-2.770000000000154,346.0890146685069
-2.7600000000001543,346.0247514610613
-2.7500000000001545,346.0348453771039
-2.7400000000001548,346.29242278268003
-2.730000000000155,346.52510959314844
-2.720000000000155,346.6694065392018
-2.7100000000001554,346.5831588720908
-2.7000000000001556,346.682779095388
-2.690000000000156,346.7062415157277
-2.680000000000156,346.7248693579111
-2.6700000000001562,346.84081592934285
-2.6600000000001565,347.19329559227816
-2.6500000000001567,347.3303682572346
-2.640000000000157,347.63275414435475
-2.630000000000157,347.973755620314
-2.6200000000001573,348.2832563398627
-2.6100000000001575,348.4731919892183
-2.6000000000001577,348.60142925840836
-2.590000000000158,348.75628456047866
-2.580000000000158,348.85968029709676
-2.5700000000001584,349.01101496197157
-2.5600000000001586,349.2037120836458
-2.550000000000159,349.24610002274176
-2.540000000000159,349.3424807743295
-2.5300000000001592,349.38436971416985
-2.5200000000001594,349.66936308418434
-2.5100000000001597,349.86347493224815
-2.50000000000016,350.0461683789095
-2.49000000000016,350.3359699672288
-2.4800000000001603,350.58588367009156
-2.4700000000001605,350.90478808794063
-2.4600000000001607,351.192461886951
-2.450000000000161,351.220299539377
-2.440000000000161,351.13673970932894
-2.4300000000001614,351.17630632239036
-2.4200000000001616,351.3719640639218
-2.410000000000162,351.69996021137496
-2.400000000000162,351.83926662239156
-2.390000000000162,352.1271017929252
-2.3800000000001624,352.1214094437186
-2.3700000000001626,352.36354684739035
-2.360000000000163,352.6224883726711
-2.350000000000163,352.7814021804142
-2.3400000000001633,352.9160684142145
-2.3300000000001635,353.25135349434794
-2.3200000000001637,353.6306365202719
-2.310000000000164,353.80988147821085
-2.300000000000164,353.93419344927975
-2.2900000000001643,354.11683252652534
-2.2800000000001646,354.46240181211374
-2.2700000000001648,354.36330750552514
-2.260000000000165,354.60715672063316
-2.250000000000165,354.53267641016686
-2.2400000000001654,354.6520856568551
-2.2300000000001656,354.8342264853502
-2.220000000000166,355.02722847222515
-2.210000000000166,355.087923370197
-2.2000000000001663,355.3530279524076
-2.1900000000001665,355.7478181158557
-2.1800000000001667,355.65317070365535
-2.170000000000167,355.84506981942764
-2.160000000000167,356.00826121877776
-2.1500000000001673,356.0302027184216
-2.1400000000001675,356.1483095343675
-2.1300000000001678,356.1257973513116
-2.120000000000168,356.4045366591909
-2.110000000000168,356.3701189401717
-2.1000000000001684,356.6965350178526
-2.0900000000001686,356.8426269107309
-2.080000000000169,357.03265250046763
-2.070000000000169,357.11565312006167
-2.0600000000001693,357.27092652021577
-2.0500000000001695,357.6467949748369
-2.0400000000001697,357.74637789139325
-2.03000000000017,357.8522340069803
-2.02000000000017,357.9157378604077
-2.0100000000001703,357.9774434229111
-2.0000000000001705,358.33422732522695
-1.9900000000001705,358.4756398834577
-1.9800000000001705,358.61725464376144
-1.9700000000001705,358.74023537008657
-1.9600000000001705,358.7331272443689
-1.9500000000001705,359.0800289477552
-1.9400000000001705,359.2969191042108
-1.9300000000001705,359.46028331761966
-1.9200000000001705,359.6899514469882
-1.9100000000001705,359.89436182782504
-1.9000000000001704,360.17301763440423
-1.8900000000001704,360.2004903378924
-1.8800000000001704,360.25404604440405
-1.8700000000001704,360.5522591756842
-1.8600000000001704,360.8063133419227
-1.8500000000001704,360.84547355715546
-1.8400000000001704,360.9300783663884
-1.8300000000001704,361.2945417203981
-1.8200000000001704,361.40147032026135
-1.8100000000001704,361.7555246121121
-1.8000000000001704,361.94497617992505
-1.7900000000001703,362.342608899139
-1.7800000000001703,362.46024845407123
-1.7700000000001703,362.8601467484645
-1.7600000000001703,362.97764512206095
-1.7500000000001703,363.22389801721516
-1.7400000000001703,363.332734739761
-1.7300000000001703,363.5149611543358
-1.7200000000001703,363.48343555911146
-1.7100000000001703,363.8015698684454
-1.7000000000001703,364.03051296026837
-1.6900000000001703,364.04392422030156
-1.6800000000001702,364.12848908647715
-1.6700000000001702,364.3696691250431
-1.6600000000001702,364.7766427037529
-1.6500000000001702,364.9644217568344
-1.6400000000001702,364.9318094075042
-1.6300000000001702,365.2059665860866
-1.6200000000001702,365.4731219728713
-1.6100000000001702,365.66890521152646
-1.6000000000001702,365.8437796860747
-1.5900000000001702,365.9733459870981
-1.5800000000001702,366.1483169340269
-1.5700000000001701,366.48117283565864
-1.5600000000001701,366.7196641377284
-1.5500000000001701,366.98109781060015
-1.5400000000001701,367.263716993571
-1.5300000000001701,367.6515206785933
-1.52000000000017,367.7530932472018
-1.51000000000017,368.0606716691798
-1.50000000000017,368.2324133918911
-1.49000000000017,368.4145138408594
-1.48000000000017,368.4454473699687
-1.47000000000017,368.4365374516701
-1.46000000000017,368.73452356246895
-1.45000000000017,368.9146404831551
-1.44000000000017,369.1517181980495
-1.43000000000017,369.5762684741913
-1.42000000000017,369.8080494596704
-1.41000000000017,369.96005491447414
-1.40000000000017,370.0330326455823
-1.39000000000017,370.336180006309
-1.38000000000017,370.3900992755911
-1.37000000000017,370.46856375561237
-1.36000000000017,370.63932772375614
-1.35000000000017,370.7054279960103
-1.34000000000017,371.1428165875003
-1.33000000000017,371.59457936428754
-1.32000000000017,371.70604982894787
-1.31000000000017,372.1031674637712
-1.30000000000017,372.33507898058883
-1.29000000000017,372.58009847704056
-1.28000000000017,372.95530524828615
-1.2700000000001699,373.3093774790629
-1.2600000000001699,373.3023681275555
-1.2500000000001699,373.4869289206731
-1.2400000000001699,373.59927524714584
-1.2300000000001698,373.66077382758465
-1.2200000000001698,373.7123742129392
-1.2100000000001698,373.9155951176658
-1.2000000000001698,374.15505609349105
-1.1900000000001698,374.4772914098347
-1.1800000000001698,374.7234221576719
-1.1700000000001698,374.77991830289767
-1.1600000000001698,375.0161976360833
-1.1500000000001698,375.40380725338036
-1.1400000000001698,375.76782287784755
-1.1300000000001698,375.7752783128813
-1.1200000000001697,375.7676608265949
-1.1100000000001697,376.1660325464727
-1.1000000000001697,376.25808772099646
-1.0900000000001697,376.3832200013037
-1.0800000000001697,376.53749544054546
-1.0700000000001697,376.90879244541105
-1.0600000000001697,377.10743337745845
-1.0500000000001697,377.30321012822355
-1.0400000000001697,377.6389074668214
-1.0300000000001697,377.7703217588892
-1.0200000000001697,378.0899157944064
-1.0100000000001697,378.1961988278322
-1.0000000000001696,378.28728047501687
-0.9900000000001696,378.33170276165447
-0.9800000000001696,378.4327888702846
-0.9700000000001696,378.46877623031844
-0.9600000000001696,378.8481640566079
-0.9500000000001696,378.89225869779546
-0.9400000000001696,379.2634658053944
-0.9300000000001696,379.5920199199559
-0.9200000000001696,379.7310114759011
-0.9100000000001696,379.984658500522
-0.9000000000001696,380.2668270588767
-0.8900000000001695,380.3997135756481
-0.8800000000001695,380.6049839902984
-0.8700000000001695,380.7769697954548
-0.8600000000001695,381.0552960489407
-0.8500000000001695,381.4999336030799
-0.8400000000001695,381.74117604775756
-0.8300000000001695,381.96892683125117
-0.8200000000001695,382.2160279326574
-0.8100000000001695,382.3661119743154
-0.8000000000001695,382.7378040655439
-0.7900000000001695,383.0686811350702
-0.7800000000001694,383.1456618176388
-0.7700000000001694,383.5305238574884
-0.7600000000001694,383.8362879900922
-0.7500000000001694,384.1068313060698
-0.7400000000001694,384.4877930877678
-0.7300000000001694,384.838679870974
-0.7200000000001694,385.10222548252943
-0.7100000000001694,385.3501201873088
-0.7000000000001694,385.75387916652585
-0.6900000000001694,386.1346531587788
-0.6800000000001694,386.3213554244296
-0.6700000000001693,386.6989501161062
-0.6600000000001693,386.962119697153
-0.6500000000001693,387.3499029355286
-0.6400000000001693,387.5779311485062
-0.6300000000001693,387.6545013778665
-0.6200000000001693,388.0225335363383
-0.6100000000001693,388.10814142948516
-0.6000000000001693,388.4188700257475
-0.5900000000001693,388.72283860542274
-0.5800000000001693,388.96479108668126
-0.5700000000001693,389.27396307203315
-0.5600000000001693,389.71660798576056
-0.5500000000001692,389.9731318657115
-0.5400000000001692,390.2031324542986
-0.5300000000001692,390.35922309288907
-0.5200000000001692,390.72209035707283
-0.5100000000001692,390.9937322182043
-0.5000000000001692,391.2714839132862
-0.4900000000001692,391.40327217602555
-0.4800000000001692,391.5985412858521
-0.47000000000016917,391.8230643184986
-0.46000000000016916,391.86979589299733
-0.45000000000016915,392.21251924757786
-0.44000000000016914,392.3898916283538
-0.43000000000016914,392.64425273875577
-0.4200000000001691,392.863726757978
-0.4100000000001691,393.1806467239449
-0.4000000000001691,393.55125661890963
-0.3900000000001691,393.89549647787334
-0.3800000000001691,394.1581328837533
-0.3700000000001691,394.4593710490366
-0.3600000000001691,394.6843299160655
-0.35000000000016906,394.8548833412304
-0.34000000000016906,395.05604455978073
-0.33000000000016905,395.1303965427469
-0.32000000000016904,395.28996692056455
-0.31000000000016903,395.65079640857783
-0.300000000000169,395.7789961364197
-0.290000000000169,396.036450457635
-0.280000000000169,396.22300152690667
-0.270000000000169,396.4212562090612
-0.260000000000169,396.5637453235417
-0.250000000000169,396.7016562105637
-0.24000000000016897,397.002625981158
-0.23000000000016896,397.29828605248076
-0.22000000000016895,397.62624723984317
-0.21000000000016894,397.89266494536724
-0.20000000000016893,398.10578719328146
-0.19000000000016892,398.30480198017204
-0.1800000000001689,398.70138253196995
-0.1700000000001689,398.7541288414295
-0.1600000000001689,399.0765865472018
-0.1500000000001689,399.262492309779
-0.14000000000016888,399.39458296451335
-0.13000000000016887,399.51310940165246
-0.12000000000016887,399.78190694755926
-0.11000000000016888,400.0688342676859
-0.10000000000016888,400.3153485625004
-0.09000000000016889,400.7403970492821
-0.0800000000001689,400.9808798625167
-0.0700000000001689,401.18760840982617
-0.0600000000001689,401.44606556978516
-0.050000000000168895,401.8218002377573
-0.040000000000168894,402.1883077932435
-0.03000000000016889,402.4455998177337
-0.02000000000016889,402.762432573148
-0.01000000000016889,403.0027395253903
-1.6888920817414999E-13,403.3472015862598
0.009999999999831111,403.4557695056535
0.01999999999983111,403.5562953895234
0.029999999999831113,403.65818723054844
0.039999999999831115,403.8112240217407
0.04999999999983112,403.93013066848783
0.05999999999983112,404.06857264828625
0.06999999999983111,404.1982613664422
0.07999999999983111,404.19543637937915
0.0899999999998311,404.1608191002152
0.0999999999998311,404.13814316076525
0.1099999999998311,404.0976386737078
0.11999999999983109,404.22640447444167
0.12999999999983108,404.16771023986865
0.1399999999998311,404.20312347844003
0.1499999999998311,404.13470882905716
0.1599999999998311,404.24504996491316
0.16999999999983112,404.18570644087004
0.17999999999983113,404.2114008389415
0.18999999999983114,404.21237873663097
0.19999999999983115,404.24300905885104
0.20999999999983116,404.2402917046635
0.21999999999983116,404.2424401945297
0.22999999999983117,404.1892231021859
0.23999999999983118,404.29509857310063
0.2499999999998312,404.45423461422047
0.2599999999998312,404.61551386486144
0.2699999999998312,404.76391851486005
0.2799999999998312,404.9492600298133
0.2899999999998312,405.06367852836047
0.29999999999983123,405.2410984623603
0.30999999999983124,405.2703695763658
0.31999999999983125,405.44396832173436
0.32999999999983126,405.3988477728983
0.33999999999983127,405.47368243782785
0.3499999999998313,405.55846859682384
0.3599999999998313,405.6274479016924
0.3699999999998313,405.74840813433286
0.3799999999998313,405.77803753203966
0.3899999999998313,405.94977594142523
0.3999999999998313,405.9401417365368
0.40999999999983133,405.9243381553577
0.41999999999983134,405.86522207654406
0.42999999999983135,405.953422861507
0.43999999999983136,405.96048811524986
0.44999999999983137,406.0518403485658
0.4599999999998314,406.1507074820995
0.4699999999998314,406.23105332436745
0.4799999999998314,406.2750563096813
0.4899999999998314,406.32815519768275
0.4999999999998314,406.4407916778094
0.5099999999998314,406.5087212739466
0.5199999999998314,406.5540759183049
0.5299999999998314,406.56639423133987
0.5399999999998314,406.66374105616455
0.5499999999998314,406.83670592391996
0.5599999999998314,406.87542826190065
0.5699999999998314,406.96582499391565
0.5799999999998314,407.10321776712584
0.5899999999998314,407.05128483634803
0.5999999999998314,407.20739683409045
0.6099999999998315,407.22553846960204
0.6199999999998315,407.328188610334
0.6299999999998315,407.37989097495006
0.6399999999998315,407.49330147254
0.6499999999998315,407.6057918278121
0.6599999999998315,407.66415796272213
0.6699999999998315,407.69618828159753
0.6799999999998315,407.83818747873755
0.6899999999998315,407.88822780840434
0.6999999999998315,408.0366200574857
0.7099999999998315,407.9905427535939
0.7199999999998316,408.15848791656117
0.7299999999998316,408.2197027425929
0.7399999999998316,408.2691239065949
0.7499999999998316,408.44526699538494
0.7599999999998316,408.5847448653506
0.7699999999998316,408.67773407883243
0.7799999999998316,408.79073652996004
0.7899999999998316,408.97671344575326
0.7999999999998316,408.9413354990836
0.8099999999998316,409.09494002929387
0.8199999999998316,409.1136028951095
0.8299999999998317,409.0619367226908
0.8399999999998317,409.10146946407343
0.8499999999998317,409.1881022888212
0.8599999999998317,409.2301909593257
0.8699999999998317,409.41455668761677
0.8799999999998317,409.578323671851
0.8899999999998317,409.6441947807142
0.8999999999998317,409.74738640923385
0.9099999999998317,409.9473494018206
0.9199999999998317,409.97345433660945
0.9299999999998317,410.14108177430126
0.9399999999998317,410.1501876455092
0.9499999999998318,410.3608089578622
0.9599999999998318,410.35184709949
0.9699999999998318,410.5455895440296
0.9799999999998318,410.6527486886143
0.9899999999998318,410.82439435547724
0.9999999999998318,410.8425518373621
1.0099999999998317,410.8941862004295
1.0199999999998317,411.0352911218623
1.0299999999998317,411.1176860321491
1.0399999999998317,411.1104688328915
1.0499999999998317,411.2857565929897
1.0599999999998317,411.38004836419896
1.0699999999998318,411.54843084417735
1.0799999999998318,411.5265260362153
1.0899999999998318,411.5853658790062
1.0999999999998318,411.76217795842115
1.1099999999998318,411.794164392275
1.1199999999998318,411.91810067086215
1.1299999999998318,411.9437543287785
1.1399999999998318,412.12858250022174
1.1499999999998318,412.1583394552857
1.1599999999998318,412.3359004059064
1.1699999999998318,412.3102108419953
1.1799999999998319,412.2961265000572
1.1899999999998319,412.4476227545711
1.1999999999998319,412.4997302406884
1.2099999999998319,412.59844284919353
1.2199999999998319,412.79428089474095
1.229999999999832,412.844864981248
1.239999999999832,413.0595587128881
1.249999999999832,413.1300761226559
1.259999999999832,413.28012875454954
1.269999999999832,413.4049226594952
1.279999999999832,413.4310270984192
1.289999999999832,413.41575871416893
1.299999999999832,413.47143835936436
1.309999999999832,413.49525526913743
1.319999999999832,413.5948970565566
1.329999999999832,413.8165428404187
1.339999999999832,413.8808052355197
1.349999999999832,414.0675426199704
1.359999999999832,414.1007577248262
1.369999999999832,414.28678210649235
1.379999999999832,414.36428358170195
1.389999999999832,414.3315619079545
1.399999999999832,414.43937429389246
1.409999999999832,414.5741432537166
1.419999999999832,414.6509948645381
1.429999999999832,414.6465654365608
1.439999999999832,414.68231026412604
1.449999999999832,414.756453346666
1.459999999999832,414.9008429190475
1.469999999999832,414.92645571577515
1.4799999999998321,414.96068507840846
1.4899999999998321,415.0142163779261
1.4999999999998321,415.0949452378874
1.5099999999998321,415.16176284533304
1.5199999999998322,415.2482275327275
1.5299999999998322,415.2250089972193
1.5399999999998322,415.2971985540472
1.5499999999998322,415.496558274952
1.5599999999998322,415.6390082910172
1.5699999999998322,415.8383791536418
1.5799999999998322,415.86355694887044
1.5899999999998322,415.89086620142086
1.5999999999998322,416.0867991372233
1.6099999999998322,416.15108098194463
1.6199999999998322,416.11739584865836
1.6299999999998322,416.1509864347573
1.6399999999998323,416.3285819224645
1.6499999999998323,416.4489699293483
1.6599999999998323,416.522098028947
1.6699999999998323,416.508405256916
1.6799999999998323,416.58254250661247
1.6899999999998323,416.7379022868142
1.6999999999998323,416.8931598187621
1.7099999999998323,416.9291445141814
1.7199999999998323,417.010844557716
1.7299999999998323,417.02386075313353
1.7399999999998323,417.0246086417616
1.7499999999998324,417.0877787821224
1.7599999999998324,417.06649124331193
1.7699999999998324,417.1385859298901
1.7799999999998324,417.15171174116387
1.7899999999998324,417.2305860066339
1.7999999999998324,417.35034771426945
1.8099999999998324,417.42877453821336
1.8199999999998324,417.5657719230518
1.8299999999998324,417.6375048327912
1.8399999999998324,417.72373637971776
1.8499999999998324,417.8565755189912
1.8599999999998325,418.02944264236106
1.8699999999998325,418.10200796593807
1.8799999999998325,418.10370249668
1.8899999999998325,418.31812333889945
1.8999999999998325,418.49339968626015
1.9099999999998325,418.5520470846097
1.9199999999998325,418.69422381325256
1.9299999999998325,418.6980203943883
1.9399999999998325,418.77256286079705
1.9499999999998325,418.82744493780973
1.9599999999998325,418.95820512299207
1.9699999999998326,419.12962987097086
1.9799999999998326,419.20633141320076
1.9899999999998326,419.4002155498784
1.9999999999998326,419.48556413687163
2.0099999999998324,419.639589466333
2.019999999999832,419.6590634743902
2.029999999999832,419.7796123271204
2.0399999999998317,419.9800167235653
2.0499999999998315,420.05051758367586
2.0599999999998313,420.27225342415034
2.069999999999831,420.41215355458473
2.079999999999831,420.5648204231636
2.0899999999998307,420.5691422643353
2.0999999999998304,420.75662620506
2.1099999999998302,420.7826035340926
2.11999999999983,420.99113718427344
2.12999999999983,421.01132957296124
2.1399999999998296,421.0845133961269
2.1499999999998294,421.0556201862259
2.159999999999829,421.073638856689
2.169999999999829,421.1562719168273
2.1799999999998287,421.18442714411685
2.1899999999998285,421.19448268472615
2.1999999999998283,421.37727490341234
2.209999999999828,421.44854433900827
2.219999999999828,421.6749518466448
2.2299999999998277,421.70741366822784
2.2399999999998275,421.88767064121225
2.2499999999998272,421.91068885035844
2.259999999999827,422.07065681363616
2.269999999999827,422.2712510674517
2.2799999999998266,422.40545710108694
2.2899999999998264,422.51277891540065
2.299999999999826,422.71192508802375
2.309999999999826,422.8334167086094
2.3199999999998258,422.984232165582
2.3299999999998255,423.01847066321164
2.3399999999998253,423.20561035807066
2.349999999999825,423.29942882536494
2.359999999999825,423.38049453789966
2.3699999999998247,423.45209934920626
2.3799999999998245,423.6218300762069
2.3899999999998243,423.71784258635444
2.399999999999824,423.7337406678526
2.409999999999824,423.8734873130696
2.4199999999998236,424.0159118021831
2.4299999999998234,424.00339588787523
2.439999999999823,424.0383608819961
2.449999999999823,424.17893043074105
2.4599999999998228,424.30033692743086
2.4699999999998226,424.41254575464865
2.4799999999998223,424.62008111703966
2.489999999999822,424.7306941853785
2.499999999999822,424.8222516552738
2.5099999999998217,424.80426288221156
2.5199999999998215,424.8701802571959
2.5299999999998213,424.9776705168521
2.539999999999821,425.1317867514648
2.549999999999821,425.17356460185175
2.5599999999998206,425.3094485547334
2.5699999999998204,425.5609386793205
2.57999999999982,425.55594094746726
2.58999999999982,425.62332982467115
2.59999999999982,425.65364988954934
2.6099999999998196,425.7699902922315
2.6199999999998194,425.91164641321956
2.629999999999819,426.1147709777332
2.639999999999819,426.2291488195437
2.6499999999998187,426.2804751110811
2.6599999999998185,426.2587149419308
2.6699999999998183,426.28701579112794
2.679999999999818,426.5309268636662
2.689999999999818,426.57214083021614
2.6999999999998177,426.5792540789615
2.7099999999998174,426.7013123310109
2.7199999999998172,426.8679970550605
2.729999999999817,426.8411969672801
2.739999999999817,426.853120690581
2.7499999999998166,427.03442316576314
2.7599999999998164,427.1250869795784
2.769999999999816,427.34936505959035
2.779999999999816,427.5552246545924
2.7899999999998157,427.61123586276625
2.7999999999998155,427.7469113696376
2.8099999999998153,427.9931841757273
2.819999999999815,427.9933460015214
2.829999999999815,428.1946057036462
2.8399999999998147,428.3709469999799
2.8499999999998145,428.35140031420997
2.8599999999998142,428.5880580790397
2.869999999999814,428.8473645469853
2.879999999999814,428.9431301532816
2.8899999999998136,429.14562472783433
2.8999999999998134,429.28829572692814
2.909999999999813,429.5061822878035
2.919999999999813,429.60415940084255
2.9299999999998128,429.6804966533565
2.9399999999998125,429.91768632931695
2.9499999999998123,430.03481048750365
2.959999999999812,430.0974197211769
2.969999999999812,430.18624202568776
2.9799999999998117,430.44843866744844
2.9899999999998115,430.44180821152486
2.9999999999998113,430.5039237312077
3.009999999999811,430.5670737417159
3.019999999999811,430.597133929695
3.0299999999998106,430.83274368752905
3.0399999999998104,430.8431743394782
3.04999999999981,430.8262725043923
3.05999999999981,430.8032285713818
3.0699999999998098,430.9108119165775
3.0799999999998096,431.0418861494631
3.0899999999998093,431.2269113452615
3.099999999999809,431.3490302208217
3.109999999999809,431.3929501459192
3.1199999999998087,431.44458649975167
3.1299999999998085,431.4547069037234
3.1399999999998083,431.64926680471575
3.149999999999808,431.6768887320953
3.159999999999808,431.81057365532985
3.1699999999998076,431.9616288456549
3.1799999999998074,432.0704830672287
3.189999999999807,432.1854897584111
3.199999999999807,432.230775655536
3.209999999999807,432.49437099086543
3.2199999999998066,432.6515930912414
3.2299999999998064,432.89707934102887
3.239999999999806,433.0050827431974
3.249999999999806,433.1835945898746
3.2599999999998057,433.4082552153481
3.2699999999998055,433.67271076497707
3.2799999999998053,433.93096032335757
3.289999999999805,433.91055173214573
3.299999999999805,434.13050533721264
3.3099999999998047,434.2369642994207
3.3199999999998044,434.49041932095577
3.3299999999998042,434.53468806181417
3.339999999999804,434.52365787581647
3.349999999999804,434.5451390901328
3.3599999999998036,434.8003578426054
3.3699999999998034,434.7835774461203
3.379999999999803,434.9609167389531
3.389999999999803,435.0039919314234
3.3999999999998027,435.2245915671886
3.4099999999998025,435.3635668543026
3.4199999999998023,435.4011279086256
3.429999999999802,435.62048942459086
3.439999999999802,435.6710526321123
3.4499999999998017,435.908453108076
3.4599999999998015,436.0041865587675
3.4699999999998012,436.0678975005003
3.479999999999801,436.05927930109743
3.489999999999801,436.271413006957
3.4999999999998006,436.40013344055154
3.5099999999998004,436.51362143816544
3.5199999999998,436.59951608570384
3.5299999999998,436.63444013925346
3.5399999999997998,436.8627072456004
3.5499999999997995,436.8328353973028
3.5599999999997993,436.94240091609055
3.569999999999799,437.0641155592819
3.579999999999799,437.09222645386245
3.5899999999997987,437.18003972611706
3.5999999999997985,437.34417858213493
3.6099999999997983,437.5288710571079
3.619999999999798,437.68446180913486
3.629999999999798,437.69363099987316
3.6399999999997976,437.8808660857336
3.6499999999997974,437.9572723697224
3.659999999999797,438.13699935452155
3.669999999999797,438.33351238309046
3.6799999999997968,438.54190388959637
3.6899999999997966,438.59331743669463
3.6999999999997963,438.61121959825715
3.709999999999796,438.88223984933586
3.719999999999796,438.9492325633232
3.7299999999997957,439.13980719525483
3.7399999999997955,439.2816071646246
3.7499999999997953,439.35976446691313
3.759999999999795,439.3373551044403
3.769999999999795,439.53552354839576
3.7799999999997946,439.6083068595809
3.7899999999997944,439.79502583812985
3.799999999999794,439.98395711153245
3.809999999999794,440.0865776566024
3.819999999999794,440.21065175991987
3.8299999999997936,440.3574823842033
3.8399999999997934,440.3970432286187
3.849999999999793,440.56243695928805
3.859999999999793,440.7834725466198
3.8699999999997927,440.9231854179474
3.8799999999997925,440.9763021701264
3.8899999999997923,441.031551967319
3.899999999999792,441.02282846368115
3.909999999999792,441.23610155835837
3.9199999999997917,441.37478705564456
3.9299999999997914,441.4313287757765
3.9399999999997912,441.7010453876066
3.949999999999791,441.82606162217013
3.959999999999791,441.9772960463743
3.9699999999997906,442.18832355802436
3.9799999999997904,442.35034590643147
3.98999999999979,442.32697730693053
3.99999999999979,442.3672063203764
4.00999999999979,442.3619321833201
4.01999999999979,442.55219673964996
4.02999999999979,442.76240203727764
4.0399999999997895,442.9116282319493
4.049999999999789,443.09711803464575
4.059999999999789,443.34000455964116
4.069999999999789,443.3759051136593
4.079999999999789,443.63145608359457
4.0899999999997885,443.65589387180455
4.099999999999788,443.85530106538255
4.109999999999788,444.034145940301
4.119999999999788,444.2842699163229
4.129999999999788,444.49943137773425
4.139999999999787,444.7004775313848
4.149999999999787,444.840054791336
4.159999999999787,444.812084166651
4.169999999999787,444.8226735726488
4.1799999999997866,445.0130712202797
4.189999999999786,445.08259687079976
4.199999999999786,445.0924426615413
4.209999999999786,445.1546982500372
4.219999999999786,445.35477511284
4.2299999999997855,445.45989337223756
4.239999999999785,445.6266174666075
4.249999999999785,445.640434209047
4.259999999999785,445.8838493864154
4.269999999999785,446.1049445249551
4.279999999999784,446.1867943794321
4.289999999999784,446.3892838241679
4.299999999999784,446.5716146580474
4.309999999999784,446.7510409205697
4.319999999999784,446.9006108205
4.329999999999783,446.93470741818703
4.339999999999783,447.1023272980131
4.349999999999783,447.0964068338135
4.359999999999783,447.20706261667885
4.3699999999997825,447.2814326773685
4.379999999999782,447.56261742836887
4.389999999999782,447.5570890250302
4.399999999999782,447.8083204531052
4.409999999999782,448.0314355127458
4.419999999999781,448.1595405125361
4.429999999999781,448.26308912593953
4.439999999999781,448.46247076544694
4.449999999999781,448.6868960366795
4.459999999999781,448.72108841509834
4.46999999999978,448.83811276246405
4.47999999999978,448.96025833128203
4.48999999999978,449.10472478164655
4.49999999999978,449.0931093214034
4.5099999999997795,449.239122032493
4.519999999999779,449.33615655159025
4.529999999999779,449.56313341598093
4.539999999999779,449.6063064031809
4.549999999999779,449.8874512424261
4.5599999999997785,449.94472595482915
4.569999999999778,450.051186596345
4.579999999999778,450.1170803819751
4.589999999999778,450.1775024107999
4.599999999999778,450.2646123372279
4.609999999999777,450.46433674449474
4.619999999999777,450.6460688986664
4.629999999999777,450.8562947148488
4.639999999999777,450.97057564712134
4.6499999999997765,451.2296587948408
4.659999999999776,451.48665295225373
4.669999999999776,451.7721369829352
4.679999999999776,451.97884054277387
4.689999999999776,451.9713579483463
4.6999999999997755,452.21973581951335
4.709999999999775,452.23078152233586
4.719999999999775,452.26595048649864
4.729999999999775,452.4189254743887
4.739999999999775,452.68283154210553
4.749999999999774,452.76293379043943
4.759999999999774,452.95941082572364
4.769999999999774,453.0295719350116
4.779999999999774,453.07520276815677
4.7899999999997736,453.03858360652947
4.799999999999773,453.21115664599637
4.809999999999773,453.46723205668593
4.819999999999773,453.60232409845366
4.829999999999773,453.63548891319766
4.8399999999997725,453.6909426352885
4.849999999999772,453.7327542078002
4.859999999999772,453.7551074726049
4.869999999999772,453.9386098442738
4.879999999999772,453.92742915472604
4.889999999999771,453.9733937518391
4.899999999999771,453.94466342503677
4.909999999999771,454.07921150634803
4.919999999999771,454.11905388070556
4.929999999999771,454.3168206022882
4.93999999999977,454.3181182638486
4.94999999999977,454.2942113504799
4.95999999999977,454.469673886567
4.96999999999977,454.49811386448874
4.9799999999997695,454.7676236190266
4.989999999999769,454.84565823361504
4.999999999999769,455.1211520257761
5.009999999999769,455.13764145308454
5.019999999999769,455.23362396124605
5.029999999999768,455.2839253695484
5.039999999999768,455.3083666754148
5.049999999999768,455.28473913415417
5.059999999999768,455.3619228433407
5.069999999999768,455.3861701632144
5.079999999999767,455.5021435647721
5.089999999999767,455.5541903942467
5.099999999999767,455.59626043315006
5.109999999999767,455.7390386039826
5.1199999999997665,455.83608662604007
5.129999999999766,455.968104288046
5.139999999999766,456.0781971953303
5.149999999999766,456.0870386072579
5.159999999999766,456.2087362301552
5.1699999999997654,456.3104723157901
5.179999999999765,456.4019253147546
5.189999999999765,456.5603037827152
5.199999999999765,456.6780999344524
5.209999999999765,456.9358515250772
5.219999999999764,456.97068853532596
5.229999999999764,457.09653497577045
5.239999999999764,457.23029387471695
5.249999999999764,457.32373545225016
5.2599999999997635,457.27701168256345
5.269999999999763,457.29372071389076
5.279999999999763,457.4911630888814
5.289999999999763,457.4947117639622
5.299999999999763,457.5487772225756
5.3099999999997625,457.54455591670154
5.319999999999762,457.49192829084234
5.329999999999762,457.7344503940665
5.339999999999762,457.7204969645413
5.349999999999762,457.7804448962434
5.359999999999761,458.0336467051835
5.369999999999761,458.18232094345444
5.379999999999761,458.1476591530963
5.389999999999761,458.203710171324
5.3999999999997605,458.32264584308143
5.40999999999976,458.5979091159474
5.41999999999976,458.69354847264265
5.42999999999976,458.83387364052646
5.43999999999976,458.94472320510516
5.4499999999997595,459.04571325426775
5.459999999999759,459.2663116030542
5.469999999999759,459.3609873542027
5.479999999999759,459.3304553094205
5.489999999999759,459.5781081398631
5.499999999999758,459.77804699330204
5.509999999999758,460.0419572361495
5.519999999999758,460.1852510739134
5.529999999999758,460.15596085107245
5.539999999999758,460.2186481886499
5.549999999999757,460.15486202560334
5.559999999999757,460.2890417758879
5.569999999999757,460.39196458601026
5.579999999999757,460.481265281816
5.5899999999997565,460.7476367979418
5.599999999999756,460.97008266705905
5.609999999999756,460.90813262547016
5.619999999999756,461.0038255119936
5.629999999999756,461.11734697744174
5.639999999999755,461.3763916218231
5.649999999999755,461.54257558936973
5.659999999999755,461.7568802269382
5.669999999999755,461.7989307972782
5.679999999999755,462.0266794960335
5.689999999999754,462.151935066124
5.699999999999754,462.3545935021329
5.709999999999754,462.5936031668961
5.719999999999754,462.81899474603506
5.7299999999997535,462.81050101811365
5.739999999999753,462.9197948218528
5.749999999999753,463.086194101454
5.759999999999753,463.31974336834855
5.769999999999753,463.42253432561887
5.7799999999997524,463.59616723350405
5.789999999999752,463.68181615811955
5.799999999999752,463.6205165290143
5.809999999999752,463.8690361103928
5.819999999999752,464.0481400301728
5.829999999999751,463.99535981601315
5.839999999999751,464.19556215455503
5.849999999999751,464.168391995723
5.859999999999751,464.32946909235284
5.8699999999997505,464.4655290051521
5.87999999999975,464.39901324879486
5.88999999999975,464.55956815374503
5.89999999999975,464.622215284443
5.90999999999975,464.6774364921011
5.9199999999997495,464.70753378798616
5.929999999999749,464.77568358407484
5.939999999999749,464.8381715606351
5.949999999999749,464.8047664727129
5.959999999999749,464.95077772062155
5.969999999999748,465.053221052942
5.979999999999748,465.096003768608
5.989999999999748,465.2180864954282
5.999999999999748,465.3984410500996
6.0099999999997475,465.4999647358639
6.019999999999747,465.6036182296286
6.029999999999747,465.53276939728704
6.039999999999747,465.7228347128693
6.049999999999747,465.80402499752864
6.0599999999997465,465.858056804022
6.069999999999746,466.0996173438391
6.079999999999746,466.26462021642004
6.089999999999746,466.34400766575567
6.099999999999746,466.3253529850751
6.109999999999745,466.2864991097634
6.119999999999745,466.2142530744175
6.129999999999745,466.4431244038634
6.139999999999745,466.4286427933332
6.149999999999745,466.64681298895016
6.159999999999744,466.73654194335967
6.169999999999744,466.71741835370807
6.179999999999744,466.66027504268146
6.189999999999744,466.6045429482018
6.1999999999997435,466.7841679405446
6.209999999999743,466.74417441271333
6.219999999999743,466.8086690114048
6.229999999999743,466.73983194881777
6.239999999999743,466.8343845073126
6.249999999999742,466.9922114598582
6.259999999999742,467.05496290021085
6.269999999999742,467.07990281176336
6.279999999999742,467.1881078283331
6.289999999999742,467.10419188510053
6.299999999999741,467.1461524255887
6.309999999999741,467.07619306278906
6.319999999999741,467.04603642048437
6.329999999999741,467.14022550543484
6.3399999999997405,467.1523581447134
6.34999999999974,467.1340170138211
6.35999999999974,467.2499229344088
6.36999999999974,467.2894893890693
6.37999999999974,467.53873965296424
6.389999999999739,467.80247356027803
6.399999999999739,468.05735407959884
6.409999999999739,468.1246207183995
6.419999999999739,468.0326019739916
6.429999999999739,468.0343872388747
6.439999999999738,468.025776665134
6.449999999999738,468.09510623964775
6.459999999999738,468.0912665128163
6.469999999999738,468.324936987884
6.4799999999997375,468.5768093230245
6.489999999999737,468.6605663556665
6.499999999999737,468.8894839273875
6.509999999999737,469.0190850486538
6.519999999999737,469.07580044816234
6.5299999999997365,469.21112950930114
6.539999999999736,469.2681555703773
6.549999999999736,469.31138007597946
6.559999999999736,469.39886035387855
6.569999999999736,469.3060009208311
6.579999999999735,469.5368616811565
6.589999999999735,469.56938026890936
6.599999999999735,469.62936485371307
6.609999999999735,469.8002853381048
6.6199999999997345,469.7049408731543
6.629999999999734,469.8225386845431
6.639999999999734,469.87957544401615
6.649999999999734,469.8871300150981
6.659999999999734,470.0901916163062
6.6699999999997335,470.1084274451924
6.679999999999733,470.12473249771665
6.689999999999733,470.2714798934117
6.699999999999733,470.4489016642248
6.709999999999733,470.52847460129783
6.719999999999732,470.50357787393864
6.729999999999732,470.4187360190895
6.739999999999732,470.43309955778346
6.749999999999732,470.5825222584482
6.759999999999732,470.82960577139283
6.769999999999731,471.0401479415103
6.779999999999731,471.232513054846
6.789999999999731,471.41145937345044
6.799999999999731,471.63335529387507
6.8099999999997305,471.74322921361045
6.81999999999973,471.79223667129423
6.82999999999973,472.0275557376581
6.83999999999973,472.0530406775477
6.84999999999973,472.222081329861
6.859999999999729,472.22816467485677
6.869999999999729,472.39154364559556
6.879999999999729,472.5758779637797
6.889999999999729,472.73728304346025
6.899999999999729,472.9713415679436
6.909999999999728,473.1107851498371
6.919999999999728,473.01991625500904
6.929999999999728,473.0191128011688
6.939999999999728,473.1537843393314
6.9499999999997275,473.0321463935722
6.959999999999727,472.95619869946984
6.969999999999727,473.0260318476893
6.979999999999727,473.00572270302735
6.989999999999727,472.88204597267685
6.999999999999726,472.9457600832937
7.009999999999726,473.0377927427625
7.019999999999726,473.21593699832596
7.029999999999726,473.1469576805386
7.039999999999726,473.1463241113302
7.049999999999725,473.2516961345402
7.059999999999725,473.2675343368686
7.069999999999725,473.30985822116605
7.079999999999725,473.3026310394433
7.0899999999997245,473.163251895023
7.099999999999724,473.1510925345398
7.109999999999724,473.0649160628586
7.119999999999724,473.00994025446977
7.129999999999724,473.0643859186356
7.1399999999997235,473.2493041126616
7.149999999999723,473.3107716206725
7.159999999999723,473.2322330753432
7.169999999999723,473.1172555991132
7.179999999999723,473.27608645907753
7.189999999999722,473.38808976009346
7.199999999999722,473.62161633572885
7.209999999999722,473.62967809702457
7.219999999999722,473.5053963059672
7.2299999999997215,473.35978300918794
7.239999999999721,473.57813905541184
7.249999999999721,473.71296966987035
7.259999999999721,473.7857031881613
7.269999999999721,473.7716394443009
7.2799999999997205,473.9720843725114
7.28999999999972,474.15209555113614
7.29999999999972,474.35446077225555
7.30999999999972,474.48266777405826
7.31999999999972,474.5984767963142
7.329999999999719,474.7790660506127
7.339999999999719,474.65838227012534
7.349999999999719,474.86425444364517
7.359999999999719,474.7457353815164
7.3699999999997186,474.6917856327988
7.379999999999718,474.6114640114195
7.389999999999718,474.4679332570068
7.399999999999718,474.3421657315232
7.409999999999718,474.452820560298
7.4199999999997175,474.5004970185784
7.429999999999717,474.33508635546804
7.439999999999717,474.47126601366074
7.449999999999717,474.68091287854605
7.459999999999717,474.7953995510861
7.469999999999716,474.99599421045286
7.479999999999716,474.97476377966325
7.489999999999716,474.97222989542723
7.499999999999716,475.1571007994942
7.509999999999716,475.0250292941507
7.519999999999715,475.0453757922848
7.529999999999715,474.9100282217756
7.539999999999715,474.7370942458532
7.549999999999715,474.8210807119822
7.5599999999997145,475.0174078515868
7.569999999999714,475.0325326339322
7.579999999999714,475.1013571074984
7.589999999999714,474.9885404013278
7.599999999999714,474.8803966998607
7.609999999999713,474.844200050675
7.619999999999713,474.9991981825298
7.629999999999713,474.8417816679501
7.639999999999713,474.8070193892266
7.649999999999713,474.68882765738067
7.659999999999712,474.7022612323575
7.669999999999712,474.6284891329352
7.679999999999712,474.4520076251885
7.689999999999712,474.39906710183357
7.6999999999997115,474.3554768808764
7.709999999999711,474.4226745974138
7.719999999999711,474.3411473775431
7.729999999999711,474.53735099651817
7.739999999999711,474.41987430476786
7.7499999999997105,474.6223795422916
7.75999999999971,474.8304658914089
7.76999999999971,474.8780911269788
7.77999999999971,475.0365871932827
7.78999999999971,475.20315793971974
7.799999999999709,475.12994719160514
7.809999999999709,474.9661297350885
7.819999999999709,475.15908665660265
7.829999999999709,475.22888635409345
7.8399999999997085,475.17387464851964
7.849999999999708,475.25414280569015
7.859999999999708,475.2119447788613
7.869999999999708,475.2984843916436
7.879999999999708,475.14712706695525
7.8899999999997075,475.2989654691639
7.899999999999707,475.1246512306419
7.909999999999707,475.1978586347202
7.919999999999707,475.3665048631143
7.929999999999707,475.4260902583036
7.939999999999706,475.54061270085555
7.949999999999706,475.3333758995881
7.959999999999706,475.38222024946293
7.969999999999706,475.2763730860039
7.9799999999997056,475.239039097768
7.989999999999705,475.2301271008193
7.999999999999705,475.05234170537506
8.009999999999705,475.04766254841644
8.019999999999705,475.1268749581895
8.029999999999704,475.0376989918391
8.039999999999704,475.2062026965906
8.049999999999704,475.06003192023974
8.059999999999704,475.1569365829274
8.069999999999704,475.13167614066003
8.079999999999703,475.21929564716066
8.089999999999703,475.1156073737734
8.099999999999703,474.9304363110093
8.109999999999703,474.9693393393381
8.119999999999703,475.0541939286085
8.129999999999702,474.85275430013866
8.139999999999702,474.70490405435305
8.149999999999702,474.81171247638144
8.159999999999702,474.96937291271735
8.169999999999702,474.73164861274626
8.179999999999701,474.6944108904881
8.189999999999701,474.5841552766158
8.1999999999997,474.56444540815426
8.2099999999997,474.40395775290455
8.2199999999997,474.3027183987007
8.2299999999997,474.08180256695573
8.2399999999997,473.95361836875827
8.2499999999997,473.7494954929528
8.2599999999997,473.8305850898151
8.2699999999997,473.620324428858
8.2799999999997,473.7416366384642
8.289999999999699,473.5672874704478
8.299999999999699,473.56175718803775
8.309999999999699,473.64950235712956
8.319999999999698,473.57294983824016
8.329999999999698,473.3398574656598
8.339999999999698,473.122378311949
8.349999999999698,472.9845210376789
8.359999999999697,473.1023660364016
8.369999999999697,472.99511180185704
8.379999999999697,472.8137839796162
8.389999999999697,472.95337524334843
8.399999999999697,473.1019712444291
8.409999999999696,472.9433740045606
8.419999999999696,473.03790681134194
8.429999999999696,472.7943923740001
8.439999999999696,472.8026633651635
8.449999999999696,472.6442375684229
8.459999999999695,472.5635120056498
8.469999999999695,472.32177722339935
8.479999999999695,472.2761490529487
8.489999999999695,472.00277274352084
8.499999999999694,472.08299451581655
8.509999999999694,472.13870181624753
8.519999999999694,472.1436647512019
8.529999999999694,472.2684519489589
8.539999999999694,472.2156955852579
8.549999999999693,472.17122904011234
8.559999999999693,472.0457510828462
8.569999999999693,471.78378936984956
8.579999999999693,471.85491653096176
8.589999999999693,471.82885315078164
8.599999999999692,471.76013483301585
8.609999999999692,471.67330333469476
8.619999999999692,471.64244432199445
8.629999999999692,471.6016251045937
8.639999999999691,471.73369851329323
8.649999999999691,471.87482753048704
8.659999999999691,471.5801230625043
8.66999999999969,471.31059938266907
8.67999999999969,471.1723824586694
8.68999999999969,470.9957578762811
8.69999999999969,470.9260441968213
8.70999999999969,470.6303016545874
8.71999999999969,470.4736719978599
8.72999999999969,470.2817064574003
8.73999999999969,470.3604619890298
8.74999999999969,470.4567831656975
8.759999999999689,470.50640807422985
8.769999999999689,470.48839924937215
8.779999999999688,470.55142169384993
8.789999999999688,470.3601507711609
8.799999999999688,470.1402857402105
8.809999999999688,469.874359352757
8.819999999999688,469.5903636876253
8.829999999999687,469.66609603569856
8.839999999999687,469.53131843147804
8.849999999999687,469.2129224214084
8.859999999999687,469.036700418556
8.869999999999687,469.0589875434914
8.879999999999686,469.1532908662857
8.889999999999686,468.8575221433692
8.899999999999686,468.8352598215725
8.909999999999686,468.8808837980624
8.919999999999686,468.8627905901588
8.929999999999685,468.70728268499033
8.939999999999685,468.7489722492107
8.949999999999685,468.69586714694987
8.959999999999685,468.50505769045964
8.969999999999684,468.33668600608564
8.979999999999684,468.16790485793763
8.989999999999684,468.1648359284681
8.999999999999684,468.1972365972082
9.009999999999684,468.2142164244225
9.019999999999683,468.20435992766056
9.029999999999683,468.2430275282098
9.039999999999683,467.94842134752224
9.049999999999683,468.0317560437258
9.059999999999683,467.7308959942399
9.069999999999682,467.4217603568102
9.079999999999682,467.38378305487925
9.089999999999682,467.3148726661725
9.099999999999682,467.2482933197864
9.109999999999681,467.23307520086615
9.119999999999681,467.10059693846335
9.129999999999681,466.8912673968613
9.13999999999968,466.8246835758995
9.14999999999968,466.504601455872
9.15999999999968,466.4736090700887
9.16999999999968,466.1027699431355
9.17999999999968,466.04141622385947
9.18999999999968,466.09933484578943
9.19999999999968,465.7917911075655
9.20999999999968,465.4808978684152
9.21999999999968,465.37448573032975
9.229999999999679,465.1467348121759
9.239999999999679,464.8072060496827
9.249999999999678,464.5184015424572
9.259999999999678,464.16777352979955
9.269999999999678,463.95772388933847
9.279999999999678,463.7382698386389
9.289999999999678,463.57850175396976
9.299999999999677,463.3216587118559
9.309999999999677,463.01764519707257
9.319999999999677,462.90298508657355
9.329999999999677,462.50357715616184
9.339999999999677,462.28106785973625
9.349999999999676,461.98247658224864
9.359999999999676,461.94316568403565
9.369999999999676,461.99280782356306
9.379999999999676,461.7081247754045
9.389999999999675,461.68332162870615
9.399999999999675,461.29847073156907
9.409999999999675,460.9211143752932
9.419999999999675,460.89386336317335
9.429999999999675,460.743306913471
9.439999999999674,460.34992175351107
9.449999999999674,460.1712090121325
9.459999999999674,459.95229635930554
9.469999999999674,459.8770233277127
9.479999999999674,459.57917839559417
9.489999999999673,459.3024308548524
9.499999999999673,459.0691923782532
9.509999999999673,459.1021933773669
9.519999999999673,458.7698623294998
9.529999999999673,458.7542623281907
9.539999999999672,458.7511567107291
9.549999999999672,458.323975784614
9.559999999999672,458.12354602685707
9.569999999999672,457.81860734846407
9.579999999999671,457.48173418358266
9.589999999999671,457.0804878511026
9.599999999999671,456.62533722088733
9.60999999999967,456.2055397224888
9.61999999999967,456.06496571533603
9.62999999999967,455.7296684509468
9.63999999999967,455.57908235333696
9.64999999999967,455.3392094003048
9.65999999999967,455.03198181166357
9.66999999999967,454.97113856449073
9.67999999999967,454.86495486652035
9.689999999999669,454.5035107518085
9.699999999999669,454.30769397403145
9.709999999999669,454.2385607399149
9.719999999999668,454.10758697448466
9.729999999999668,453.96985803191893
9.739999999999668,453.93094549019315
9.749999999999668,453.8057951318772
9.759999999999668,453.5414503843981
9.769999999999667,453.32959547920154
9.779999999999667,453.109297339177
9.789999999999667,452.731987653067
9.799999999999667,452.3348051689422
9.809999999999667,452.08384677428484
9.819999999999666,451.6443877053284
9.829999999999666,451.5826158125239
9.839999999999666,451.18125233701477
9.849999999999666,451.06296790651317
9.859999999999665,451.01934406569274
9.869999999999665,450.7822548388514
9.879999999999665,450.6027504546327
9.889999999999665,450.3100823229585
9.899999999999665,449.82667862129597
9.909999999999664,449.35822783676196
9.919999999999664,449.26139012757034
9.929999999999664,448.98311445091036
9.939999999999664,448.9349951363471
9.949999999999664,448.40249915981457
9.959999999999663,447.9857454656789
9.969999999999663,447.6741877971961
9.979999999999663,447.37725140625776
9.989999999999663,447.08899595449026
9.999999999999662,446.61186813738396
