x,y,y = 5x^2 + 2x + 20,salt range: [1, 500]
-10.000000,760.235149
-9.990000,547.569654
-9.980000,641.380107
-9.970000,194.741974
-9.960000,44.427087
-9.950000,34.442577
-9.940000,773.395091
-9.930000,348.530597
-9.920000,348.400805
-9.910000,674.076970
-9.900000,988.310558
-9.890000,349.172781
-9.880000,426.767143
-9.870000,87.615572
-9.860000,213.221476
-9.850000,560.774279
-9.840000,924.892351
-9.830000,577.214995
-9.820000,883.667558
-9.810000,527.589782
-9.800000,396.122684
-9.790000,380.282556
-9.780000,51.778288
-9.770000,491.684980
-9.760000,547.697830
-9.750000,858.559427
-9.740000,729.882661
-9.730000,-23.597028
-9.720000,51.152859
-9.710000,28.520670
-9.700000,671.585049
-9.690000,401.229000
-9.680000,864.079940
-9.670000,489.798898
-9.660000,341.778229
-9.650000,142.787235
-9.640000,579.499382
-9.630000,594.854186
-9.620000,458.137078
-9.610000,726.078202
-9.600000,921.145596
-9.590000,601.299522
-9.580000,740.284607
-9.570000,396.365020
-9.560000,289.807029
-9.550000,277.571885
-9.540000,175.945671
-9.530000,181.420793
-9.520000,395.240642
-9.510000,606.487979
-9.500000,486.254695
-9.490000,330.607331
-9.480000,684.514404
-9.470000,842.557457
-9.460000,-40.940365
-9.450000,923.580228
-9.440000,862.145144
-9.430000,1.889826
-9.420000,439.370602
-9.410000,197.267710
-9.400000,323.284702
-9.390000,694.797870
-9.380000,718.672429
-9.370000,348.246328
-9.360000,502.878868
-9.350000,659.795107
-9.340000,243.511776
-9.330000,872.925145
-9.320000,-20.893544
-9.310000,642.386611
-9.300000,310.132819
-9.290000,516.712699
-9.280000,793.477676
-9.270000,616.330595
-9.260000,250.656699
-9.250000,626.716997
-9.240000,727.375354
-9.230000,729.682656
-9.220000,93.951043
-9.210000,132.284696
-9.200000,204.963607
-9.190000,273.987511
-9.180000,718.501634
-9.170000,369.035087
-9.160000,842.208680
-9.150000,485.017010
-9.140000,619.980250
-9.130000,559.661648
-9.120000,-48.363148
-9.110000,347.596675
-9.100000,618.773279
-9.090000,111.016982
-9.080000,180.966676
-9.070000,509.903854
-9.060000,299.117399
-9.050000,532.118105
-9.040000,793.488837
-9.030000,510.941197
-9.020000,236.210640
-9.010000,154.377453
-9.000000,592.332316
-8.990000,43.124650
-8.980000,858.605931
-8.970000,1.891958
-8.960000,651.868487
-8.950000,546.128382
-8.940000,795.193810
-8.930000,169.689861
-8.920000,504.715650
-8.910000,652.787166
-8.900000,805.979292
-8.890000,820.777704
-8.880000,722.522367
-8.870000,148.265583
-8.860000,22.272470
-8.850000,386.454711
-8.840000,685.461143
-8.830000,774.100357
-8.820000,179.297555
-8.810000,461.739961
-8.800000,213.426311
-8.790000,599.932695
-8.780000,653.223408
-8.770000,197.156924
-8.760000,668.399166
-8.750000,241.733939
-8.740000,-7.160860
-8.730000,57.916061
-8.720000,-53.816251
-8.710000,57.519529
-8.700000,333.763116
-8.690000,378.618448
-8.680000,858.047411
-8.670000,565.790573
-8.660000,650.352644
-8.650000,306.502753
-8.640000,-56.825245
-8.630000,-70.837877
-8.620000,483.757321
-8.610000,350.441157
-8.600000,325.005908
-8.590000,354.042430
-8.580000,669.400582
-8.570000,737.928916
-8.560000,-96.292796
-8.550000,649.622296
-8.540000,279.562329
-8.530000,249.126822
-8.520000,171.782790
-8.510000,-75.531275
-8.500000,572.540568
-8.490000,724.105342
-8.480000,154.454010
-8.470000,526.300014
-8.460000,756.762103
-8.450000,822.241196
-8.440000,73.527854
-8.430000,182.850333
-8.420000,466.016386
-8.410000,559.991957
-8.400000,307.302137
-8.390000,498.287294
-8.380000,784.532573
-8.370000,629.891704
-8.360000,651.849727
-8.350000,345.140881
-8.340000,259.290697
-8.330000,474.145970
-8.320000,-54.381667
-8.310000,819.475639
-8.300000,9.793761
-8.290000,-124.392523
-8.280000,143.776033
-8.270000,341.820317
-8.260000,792.795183
-8.250000,137.821124
-8.240000,150.672556
-8.230000,487.534847
-8.220000,53.397887
-8.210000,-97.255924
-8.200000,-81.627738
-8.190000,150.575972
-8.180000,712.386199
-8.170000,728.862650
-8.160000,388.155984
-8.150000,149.595075
-8.140000,731.729335
-8.130000,786.264762
-8.120000,641.873174
-8.110000,-3.838116
-8.100000,397.155114
-8.090000,559.132789
-8.080000,392.019195
-8.070000,97.985089
-8.060000,543.057455
-8.050000,716.791470
-8.040000,388.911793
-8.030000,770.617954
-8.020000,19.723717
-8.010000,790.338233
-8.000000,201.287367
-7.990000,-164.019901
-7.980000,69.151086
-7.970000,-122.157269
-7.960000,-109.038799
-7.950000,531.898186
-7.940000,-76.175398
-7.930000,532.808366
-7.920000,220.985124
-7.910000,127.882961
-7.900000,262.543905
-7.890000,248.974611
-7.880000,-17.552627
-7.870000,37.102271
-7.860000,142.817200
-7.850000,199.310870
-7.840000,621.542144
-7.830000,410.576032
-7.820000,643.012243
-7.810000,368.746859
-7.800000,-38.047910
-7.790000,202.624042
-7.780000,325.113948
-7.770000,443.796467
-7.760000,231.252151
-7.750000,599.711382
-7.740000,461.065794
-7.730000,182.501435
-7.720000,-111.896502
-7.710000,499.443489
-7.700000,31.154665
-7.690000,268.609479
-7.680000,33.854177
-7.670000,190.918284
-7.660000,675.218501
-7.650000,132.842818
-7.640000,-53.948990
-7.630000,-163.055080
-7.620000,471.429087
-7.610000,575.728629
-7.600000,77.035941
-7.590000,84.417244
-7.580000,267.781076
-7.570000,-129.794768
-7.560000,588.931934
-7.550000,510.213512
-7.540000,208.420586
-7.530000,357.142000
-7.520000,-59.394621
-7.510000,-209.959492
-7.500000,324.811792
-7.490000,609.543590
-7.480000,250.321461
-7.470000,-139.066058
-7.460000,231.712537
-7.450000,325.894965
-7.440000,404.763614
-7.430000,-103.595373
-7.420000,685.883219
-7.410000,675.221240
-7.400000,317.156750
-7.390000,412.655741
-7.380000,336.212611
-7.370000,-136.723056
-7.360000,432.849728
-7.350000,543.826004
-7.340000,-82.797455
-7.330000,689.038852
-7.320000,606.164168
-7.310000,511.902079
-7.300000,610.131806
-7.290000,-219.402497
-7.280000,682.212100
-7.270000,582.532671
-7.260000,466.521438
-7.250000,401.781000
-7.240000,585.968533
-7.230000,375.650516
-7.220000,-71.401920
-7.210000,-86.988766
-7.200000,85.664153
-7.190000,427.053426
-7.180000,285.486225
-7.170000,748.957549
-7.160000,651.120841
-7.150000,-120.764724
-7.140000,186.339902
-7.130000,63.186929
-7.120000,397.903463
-7.110000,714.771521
-7.100000,481.031535
-7.090000,22.883751
-7.080000,175.533701
-7.070000,653.884790
-7.060000,432.190417
-7.050000,-5.382332
-7.040000,410.758251
-7.030000,70.816223
-7.020000,-44.855554
-7.010000,674.844451
-7.000000,328.447649
-6.990000,728.973597
-6.980000,583.813988
-6.970000,-14.393515
-6.960000,673.643266
-6.950000,-222.047155
-6.940000,451.398729
-6.930000,147.655342
-6.920000,-145.483352
-6.910000,-27.046605
-6.900000,-14.559895
-6.890000,567.355645
-6.880000,122.944118
-6.870000,-129.036534
-6.860000,428.157958
-6.850000,65.375059
-6.840000,434.777756
-6.830000,487.012281
-6.820000,112.049747
-6.810000,-148.025040
-6.800000,152.422681
-6.790000,569.438725
-6.780000,132.294887
-6.770000,-6.190249
-6.760000,33.660467
-6.750000,-183.219751
-6.740000,284.549744
-6.730000,526.398269
-6.720000,277.867162
-6.710000,408.641117
-6.700000,233.750995
-6.690000,525.679939
-6.680000,656.530473
-6.670000,639.391702
-6.660000,339.669989
-6.650000,-43.371064
-6.640000,-63.198495
-6.630000,-122.857381
-6.620000,606.340993
-6.610000,480.576148
-6.600000,98.653619
-6.590000,-143.355350
-6.580000,-87.751313
-6.570000,311.691022
-6.560000,-193.109690
-6.550000,107.635326
-6.540000,708.331653
-6.530000,627.237905
-6.520000,-245.257050
-6.510000,684.320871
-6.500000,327.042155
-6.490000,591.717322
-6.480000,539.816714
-6.470000,552.212830
-6.460000,-19.666591
-6.450000,668.257045
-6.440000,-28.339249
-6.430000,-194.020124
-6.420000,-178.258673
-6.410000,453.871016
-6.400000,602.658571
-6.390000,548.893724
-6.380000,399.759164
-6.370000,527.128149
-6.360000,633.529550
-6.350000,-245.585855
-6.340000,-255.816761
-6.330000,45.184845
-6.320000,421.393635
-6.310000,198.170724
-6.300000,92.658994
-6.290000,-71.301639
-6.280000,319.600664
-6.270000,-131.319963
-6.260000,622.065171
-6.250000,293.903695
-6.240000,10.136737
-6.230000,198.874563
-6.220000,-282.917094
-6.210000,-126.796600
-6.200000,668.031016
-6.190000,540.512606
-6.180000,-135.433465
-6.170000,-191.687320
-6.160000,-253.178720
-6.150000,201.783579
-6.140000,110.646086
-6.130000,14.855961
-6.120000,-280.320447
-6.110000,408.654948
-6.100000,166.770576
-6.090000,-101.927882
-6.080000,119.306003
-6.070000,132.297254
-6.060000,265.394450
-6.050000,562.199790
-6.040000,77.451042
-6.030000,262.385145
-6.020000,561.977070
-6.010000,-158.908732
-6.000000,474.943478
-5.990000,-125.238115
-5.980000,189.757071
-5.970000,36.185269
-5.960000,-165.988998
-5.950000,418.142764
-5.940000,453.237936
-5.930000,-95.194242
-5.920000,469.757198
-5.910000,-5.875433
-5.900000,464.870753
-5.890000,318.704773
-5.880000,306.931810
-5.870000,497.076730
-5.860000,122.623754
-5.850000,151.118525
-5.840000,36.628731
-5.830000,465.882654
-5.820000,285.087727
-5.810000,249.967521
-5.800000,622.906777
-5.790000,-167.659611
-5.780000,241.827852
-5.770000,121.353079
-5.760000,-13.302033
-5.750000,215.397019
-5.740000,578.462423
-5.730000,-107.026495
-5.720000,-191.052544
-5.710000,-60.997954
-5.700000,184.586680
-5.690000,72.783179
-5.680000,652.024172
-5.670000,554.775981
-5.660000,453.583427
-5.650000,-101.964944
-5.640000,626.659878
-5.630000,576.963324
-5.620000,619.452112
-5.610000,32.021551
-5.600000,530.994978
-5.590000,238.068536
-5.580000,25.917259
-5.570000,629.359629
-5.560000,68.833131
-5.550000,-84.850438
-5.540000,158.711139
-5.530000,-287.211965
-5.520000,439.712473
-5.510000,-167.416100
-5.500000,167.480319
-5.490000,654.499916
-5.480000,591.236899
-5.470000,545.592932
-5.460000,312.644190
-5.450000,-311.998136
-5.440000,106.330786
-5.430000,536.668293
-5.420000,-330.634946
-5.410000,-279.308688
-5.400000,-324.517844
-5.390000,481.589788
-5.380000,410.083179
-5.370000,517.590755
-5.360000,-139.420838
-5.350000,99.573189
-5.340000,324.297732
-5.330000,-323.874508
-5.320000,397.719848
-5.310000,331.895861
-5.300000,509.533404
-5.290000,534.718902
-5.280000,593.566054
-5.270000,-87.179619
-5.260000,-76.871125
-5.250000,578.153919
-5.240000,375.515068
-5.230000,15.765896
-5.220000,159.164922
-5.210000,-163.125957
-5.200000,279.738223
-5.190000,90.360088
-5.180000,367.657053
-5.170000,-304.079064
-5.160000,-152.834280
-5.150000,126.035341
-5.140000,565.068909
-5.130000,88.118553
-5.120000,346.688862
-5.110000,338.443675
-5.100000,-230.564222
-5.090000,47.606955
-5.080000,49.100669
-5.070000,622.302965
-5.060000,443.785926
-5.050000,-332.119920
-5.040000,499.999806
-5.030000,293.138326
-5.020000,350.834706
-5.010000,360.649412
-5.000000,239.274935
-4.990000,-355.674455
-4.980000,205.820592
-4.970000,400.070097
-4.960000,34.872724
-4.950000,160.704070
-4.940000,-80.503628
-4.930000,313.148262
-4.920000,367.366496
-4.910000,64.627641
-4.900000,-191.156062
-4.890000,-73.287736
-4.880000,307.934503
-4.870000,-11.606300
-4.860000,46.187403
-4.850000,-105.643469
-4.840000,-199.227628
-4.830000,-183.669836
-4.820000,308.750187
-4.810000,-63.606800
-4.800000,251.863694
-4.790000,-159.181260
-4.780000,-281.885697
-4.770000,295.569814
-4.760000,250.284150
-4.750000,-204.297591
-4.740000,325.276720
-4.730000,509.275718
-4.720000,-128.438725
-4.710000,-267.809852
-4.700000,-159.805503
-4.690000,569.450964
-4.680000,449.448373
-4.670000,-137.844104
-4.660000,-82.867764
-4.650000,37.890861
-4.640000,-100.803473
-4.630000,-61.082492
-4.620000,-363.600485
-4.610000,331.026442
-4.600000,-319.986678
-4.590000,185.171273
-4.580000,513.235532
-4.570000,217.237657
-4.560000,-381.527763
-4.550000,415.477936
-4.540000,-284.519635
-4.530000,226.750977
-4.520000,9.524711
-4.510000,-47.553386
-4.500000,489.861107
-4.490000,58.174307
-4.480000,-269.235665
-4.470000,-351.746612
-4.460000,325.922249
-4.450000,139.243400
-4.440000,402.261153
-4.430000,-94.836494
-4.420000,-275.112061
-4.410000,-109.316036
-4.400000,24.039064
-4.390000,-287.266158
-4.380000,400.151596
-4.370000,-142.273465
-4.360000,151.031870
-4.350000,-340.166993
-4.340000,-237.985756
-4.330000,165.194313
-4.320000,-171.530071
-4.310000,352.171539
-4.300000,-260.428356
-4.290000,-22.267609
-4.280000,-165.850252
-4.270000,-249.949646
-4.260000,-342.576708
-4.250000,386.967119
-4.240000,-208.037003
-4.230000,-299.486989
-4.220000,415.262510
-4.210000,0.548253
-4.200000,-45.769234
-4.190000,335.731227
-4.180000,-137.474733
-4.170000,-255.381666
-4.160000,-272.673724
-4.150000,-366.976969
-4.140000,267.194385
-4.130000,-123.846763
-4.120000,301.709109
-4.110000,270.174028
-4.100000,585.970537
-4.090000,-283.777766
-4.080000,-174.466019
-4.070000,380.431433
-4.060000,254.005036
-4.050000,-2.829892
-4.040000,50.245655
-4.030000,545.606038
-4.020000,-260.384836
-4.010000,156.140252
-4.000000,-241.997759
-3.990000,151.864197
-3.980000,319.782950
-3.970000,-210.390169
-3.960000,-275.269716
-3.950000,-146.779511
-3.940000,234.199314
-3.930000,345.870644
-3.920000,585.698734
-3.910000,545.235247
-3.900000,-144.199020
-3.890000,-52.587438
-3.880000,-370.362479
-3.870000,-304.595240
-3.860000,-306.041921
-3.850000,247.669802
-3.840000,-234.268604
-3.830000,-192.533222
-3.820000,-326.781170
-3.810000,110.398058
-3.800000,567.464446
-3.790000,491.759283
-3.780000,118.117016
-3.770000,-215.815219
-3.760000,-103.887860
-3.750000,135.791794
-3.740000,44.560009
-3.730000,400.604633
-3.720000,541.695713
-3.710000,172.635199
-3.700000,493.102363
-3.690000,73.287856
-3.680000,560.933462
-3.670000,448.196801
-3.660000,-198.556332
-3.650000,-294.646399
-3.640000,536.806040
-3.630000,3.140991
-3.620000,-216.315320
-3.610000,572.660696
-3.600000,-96.959335
-3.590000,570.004959
-3.580000,-62.683924
-3.570000,-412.724175
-3.560000,-101.200413
-3.550000,-263.138226
-3.540000,437.738969
-3.530000,188.285253
-3.520000,475.938124
-3.510000,232.090033
-3.500000,484.054266
-3.490000,570.084005
-3.480000,191.423578
-3.470000,273.942199
-3.460000,515.614951
-3.450000,-274.147916
-3.440000,511.313312
-3.430000,382.449569
-3.420000,-212.838622
-3.410000,-7.599042
-3.400000,110.252214
-3.390000,402.985337
-3.380000,478.171015
-3.370000,185.740636
-3.360000,484.661588
-3.350000,-4.983200
-3.340000,53.438566
-3.330000,19.119973
-3.320000,412.755673
-3.310000,459.494023
-3.300000,-146.513747
-3.290000,490.185651
-3.280000,312.058139
-3.270000,-303.769299
-3.260000,-134.429992
-3.250000,188.921021
-3.240000,536.231111
-3.230000,19.871667
-3.220000,12.014460
-3.210000,77.542584
-3.200000,-83.545370
-3.190000,101.730179
-3.180000,-242.440549
-3.170000,-412.767184
-3.160000,1.098607
-3.150000,269.561714
-3.140000,412.591809
-3.130000,546.719534
-3.120000,-403.074125
-3.110000,325.269900
-3.100000,430.830918
-3.090000,-200.456734
-3.080000,99.286894
-3.070000,282.963809
-3.060000,232.493623
-3.050000,-328.755725
-3.040000,207.236819
-3.030000,-292.881816
-3.020000,383.502439
-3.010000,491.266439
-3.000000,-19.451240
-2.990000,356.778455
-2.980000,467.504826
-2.970000,37.215864
-2.960000,468.709407
-2.950000,208.218579
-2.940000,187.525189
-2.930000,408.386915
-2.920000,135.999371
-2.910000,-288.139598
-2.900000,487.978749
-2.890000,-336.846800
-2.880000,339.189958
-2.870000,82.674780
-2.860000,378.204124
-2.850000,-304.643882
-2.840000,-254.993501
-2.830000,63.783204
-2.820000,-352.912940
-2.810000,-111.099687
-2.800000,-101.337316
-2.790000,57.501310
-2.780000,-163.146515
-2.770000,221.157715
-2.760000,-103.400944
-2.750000,417.388768
-2.740000,181.062819
-2.730000,55.742694
-2.720000,66.443555
-2.710000,228.641597
-2.700000,-341.586340
-2.690000,462.187144
-2.680000,170.796254
-2.670000,-401.817141
-2.660000,-197.507207
-2.650000,459.456910
-2.640000,2.808993
-2.630000,205.359083
-2.620000,-84.032913
-2.610000,204.526245
-2.600000,-84.074369
-2.590000,72.159941
-2.580000,238.822026
-2.570000,95.680911
-2.560000,-200.505853
-2.550000,374.771066
-2.540000,-287.478016
-2.530000,361.594508
-2.520000,-283.767823
-2.510000,106.793352
-2.500000,87.156005
-2.490000,182.563773
-2.480000,-316.090678
-2.470000,-201.625667
-2.460000,-113.435641
-2.450000,-393.897897
-2.440000,458.779380
-2.430000,393.939387
-2.420000,287.176471
-2.410000,482.031117
-2.400000,-91.598639
-2.390000,-411.960547
-2.380000,-76.623793
-2.370000,-260.867700
-2.360000,529.662003
-2.350000,-159.407350
-2.340000,70.914498
-2.330000,258.203655
-2.320000,123.911128
-2.310000,255.188473
-2.300000,-285.531735
-2.290000,428.109279
-2.280000,326.752499
-2.270000,246.138809
-2.260000,-293.602376
-2.250000,500.396420
-2.240000,-320.117389
-2.230000,501.502597
-2.220000,192.415734
-2.210000,-423.872290
-2.200000,-419.986860
-2.190000,-350.469228
-2.180000,-436.264333
-2.170000,-258.839398
-2.160000,-395.622555
-2.150000,384.953849
-2.140000,99.512395
-2.130000,110.069140
-2.120000,-194.624922
-2.110000,-436.772145
-2.100000,417.206088
-2.090000,368.284960
-2.080000,96.854738
-2.070000,-261.741823
-2.060000,520.916882
-2.050000,386.674741
-2.040000,404.250232
-2.030000,-442.708545
-2.020000,450.820001
-2.010000,-70.897559
-2.000000,-27.234814
-1.990000,-304.325473
-1.980000,360.673750
-1.970000,166.155094
-1.960000,85.524362
-1.950000,-25.095396
-1.940000,69.499522
-1.930000,-273.097825
-1.920000,-241.946392
-1.910000,-420.597149
-1.900000,452.680713
-1.890000,40.119718
-1.880000,388.027852
-1.870000,214.734812
-1.860000,-102.084746
-1.850000,60.474948
-1.840000,29.201424
-1.830000,231.020608
-1.820000,-367.394841
-1.810000,224.029887
-1.800000,510.036850
-1.790000,27.258024
-1.780000,-25.720959
-1.770000,-93.359988
-1.760000,105.608088
-1.750000,-143.793107
-1.740000,-349.989958
-1.730000,-158.411707
-1.720000,370.955927
-1.710000,-242.741001
-1.700000,-213.348481
-1.690000,278.939642
-1.680000,310.205669
-1.670000,325.708471
-1.660000,-22.599370
-1.650000,99.077579
-1.640000,472.509046
-1.630000,309.311762
-1.620000,290.742205
-1.610000,525.225925
-1.600000,167.027505
-1.590000,307.437295
-1.580000,-135.612515
-1.570000,240.930921
-1.560000,33.191790
-1.550000,-42.596791
-1.540000,306.579825
-1.530000,427.036760
-1.520000,-85.266150
-1.510000,-262.857765
-1.500000,-369.079413
-1.490000,-124.602619
-1.480000,-271.474700
-1.470000,-371.709752
-1.460000,168.410450
-1.450000,247.663672
-1.440000,-392.420464
-1.430000,198.048777
-1.420000,-203.885374
-1.410000,265.721453
-1.400000,-357.273144
-1.390000,432.565056
-1.380000,-415.807288
-1.370000,490.657386
-1.360000,-285.345665
-1.350000,112.979526
-1.340000,132.461660
-1.330000,-209.570011
-1.320000,58.166252
-1.310000,271.307307
-1.300000,-23.845305
-1.290000,488.856019
-1.280000,-331.867830
-1.270000,-468.886226
-1.260000,449.235807
-1.250000,397.562121
-1.240000,-345.599546
-1.230000,252.685189
-1.220000,229.769976
-1.210000,512.524871
-1.200000,-136.441332
-1.190000,-21.743476
-1.180000,-383.630087
-1.170000,-88.622295
-1.160000,382.055837
-1.150000,142.216639
-1.140000,365.931509
-1.130000,21.669097
-1.120000,447.741514
-1.110000,519.550357
-1.100000,477.769707
-1.090000,329.209699
-1.080000,160.270610
-1.070000,93.482341
-1.060000,386.658725
-1.050000,20.561681
-1.040000,329.980417
-1.030000,-279.011095
-1.020000,-358.469021
-1.010000,-444.048349
-1.000000,-272.428427
-0.990000,277.042167
-0.980000,95.299080
-0.970000,94.580851
-0.960000,325.517364
-0.950000,268.754319
-0.940000,-0.085120
-0.930000,185.115525
-0.920000,-345.323246
-0.910000,-285.653756
-0.900000,23.916419
-0.890000,299.093138
-0.880000,-321.658034
-0.870000,-228.781267
-0.860000,236.911309
-0.850000,-439.966703
-0.840000,-156.325730
-0.830000,423.141454
-0.820000,-302.716311
-0.810000,401.042743
-0.800000,-243.948930
-0.790000,-417.936158
-0.780000,-421.605098
-0.770000,-338.287584
-0.760000,47.701304
-0.750000,201.183107
-0.740000,-221.123062
-0.730000,517.350413
-0.720000,-417.811996
-0.710000,124.502243
-0.700000,-172.836107
-0.690000,-126.266392
-0.680000,-26.880620
-0.670000,496.315727
-0.660000,152.286141
-0.650000,-169.223155
-0.640000,37.938188
-0.630000,-350.781734
-0.620000,-81.879939
-0.610000,87.584799
-0.600000,-229.433873
-0.590000,-120.235668
-0.580000,306.585250
-0.570000,4.140870
-0.560000,201.833400
-0.550000,127.118777
-0.540000,-279.230299
-0.530000,72.511835
-0.520000,-150.428667
-0.510000,-265.213319
-0.500000,58.701449
-0.490000,-62.011417
-0.480000,413.567992
-0.470000,-102.646361
-0.460000,-414.947706
-0.450000,-436.028890
-0.440000,-85.466263
-0.430000,-165.264087
-0.420000,-252.608638
-0.410000,108.850147
-0.400000,-345.316326
-0.390000,-29.990409
-0.380000,-295.196814
-0.370000,-464.984778
-0.360000,297.711103
-0.350000,81.024293
-0.340000,-113.325425
-0.330000,13.423956
-0.320000,286.234799
-0.310000,23.342240
-0.300000,177.184567
-0.290000,-430.525715
-0.280000,263.070475
-0.270000,375.347449
-0.260000,-209.389755
-0.250000,-370.600906
-0.240000,-424.992471
-0.230000,-454.377423
-0.220000,-384.017967
-0.210000,142.821359
-0.200000,428.641029
-0.190000,199.170861
-0.180000,127.619232
-0.170000,-65.822367
-0.160000,47.126342
-0.150000,-183.033635
-0.140000,-383.173126
-0.130000,290.467546
-0.120000,204.033538
-0.110000,273.060699
-0.100000,211.287998
-0.090000,94.865195
-0.080000,133.618568
-0.070000,-179.134672
-0.060000,-339.255504
-0.050000,436.243162
-0.040000,232.910274
-0.030000,361.616661
-0.020000,213.417443
-0.010000,201.214859
0.000000,279.788606
0.010000,4.340066
0.020000,225.852513
0.030000,-107.921535
0.040000,-464.141142
0.050000,-137.971504
0.060000,400.109480
0.070000,109.214222
0.080000,-175.896369
0.090000,308.445861
0.100000,326.906966
0.110000,172.911571
0.120000,83.667623
0.130000,470.407605
0.140000,446.872978
0.150000,230.188905
0.160000,273.067936
0.170000,49.743235
0.180000,308.054920
0.190000,-275.656675
0.200000,450.341012
0.210000,-417.978917
0.220000,215.379354
0.230000,424.023717
0.240000,-393.896737
0.250000,-234.792395
0.260000,451.170416
0.270000,275.862455
0.280000,34.346635
0.290000,-200.390496
0.300000,-149.162285
0.310000,-225.260712
0.320000,204.076154
0.330000,-318.537859
0.340000,-18.166171
0.350000,103.180346
0.360000,222.238372
0.370000,142.424855
0.380000,-213.497770
0.390000,472.099142
0.400000,177.023390
0.410000,180.618197
0.420000,-289.772581
0.430000,-163.782728
0.440000,-320.287379
0.450000,274.360966
0.460000,84.663739
0.470000,502.872028
0.480000,-383.508030
0.490000,271.658024
0.500000,-10.546295
0.510000,308.782076
0.520000,175.238446
0.530000,217.214197
0.540000,-279.885132
0.550000,-185.813731
0.560000,-92.203238
0.570000,465.507546
0.580000,-275.647053
0.590000,10.741600
0.600000,208.856812
0.610000,-241.968984
0.620000,63.985129
0.630000,249.582016
0.640000,275.608091
0.650000,474.828132
0.660000,108.263767
0.670000,129.225998
0.680000,88.152176
0.690000,388.778159
0.700000,369.271092
0.710000,468.586171
0.720000,237.074676
0.730000,267.132214
0.740000,473.488721
0.750000,-283.925901
0.760000,-49.514661
0.770000,-159.606020
0.780000,459.077146
0.790000,107.034958
0.800000,50.385344
0.810000,-58.001002
0.820000,-356.921886
0.830000,9.326238
0.840000,-230.076278
0.850000,-268.183176
0.860000,-242.279808
0.870000,278.265574
0.880000,188.740081
0.890000,-167.052296
0.900000,87.020052
0.910000,-60.626612
0.920000,-109.900730
0.930000,-228.313967
0.940000,167.602967
0.950000,-463.860461
0.960000,-15.120277
0.970000,-40.379424
0.980000,0.437977
0.990000,28.737719
1.000000,375.920366
1.010000,518.389727
1.020000,335.617507
1.030000,-444.955340
1.040000,399.863160
1.050000,328.300102
1.060000,-199.465673
1.070000,-76.589176
1.080000,-435.088016
1.090000,90.690513
1.100000,144.515840
1.110000,-383.914635
1.120000,-30.316276
1.130000,468.801420
1.140000,355.088654
1.150000,-66.519329
1.160000,481.501673
1.170000,-106.611849
1.180000,-72.735701
1.190000,-379.944921
1.200000,-264.223550
1.210000,-101.185636
1.220000,-2.596770
1.230000,498.821558
1.240000,-11.548502
1.250000,-123.254025
1.260000,-332.647124
1.270000,-52.581649
1.280000,-180.796535
1.290000,56.070747
1.300000,160.106686
1.310000,-182.303738
1.320000,-159.078173
1.330000,-140.177806
1.340000,-105.424018
1.350000,-377.254214
1.360000,368.850241
1.370000,-330.453326
1.380000,406.232449
1.390000,445.379878
1.400000,-461.962104
1.410000,322.903622
1.420000,129.163223
1.430000,-377.713737
1.440000,-306.187846
1.450000,92.548362
1.460000,4.452866
1.470000,31.834654
1.480000,-165.785135
1.490000,-455.249106
1.500000,0.880726
1.510000,-14.173963
1.520000,133.489211
1.530000,452.439784
1.540000,-272.706187
1.550000,259.446525
1.560000,175.741085
1.570000,-157.598648
1.580000,14.438532
1.590000,461.501617
1.600000,-195.799833
1.610000,215.567651
1.620000,-406.913134
1.630000,-348.345956
1.640000,-451.142893
1.650000,-139.084296
1.660000,-439.135167
1.670000,-229.697341
1.680000,-457.908136
1.690000,128.353622
1.700000,144.614516
1.710000,-331.793481
1.720000,413.074099
1.730000,-190.908031
1.740000,-273.639675
1.750000,-63.183561
1.760000,476.559698
1.770000,424.028043
1.780000,-39.677149
1.790000,-257.758352
1.800000,292.936836
1.810000,155.465321
1.820000,171.285488
1.830000,198.298656
1.840000,-303.794367
1.850000,-317.684232
1.860000,-419.482872
1.870000,0.573264
1.880000,219.092201
1.890000,331.104852
1.900000,-404.771084
1.910000,-28.185649
1.920000,73.983219
1.930000,-389.679256
1.940000,-349.929879
1.950000,-129.902009
1.960000,53.999787
1.970000,100.524072
1.980000,-320.878229
1.990000,132.563254
2.000000,37.338197
2.010000,-6.855797
2.020000,152.131976
2.030000,3.928313
2.040000,-228.532203
2.050000,-126.284415
2.060000,241.473903
2.070000,284.249953
2.080000,-425.770920
2.090000,224.112310
2.100000,420.928159
2.110000,431.482051
2.120000,-225.665799
2.130000,372.661512
2.140000,472.068546
2.150000,-448.404153
2.160000,533.689672
2.170000,322.300946
2.180000,-432.471706
2.190000,-37.670586
2.200000,190.624372
2.210000,-433.145597
2.220000,507.094941
2.230000,376.907170
2.240000,11.877363
2.250000,-201.047019
2.260000,97.145713
2.270000,-252.376688
2.280000,311.906687
2.290000,-45.587167
2.300000,-174.209243
2.310000,331.596444
2.320000,-347.804212
2.330000,444.961444
2.340000,-131.000024
2.350000,-363.172012
2.360000,508.785303
2.370000,251.179935
2.380000,177.442400
2.390000,88.691015
2.400000,431.585952
2.410000,-406.677194
2.420000,-362.129355
2.430000,-101.223789
2.440000,-202.733037
2.450000,-228.861321
2.460000,254.937267
2.470000,7.805825
2.480000,541.233523
2.490000,-145.054771
2.500000,-429.741652
2.510000,548.148809
2.520000,-217.068269
2.530000,-168.426206
2.540000,-432.317517
2.550000,-85.085617
2.560000,491.361637
2.570000,45.660768
2.580000,88.845295
2.590000,527.407078
2.600000,493.123035
2.610000,525.448514
2.620000,443.091316
2.630000,-49.180841
2.640000,-358.864234
2.650000,88.315256
2.660000,-413.869431
2.670000,437.326758
2.680000,-343.744189
2.690000,-386.111418
2.700000,-296.727097
2.710000,416.418793
2.720000,-31.261242
2.730000,-174.494506
2.740000,-297.241037
2.750000,182.796341
2.760000,46.218000
2.770000,319.258538
2.780000,279.096126
2.790000,-8.868308
2.800000,-169.423367
2.810000,332.708572
2.820000,547.661546
2.830000,527.324452
2.840000,-247.588968
2.850000,467.836247
2.860000,467.330626
2.870000,-397.916003
2.880000,408.053130
2.890000,412.376114
2.900000,-364.278185
2.910000,-389.299438
2.920000,-284.837102
2.930000,-380.988556
2.940000,-169.674114
2.950000,301.737940
2.960000,-80.527412
2.970000,115.883039
2.980000,520.215389
2.990000,-383.890850
3.000000,-215.965615
3.010000,143.153142
3.020000,204.545908
3.030000,142.995182
3.040000,-393.537672
3.050000,245.655070
3.060000,-348.036708
3.070000,530.602678
3.080000,566.500597
3.090000,-223.699129
3.100000,114.269485
3.110000,-108.812524
3.120000,118.857837
3.130000,174.148878
3.140000,158.666851
3.150000,-316.619710
3.160000,339.798147
3.170000,122.704978
3.180000,-73.219275
3.190000,-389.417700
3.200000,504.344603
3.210000,-176.968191
3.220000,-262.882177
3.230000,434.686522
3.240000,-388.725957
3.250000,142.191060
3.260000,-198.915503
3.270000,335.324147
3.280000,185.307098
3.290000,509.704371
3.300000,-317.431721
3.310000,334.606391
3.320000,31.275990
3.330000,264.559694
3.340000,441.366171
3.350000,-326.673949
3.360000,560.573416
3.370000,527.273915
3.380000,-191.094929
3.390000,-244.755167
3.400000,562.453099
3.410000,416.048897
3.420000,94.007008
3.430000,-211.241422
3.440000,426.619716
3.450000,205.980565
3.460000,-72.702871
3.470000,-298.288228
3.480000,-243.644794
3.490000,244.211560
3.500000,85.727722
3.510000,21.302233
3.520000,273.777557
3.530000,-127.525194
3.540000,331.486298
3.550000,343.113962
3.560000,-98.893837
3.570000,-79.745319
3.580000,320.724487
3.590000,-145.229351
3.600000,422.715954
3.610000,54.211214
3.620000,-19.197563
3.630000,130.314452
3.640000,240.449621
3.650000,398.363329
3.660000,-37.280387
3.670000,353.119730
3.680000,-196.708832
3.690000,-203.649688
3.700000,443.136768
3.710000,535.885837
3.720000,264.883427
3.730000,-95.231926
3.740000,-208.222851
3.750000,-380.433225
3.760000,303.603334
3.770000,-393.170369
3.780000,562.867622
3.790000,-325.113846
3.800000,-391.526330
3.810000,-378.004423
3.820000,-273.829100
3.830000,-200.661829
3.840000,254.078590
3.850000,516.505967
3.860000,151.865835
3.870000,471.158408
3.880000,352.024109
3.890000,69.966362
3.900000,420.445903
3.910000,101.973306
3.920000,156.786156
3.930000,178.668044
3.940000,395.813538
3.950000,604.281943
3.960000,326.891527
3.970000,353.187750
3.980000,318.462250
3.990000,-214.368420
4.000000,-128.947448
4.010000,65.844392
4.020000,-203.679914
4.030000,97.156737
4.040000,599.206003
4.050000,596.120026
4.060000,103.739199
4.070000,-96.274521
4.080000,-366.847102
4.090000,-309.181204
4.100000,352.917607
4.110000,109.848066
4.120000,463.636648
4.130000,264.111428
4.140000,461.243776
4.150000,-29.394216
4.160000,408.945250
4.170000,480.745174
4.180000,381.493750
4.190000,-278.536422
4.200000,537.134986
4.210000,610.570889
4.220000,-36.258195
4.230000,184.842952
4.240000,579.165141
4.250000,-207.597849
4.260000,565.398755
4.270000,429.569791
4.280000,64.169874
4.290000,12.019100
4.300000,-45.727660
4.310000,-205.725986
4.320000,221.862158
4.330000,-275.995771
4.340000,307.282101
4.350000,187.584360
4.360000,301.881880
4.370000,-368.669867
4.380000,387.664039
4.390000,341.277684
4.400000,515.714592
4.410000,39.814960
4.420000,-64.649498
4.430000,447.360826
4.440000,-11.150718
4.450000,473.478927
4.460000,-265.409677
4.470000,236.711852
4.480000,90.502797
4.490000,371.221807
4.500000,341.813865
4.510000,295.792494
4.520000,485.800675
4.530000,578.052843
4.540000,-174.825119
4.550000,-122.246472
4.560000,92.026800
4.570000,-246.827382
4.580000,257.238654
4.590000,-176.738139
4.600000,-109.675633
4.610000,335.427915
4.620000,-321.167854
4.630000,343.113972
4.640000,231.876236
4.650000,404.085095
4.660000,379.545882
4.670000,36.898373
4.680000,308.506899
4.690000,-269.854845
4.700000,-3.368222
4.710000,72.176762
4.720000,-81.119891
4.730000,60.870344
4.740000,610.361116
4.750000,564.999568
4.760000,-105.365120
4.770000,104.527391
4.780000,334.810542
4.790000,340.543758
4.800000,525.479710
4.810000,1.660020
4.820000,554.851173
4.830000,579.294544
4.840000,607.579545
4.850000,644.704976
4.860000,-79.156022
4.870000,-348.154424
4.880000,40.806143
4.890000,-332.638509
4.900000,645.255495
4.910000,-183.262402
4.920000,581.674626
4.930000,303.768146
4.940000,-99.486076
4.950000,-139.290855
4.960000,129.435411
4.970000,-334.235438
4.980000,-277.065498
4.990000,640.493536
5.000000,648.824392
5.010000,185.169944
5.020000,-176.738603
5.030000,-243.556971
5.040000,-143.650568
5.050000,30.630700
5.060000,75.944306
5.070000,407.765433
5.080000,11.565533
5.090000,124.651839
5.100000,-121.019349
5.110000,113.081210
5.120000,-256.808896
5.130000,644.181281
5.140000,-50.504649
5.150000,209.799327
5.160000,-134.600345
5.170000,268.294239
5.180000,638.670507
5.190000,-313.430311
5.200000,424.832917
5.210000,356.954776
5.220000,193.316803
5.230000,66.752716
5.240000,-228.839728
5.250000,-295.436523
5.260000,-238.208338
5.270000,-279.636767
5.280000,574.888167
5.290000,246.331358
5.300000,-65.991405
5.310000,310.238033
5.320000,-219.973737
5.330000,460.853358
5.340000,29.279564
5.350000,-290.639653
5.360000,57.820232
5.370000,638.938390
5.380000,-290.407978
5.390000,150.694073
5.400000,519.940466
5.410000,-264.491108
5.420000,395.224541
5.430000,216.562000
5.440000,-33.483376
5.450000,287.898512
5.460000,-155.238110
5.470000,645.059521
5.480000,553.097434
5.490000,649.676157
5.500000,411.210689
5.510000,563.698826
5.520000,197.501176
5.530000,-38.620547
5.540000,24.511619
5.550000,222.655001
5.560000,-47.946273
5.570000,461.229350
5.580000,235.706050
5.590000,164.666120
5.600000,455.382003
5.610000,27.903564
5.620000,-216.778793
5.630000,510.638234
5.640000,522.183656
5.650000,49.005924
5.660000,197.367826
5.670000,516.725139
5.680000,413.167010
5.690000,511.224216
5.700000,524.785745
5.710000,-101.888805
5.720000,15.939666
5.730000,90.044614
5.740000,248.623485
5.750000,-166.522860
5.760000,680.299609
5.770000,457.568998
5.780000,-46.071395
5.790000,-24.293098
5.800000,-248.500515
5.810000,651.168613
5.820000,623.542289
5.830000,611.146400
5.840000,-295.349400
5.850000,173.413378
5.860000,421.576951
5.870000,-178.211106
5.880000,439.221740
5.890000,-168.572834
5.900000,-264.995318
5.910000,-252.742593
5.920000,326.518415
5.930000,174.104564
5.940000,281.242103
5.950000,632.662900
5.960000,-139.378416
5.970000,655.757437
5.980000,277.136721
5.990000,-91.065114
6.000000,90.243554
6.010000,-113.540486
6.020000,20.645700
6.030000,-174.356113
6.040000,-70.978575
6.050000,-200.583409
6.060000,-174.458689
6.070000,531.395648
6.080000,-123.547382
6.090000,202.187783
6.100000,200.549842
6.110000,14.571792
6.120000,404.747354
6.130000,104.076155
6.140000,670.895172
6.150000,-67.334862
6.160000,-98.844120
6.170000,288.889702
6.180000,258.932919
6.190000,-50.446258
6.200000,711.608708
6.210000,644.742989
6.220000,85.542108
6.230000,591.010116
6.240000,607.019445
6.250000,508.452287
6.260000,198.724860
6.270000,425.524484
6.280000,65.590266
6.290000,194.799118
6.300000,-84.545574
6.310000,-11.747204
6.320000,251.051952
6.330000,-252.722534
6.340000,367.604997
6.350000,-83.652961
6.360000,593.251768
6.370000,378.385607
6.380000,2.088814
6.390000,253.827694
6.400000,368.004648
6.410000,540.057129
6.420000,622.647000
6.430000,525.842231
6.440000,554.314172
6.450000,738.121494
6.460000,693.625356
6.470000,200.668973
6.480000,-213.794493
6.490000,226.129203
6.500000,-199.649382
6.510000,603.273804
6.520000,191.348686
6.530000,71.489972
6.540000,-247.086059
6.550000,76.707552
6.560000,-77.260443
6.570000,-119.649468
6.580000,331.433824
6.590000,367.937955
6.600000,21.436936
6.610000,521.002194
6.620000,608.237951
6.630000,427.162909
6.640000,-218.985532
6.650000,-65.619166
6.660000,563.983705
6.670000,103.229455
6.680000,154.978379
6.690000,738.054726
6.700000,-166.768570
6.710000,448.982185
6.720000,17.939143
6.730000,712.807095
6.740000,217.022851
6.750000,-174.269981
6.760000,425.174158
6.770000,75.210731
6.780000,79.127788
6.790000,-14.975026
6.800000,-25.677510
6.810000,707.098052
6.820000,100.313891
6.830000,251.655392
6.840000,133.457115
6.850000,-122.396247
6.860000,-116.077541
6.870000,249.371941
6.880000,647.710092
6.890000,278.552480
6.900000,-114.964979
6.910000,737.191005
6.920000,555.051514
6.930000,-30.962663
6.940000,352.355535
6.950000,245.556859
6.960000,439.152725
6.970000,439.097701
6.980000,706.910478
6.990000,402.244593
7.000000,339.737734
7.010000,415.998458
7.020000,76.629353
7.030000,-136.192684
7.040000,290.424184
7.050000,-132.038240
7.060000,161.746796
7.070000,620.250507
7.080000,643.916632
7.090000,18.393370
7.100000,252.838988
7.110000,-205.853783
7.120000,186.251814
7.130000,767.309935
7.140000,568.246209
7.150000,760.037641
7.160000,9.510732
7.170000,176.034590
7.180000,415.336159
7.190000,703.804540
7.200000,631.541233
7.210000,353.644565
7.220000,553.406319
7.230000,-197.590309
7.240000,0.482616
7.250000,-87.444316
7.260000,106.324946
7.270000,632.393137
7.280000,395.446681
7.290000,34.497091
7.300000,268.060253
7.310000,569.301913
7.320000,614.695452
7.330000,-21.314770
7.340000,632.593297
7.350000,-17.107839
7.360000,797.039376
7.370000,489.237630
7.380000,271.956036
7.390000,-3.504335
7.400000,510.284482
7.410000,46.796606
7.420000,10.405431
7.430000,139.819088
7.440000,-98.777396
7.450000,198.243886
7.460000,534.238484
7.470000,-66.836646
7.480000,426.073172
7.490000,-46.074775
7.500000,251.924051
7.510000,700.497858
7.520000,-165.777681
7.530000,83.989834
7.540000,786.131232
7.550000,-3.142164
7.560000,558.644101
7.570000,177.460456
7.580000,154.054091
7.590000,-91.561833
7.600000,331.579423
7.610000,318.024016
7.620000,-28.427203
7.630000,285.802096
7.640000,213.695366
7.650000,-133.226592
7.660000,790.576517
7.670000,195.434498
7.680000,383.518111
7.690000,500.917125
7.700000,727.813699
7.710000,822.820022
7.720000,607.139469
7.730000,379.136112
7.740000,114.029988
7.750000,448.466804
7.760000,692.949013
7.770000,197.791396
7.780000,628.103347
7.790000,401.035050
7.800000,510.130499
7.810000,810.138392
7.820000,114.783342
7.830000,627.162335
7.840000,636.275500
7.850000,151.730677
7.860000,121.479294
7.870000,536.726816
7.880000,252.519981
7.890000,647.804743
7.900000,831.992412
7.910000,197.036686
7.920000,466.894083
7.930000,693.074295
7.940000,60.264002
7.950000,802.802339
7.960000,791.681368
7.970000,517.702818
7.980000,365.323858
7.990000,732.685039
8.000000,429.863053
8.010000,384.965165
8.020000,-52.373976
8.030000,838.422462
8.040000,618.743828
8.050000,736.477765
8.060000,749.446466
8.070000,14.747746
8.080000,-78.532394
8.090000,342.957732
8.100000,319.732253
8.110000,814.920558
8.120000,843.819195
8.130000,687.506000
8.140000,454.305846
8.150000,748.745523
8.160000,9.700898
8.170000,466.642096
8.180000,-12.887565
8.190000,871.551554
8.200000,138.684531
8.210000,-7.325627
8.220000,3.192041
8.230000,488.796511
8.240000,104.695174
8.250000,688.733956
8.260000,426.686846
8.270000,21.521566
8.280000,451.197789
8.290000,297.314505
8.300000,342.788313
8.310000,-71.090611
8.320000,821.579607
8.330000,300.695034
8.340000,247.117880
8.350000,15.679650
8.360000,850.918634
8.370000,698.186560
8.380000,586.505319
8.390000,59.116987
8.400000,407.685652
8.410000,-44.834251
8.420000,787.501424
8.430000,838.976729
8.440000,514.556398
8.450000,429.731061
8.460000,660.006719
8.470000,-78.402565
8.480000,-1.688778
8.490000,84.985232
8.500000,401.465105
8.510000,634.571618
8.520000,716.225293
8.530000,-3.188095
8.540000,675.113461
8.550000,399.947135
8.560000,598.697204
8.570000,462.278836
8.580000,635.445088
8.590000,261.362708
8.600000,273.647482
8.610000,178.250552
8.620000,872.484638
8.630000,720.305193
8.640000,435.717907
8.650000,522.773056
8.660000,892.221046
8.670000,-5.782331
8.680000,468.895408
8.690000,668.974042
8.700000,370.588761
8.710000,673.904017
8.720000,512.386629
8.730000,352.992035
8.740000,850.916649
8.750000,694.750296
8.760000,850.569941
8.770000,331.498469
8.780000,-7.650623
8.790000,-40.171376
8.800000,596.819192
8.810000,71.745139
8.820000,715.018666
8.830000,333.703246
8.840000,789.817588
8.850000,710.708179
8.860000,595.434956
8.870000,92.542181
8.880000,555.195488
8.890000,763.224326
8.900000,131.456834
8.910000,736.842575
8.920000,131.499475
8.930000,79.393299
8.940000,139.307334
8.950000,816.059116
8.960000,543.708129
8.970000,360.769500
8.980000,81.978421
8.990000,657.852398
9.000000,771.173145
9.010000,339.059826
9.020000,890.645515
9.030000,55.300372
9.040000,675.230554
9.050000,710.371148
9.060000,-6.624017
9.070000,13.717559
9.080000,295.948635
9.090000,117.465144
9.100000,767.270351
9.110000,575.624127
9.120000,656.764909
9.130000,519.157665
9.140000,907.499652
9.150000,301.875420
9.160000,4.691059
9.170000,328.497212
9.180000,490.701973
9.190000,495.573247
9.200000,907.934897
9.210000,478.502699
9.220000,453.854486
9.230000,103.456371
9.240000,359.787289
9.250000,649.170992
9.260000,625.592506
9.270000,790.135626
9.280000,810.696902
9.290000,599.185754
9.300000,223.762917
9.310000,332.298109
9.320000,89.176459
9.330000,84.187590
9.340000,778.673134
9.350000,336.051741
9.360000,738.572802
9.370000,838.650639
9.380000,899.050435
9.390000,331.757276
9.400000,861.023239
9.410000,157.971138
9.420000,380.020067
9.430000,440.495637
9.440000,311.849939
9.450000,925.857574
9.460000,593.755573
9.470000,331.319698
9.480000,452.013676
9.490000,152.302519
9.500000,630.628421
9.510000,941.224228
9.520000,160.866467
9.530000,530.128168
9.540000,960.547587
9.550000,389.771411
9.560000,431.333398
9.570000,428.609648
9.580000,929.239295
9.590000,475.770851
9.600000,993.000396
9.610000,536.240234
9.620000,378.109434
9.630000,697.088504
9.640000,527.203675
9.650000,226.970370
9.660000,774.371759
9.670000,307.698530
9.680000,226.192626
9.690000,820.663979
9.700000,291.213283
9.710000,253.583278
9.720000,398.901102
9.730000,752.983742
9.740000,505.148719
9.750000,892.781334
9.760000,403.925882
9.770000,837.233893
9.780000,471.254152
9.790000,787.315074
9.800000,176.210221
9.810000,992.446601
9.820000,174.007418
9.830000,269.470331
9.840000,919.231524
9.850000,236.005235
9.860000,126.734597
9.870000,658.670891
9.880000,575.721244
9.890000,438.347464
9.900000,603.493237
9.910000,866.736181
9.920000,369.035097
9.930000,585.108014
9.940000,301.290685
9.950000,403.320226
9.960000,663.354010
9.970000,712.274934
9.980000,765.712599
9.990000,887.279979
10.000000,964.782447
